指標名,薬局,,,,,
出典,病院なび,,,,,
年次,2020/2/26取得,,,,,
URL,https://byoinnavi.jp/,,,,,
備考,,,,,,
,,,,,,
区,町丁,エリア,住所,緯度,経度,施設名
港区,六本木７丁目,六本木,東京都港区六本木7-14-7,35.663463,139.73175,子安薬局 六本木店
港区,六本木７丁目,六本木,東京都港区六本木7-15-14塩業ビルB1F,35.662482,139.729815,グリーン薬局
港区,六本木７丁目,六本木,東京都港区六本木7-3-12,35.665938,139.728411,イスクラ薬局原宿店
港区,六本木６丁目,六本木,東京都港区六本木6-10-3 六本木ﾋﾙｽﾞ ｳｴｽﾄｳｫ-ｸ 1階,35.659638,139.7286045,トモズ 六本木ヒルズ店
港区,六本木６丁目,六本木,東京都港区六本木6-10-1 六本木ヒルズ森タワー6階,35.66043,139.7292615,ケイリバー調剤薬局
港区,六本木６丁目,六本木,東京都港区六本木6-1-26,35.662878,139.732083,マツモトキヨシ 六本木店
港区,六本木４丁目,六本木,東京都港区六本木4-8-7,35.663949,139.7330685,(株)子安
港区,六本木４丁目,六本木,東京都港区六本木4-11-10,35.664147,139.7316285,富士薬局
港区,六本木３丁目,六本木,東京都港区六本木3-7-1THE ROPPONGI TOKYO201,35.664147,139.734873,(株)平井薬局
港区,六本木３丁目,六本木,東京都港区六本木3-9-10,35.66376,139.733847,平井仁成堂
港区,六本木１丁目,虎ノ門,東京都港区六本木1-6-1,35.664597,139.7394315,薬樹六本木泉ガーデン薬局
千代田区,六番町,-,東京都千代田区六番町3-1玉柳ビルB1F,35.687385,139.735665,いずみ薬局六番町
千代田区,六番町,-,東京都千代田区六番町7金澤ビル1F,35.687331,139.733766,アップル薬局六番町店
新宿区,余丁町,-,東京都新宿区余丁町9-4,35.697843,139.7154285,抜弁天薬局
新宿区,余丁町,-,東京都新宿区余丁町8-6,35.697573,139.713498,レジーナ薬局 東新宿店
新宿区,余丁町,-,東京都新宿区余丁町6-21,35.696943,139.7135115,コスモドラッグ
千代田区,有楽町２丁目,大丸有,東京都千代田区有楽町2-8-5,35.674227,139.7628585,マツモトキヨシ 有楽町二丁目店
千代田区,有楽町２丁目,大丸有,東京都千代田区有楽町2-7-1,35.674209,139.7636595,ビーケアセイジョー 有楽町店
千代田区,有楽町２丁目,大丸有,東京都千代田区有楽町2-10-1,35.674929,139.764366,千代田薬局
千代田区,有楽町１丁目,大丸有,東京都千代田区有楽町1-7-1,35.674704,139.761333,エール薬局日比谷店
千代田区,有楽町１丁目,大丸有,東京都千代田区有楽町1-6-10,35.67366,139.7607345,日比谷プラザ薬局
新宿区,矢来町,-,東京都新宿区矢来町108,35.703792,139.734018,矢来町薬局
新宿区,矢来町,-,東京都新宿区矢来町75-1ライオンズマンション第2-101,35.702397,139.7328345,千代田薬局
新宿区,矢来町,-,東京都新宿区矢来町57,35.703846,139.7325465,中川薬局神楽坂店
中央区,明石町,-,東京都中央区明石町11-15,35.66709,139.7748195,望星築地薬局
中央区,明石町,-,東京都中央区明石町11-3,35.667,139.7751615,つくだ調剤薬局
中央区,明石町,-,東京都中央区明石町11-6加健築地ビル1F,35.666955,139.7756925,加健調剤薬局
中央区,明石町,-,東京都中央区明石町8-1聖路加タワー2F,35.667,139.7786445,薬局エスエルファーマシー
中央区,明石町,-,東京都中央区明石町8-1,35.667,139.7786445,(株)エヌ・エス・ライフコーポレーション
中央区,明石町,-,東京都中央区明石町11-3,35.667,139.7751615,かちどき薬局築地店
港区,麻布十番３丁目,-,東京都港区麻布十番3-7-11 シャトーデスポワール麻布101号,35.653608,139.7347515,トモズ 麻布十番店
港区,麻布十番３丁目,-,東京都港区麻布十番3-14-3,35.652789,139.736322,城南薬局
港区,麻布十番３丁目,-,東京都港区麻布十番3-6-10 キャッスル麻布101,35.653212,139.7346345,十番ファーマシー薬局
港区,麻布十番２丁目,-,東京都港区麻布十番2-2-7,35.655228,139.7356245,南山堂薬局 麻布十番店
港区,麻布十番２丁目,-,東京都港区麻布十番2-18-1,35.654553,139.7359845,薬局麻布十番
港区,麻布十番２丁目,-,東京都港区麻布十番2-8-10,35.65539,139.734459,マツモトキヨシ 麻布十番店
港区,麻布十番２丁目,-,東京都港区麻布十番2-3-9,35.655408,139.73508,くすりの福太郎麻布十番店
港区,麻布十番２丁目,-,東京都港区麻布十番2-20-2,35.655201,139.7367495,ドラッグストア・スマイル 麻布店
港区,麻布十番２丁目,-,東京都港区麻布十番2-11-5,35.653941,139.7343465,スロースタイル薬局
港区,麻布十番１丁目,-,東京都港区麻布十番1-5-2 フローラ麻布1階,35.657577,139.732659,薬局六本木ファーマシィ
港区,麻布十番１丁目,-,東京都港区麻布十番1-8-10,35.655894,139.7354805,永井薬局
港区,麻布十番１丁目,-,東京都港区麻布十番1-7-11,35.65629,139.7345355,オバタ薬局
渋谷区,本町４丁目,-,東京都渋谷区本町4-16-10,35.68788,139.6797075,ハラダ薬局 渋谷本町店
渋谷区,本町２丁目,-,東京都渋谷区本町2-4-6,35.683776,139.68387,不動薬局
渋谷区,本町２丁目,-,東京都渋谷区本町2-43-1,35.68446,139.6842525,ドラッグユニオン
渋谷区,本町２丁目,-,東京都渋谷区本町2-39-19,35.684154,139.683258,(有)佐野薬局
渋谷区,本町２丁目,-,東京都渋谷区本町2-33-5,35.683722,139.6824165,荻原薬局
渋谷区,本町２丁目,-,東京都渋谷区本町2-27-1,35.683398,139.681503,(株)一二三薬局
渋谷区,本町２丁目,-,東京都渋谷区本町2-12-1,35.683038,139.68117,天山堂薬局
渋谷区,本町１丁目,-,東京都渋谷区本町1-4-3,35.681607,139.685076,初台鈴薬局
渋谷区,本町１丁目,-,東京都渋谷区本町1-4-15,35.681508,139.6854135,金輪堂山崎薬局
港区,北青山３丁目,-,東京都港区北青山3-10-6第2秋月ビル1F,35.664264,139.710933,フレンド薬局表参道店
港区,北青山３丁目,-,東京都港区北青山3-3-10 紀文堂ビル1階,35.668134,139.7148525,薬局青山
港区,北青山３丁目,-,東京都港区北青山3-3-13 共和五番館1階,35.667819,139.71447,ニホンドウ漢方ブティック 青山店
港区,北青山３丁目,-,東京都港区北青山3-15-13,35.66421,139.7089935,(株)アクシスアン
港区,北青山２丁目,-,東京都港区北青山2-7-20 第2猪瀬ビル1階,35.670663,139.717035,あすか薬局
港区,北青山２丁目,-,東京都港区北青山2-7-22,35.670852,139.7170845,(有)慶応堂鈴木薬局
港区,北青山２丁目,-,東京都港区北青山2-12-5,35.671113,139.7157525,ナチュラルローソンクオール薬局北青山二丁目店
新宿区,北新宿４丁目,-,東京都新宿区北新宿4-8-18,35.709255,139.693806,セガミ薬局北新宿店
新宿区,北新宿４丁目,-,東京都新宿区北新宿4-8-16,35.709363,139.6934145,ウェルパーク調剤薬局新宿小滝橋店
新宿区,北新宿４丁目,-,東京都新宿区北新宿4-32-10,35.706753,139.689171,丸美屋薬局北新宿店
新宿区,北新宿３丁目,-,東京都新宿区北新宿3-4-1,35.7021,139.694004,スギ薬局北新宿3丁目店
新宿区,北新宿２丁目,-,東京都新宿区北新宿2-21-1-3F,35.696385,139.6884195,アガペ新宿薬局
新宿区,北新宿１丁目,-,東京都新宿区北新宿1-8-17,35.701668,139.6949265,土方薬局
新宿区,北新宿１丁目,-,東京都新宿区北新宿1-1-20新宿三信ビル1F,35.698167,139.6972125,さくら薬局
中央区,豊海町,-,東京都中央区豊海町2-2,35.653851,139.7712645,さくら薬局豊海店
新宿区,弁天町,-,東京都新宿区弁天町87-2,35.701803,139.72698,ミキ薬局牛込店
千代田区,平河町２丁目,-,東京都千代田区平河町2-7-9,35.680419,139.740165,日本調剤永田町薬局
千代田区,平河町２丁目,-,東京都千代田区平河町2-6-1,35.679024,139.7397825,サンリツメディカル(株)
千代田区,平河町１丁目,-,東京都千代田区平河町1-8-8,35.682435,139.741551,茅沼順子薬局
千代田区,平河町１丁目,-,東京都千代田区平河町1-7-17,35.682687,139.7404845,東優企業組合
千代田区,富士見２丁目,-,東京都千代田区富士見2-9-10,35.699445,139.7434275,日本調剤飯田橋西口薬局
千代田区,富士見２丁目,-,東京都千代田区富士見2-3-13,35.699616,139.744557,日本調剤飯田橋薬局
千代田区,富士見２丁目,-,東京都千代田区富士見2-11-12,35.698995,139.7451465,小池薬局
千代田区,富士見２丁目,-,東京都千代田区富士見2-10-21,35.697978,139.742541,日生薬局飯田橋店
新宿区,富久町,-,東京都新宿区富久町17-2,35.692389,139.713291,アイセイ薬局 富久店
新宿区,富久町,-,東京都新宿区富久町13-1,35.692299,139.714686,フラワー薬局
渋谷区,富ケ谷２丁目,-,東京都渋谷区富ヶ谷2-21-8ビルファイブ富ヶ谷1F,35.662005,139.686867,富ケ谷調剤薬局
渋谷区,富ケ谷１丁目,-,東京都渋谷区富ヶ谷1-9-5,35.668161,139.690656,フィールド薬局代々木公園店
渋谷区,富ケ谷１丁目,-,東京都渋谷区富ヶ谷1-53-15,35.669187,139.688154,代々木八幡プラザ薬品
渋谷区,富ケ谷１丁目,-,東京都渋谷区富ヶ谷1-52-1,35.669025,139.688874,まつや薬局
渋谷区,富ケ谷１丁目,-,東京都渋谷区富ヶ谷1-51-8,35.668674,139.6894005,くすりセイジョー代々木八幡店
渋谷区,富ケ谷１丁目,-,東京都渋谷区富ヶ谷1-19-4,35.665866,139.6920735,ハロー薬局
港区,浜松町２丁目,-,東京都港区浜松町2-4-1 世界貿易センタービル14階,35.655606,139.7561535,貿易センタービル調剤薬局
港区,浜松町１丁目,-,東京都港区浜松町1-29-6 浜松町ｾﾝﾄﾗﾙﾋﾞﾙ 1階,35.656902,139.7560455,トモズ 浜松町店
新宿区,百人町３丁目,-,東京都新宿区百人町3-6-17,35.7075,139.697478,サノ薬局
新宿区,百人町２丁目,-,東京都新宿区百人町2-8-15,35.702991,139.6997235,ひろ薬局
新宿区,百人町２丁目,-,東京都新宿区百人町2-7-9,35.704107,139.69953,ワタキュー薬局新大久保店
新宿区,百人町２丁目,-,東京都新宿区百人町2-6-7,35.703945,139.7001555,ひな薬局
新宿区,百人町２丁目,-,東京都新宿区百人町2-5-8,35.703369,139.700097,ブロードウェイ薬局大久保店
新宿区,百人町２丁目,-,東京都新宿区百人町2-5-4,35.703027,139.700043,龍生堂薬局新大久保店
新宿区,百人町２丁目,-,東京都新宿区百人町2-4-2,35.701731,139.699917,マツモトキヨシ 新大久保駅前店
新宿区,百人町２丁目,-,東京都新宿区百人町2-27-2,35.702199,139.6953765,セイジョー 大久保駅前店
新宿区,百人町２丁目,-,東京都新宿区百人町2-12-10,35.704179,139.6991745,ユーアイ薬局新大久保店
新宿区,百人町１丁目,-,東京都新宿区百人町1-15-18,35.701371,139.6987425,(株)龍生堂 本店
千代田区,飯田橋４丁目,-,東京都千代田区飯田橋4-3-2,35.699436,139.7473605,雄飛堂薬局 飯田橋店
千代田区,飯田橋４丁目,-,東京都千代田区飯田橋4-6-9,35.700867,139.7468295,薬ヒグチ 新飯田橋店
千代田区,飯田橋４丁目,-,東京都千代田区飯田橋4-3-2,35.699436,139.7473605,雄飛堂薬局飯田橋店
千代田区,飯田橋３丁目,-,東京都千代田区飯田橋3-7-4彩風館1F,35.701929,139.746645,タンシ薬局
千代田区,飯田橋３丁目,-,東京都千代田区飯田橋3-3-12,35.701074,139.748148,石原薬品(株)
千代田区,飯田橋３丁目,-,東京都千代田区飯田橋3-10-9,35.701065,139.750272,ヘルスケアセイジョー薬局飯田橋店
千代田区,飯田橋２丁目,-,東京都千代田区飯田橋2-11-1,35.699724,139.7496375,自然美薬店
千代田区,飯田橋１丁目,-,東京都千代田区飯田橋1-10-4,35.699373,139.747644,清水薬局
中央区,八丁堀３丁目,-,東京都中央区八丁堀3-8-1,35.675793,139.77459,八丁堀薬局
中央区,八丁堀３丁目,-,東京都中央区八丁堀3-16-7,35.675235,139.775976,すずらん薬局
中央区,八丁堀２丁目,-,東京都中央区八丁堀2-22-11,35.676324,139.7770785,野沢天祐堂漢方薬局
中央区,八丁堀２丁目,-,東京都中央区八丁堀2-19-7,35.675865,139.77621,佐藤薬局
中央区,八重洲２丁目,日八京,東京都中央区八重洲2-1-5,35.679582,139.769946,ハートフル薬局八重洲店
中央区,八重洲２丁目,日八京,東京都中央区八重洲2-1,35.679906,139.769433,マルゼン八重洲北口店
中央区,八重洲１丁目,日八京,東京都中央区八重洲1-6-18,35.681463,139.770027,トーシン薬局
渋谷区,幡ケ谷３丁目,-,東京都渋谷区幡ヶ谷3-8-6,35.680851,139.675878,幡ヶ谷調剤薬局
渋谷区,幡ケ谷３丁目,-,東京都渋谷区幡ヶ谷3-76-1,35.679087,139.670388,ミネ薬品本部
渋谷区,幡ケ谷２丁目,-,東京都渋谷区幡ヶ谷2-9-17,35.678565,139.6773855,六号通り調剤薬局
渋谷区,幡ケ谷２丁目,-,東京都渋谷区幡ヶ谷2-5-7,35.678844,139.677606,幡ヶ谷六号通り薬局
渋谷区,幡ケ谷２丁目,-,東京都渋谷区幡ヶ谷2-5-4,35.678493,139.6776645,くすりセイジョー幡ヶ谷二番店
渋谷区,幡ケ谷２丁目,-,東京都渋谷区幡ヶ谷2-18-17,35.677386,139.674879,クオールこだま薬局
渋谷区,幡ケ谷２丁目,-,東京都渋谷区幡ヶ谷2-18-12,35.677476,139.6745325,ミツヤ薬局
渋谷区,幡ケ谷２丁目,-,東京都渋谷区幡ヶ谷2-13-4,35.677584,139.67685,青山薬局
渋谷区,幡ケ谷２丁目,-,東京都渋谷区幡ヶ谷2-1-1,35.678259,139.6789875,東京漢方(株)
渋谷区,幡ケ谷２丁目,-,東京都渋谷区幡ケ谷2-9-17,35.678565,139.6773855,スマイルドラッグ幡ヶ谷店
港区,白金台４丁目,-,東京都港区白金台4-5-5パレスデュオ白金台1F,35.638767,139.7274975,白金台薬局
港区,白金台４丁目,-,東京都港区白金台4-7-7 姫路マッチ白金台ビル201,35.637921,139.7258235,白金台調剤薬局
港区,白金台３丁目,-,東京都港区白金台3-16-13白金台ウスイビル1F,35.636607,139.7237715,白金台鈴薬局
港区,白金台３丁目,-,東京都港区白金台3-15-6 マスレンビル1階,35.636499,139.7242845,調剤薬局 ツルハドラッグ 白金台店
港区,白金台２丁目,-,東京都港区白金台2-26-10,35.631702,139.729995,ナチュラルローソンクオール薬局高輪台駅前店
港区,白金６丁目,-,東京都港区白金6-21-7 第一東幸ビル1階,35.643978,139.721841,白金中央薬局
港区,白金６丁目,-,東京都港区白金6-6-1マンション芝白金1F106,35.644266,139.7256075,白金台南薬局
港区,白金３丁目,-,東京都港区白金3-2-3ポート白金1F,35.64666,139.7313225,玉菊薬局
港区,白金１丁目,-,東京都港区白金1-28-18,35.643744,139.732938,薮崎信栄堂薬局
港区,白金１丁目,-,東京都港区白金1-25-29,35.644257,139.7315745,パーム薬局
港区,白金１丁目,-,東京都港区白金1-2-11,35.646435,139.7340765,白金ピース薬局
港区,白金１丁目,-,東京都港区白金1-17-2,35.644365,139.7338605,トモズエクスプレス白金プラザ店
新宿区,馬場下町,-,東京都新宿区馬場下町61吉村ビル1F,35.706159,139.7202885,吉村薬局
新宿区,納戸町,-,東京都新宿区納戸町13,35.698392,139.7342025,薬局ラクトファーマシー
新宿区,納戸町,-,東京都新宿区納戸町5,35.697807,139.7344815,萱沼薬局
中央区,入船１丁目,-,東京都中央区入船1-5-11,35.672724,139.777029,桜川薬局
中央区,日本橋本町４丁目,日八京,東京都中央区日本橋本町4-7-13,35.689896,139.774716,(有)成川薬品
中央区,日本橋本町４丁目,日八京,東京都中央区日本橋本町4-4-2,35.690004,139.7727585,ファーマスクエア(株)
中央区,日本橋本町４丁目,日八京,東京都中央区日本橋本町4-2-8,35.689752,139.7739825,(株)ウチダ和漢薬
中央区,日本橋本町３丁目,日八京,東京都中央区日本橋本町3-8-5,35.689554,139.7765115,(株)ジャパンファーマシー
中央区,日本橋本町３丁目,日八京,東京都中央区日本橋本町3-4-3,35.688807,139.7746845,(有)志平商店
中央区,日本橋本町１丁目,日八京,東京都中央区日本橋本町1-6-1,35.686494,139.777128,小太郎漢方製薬(株)東京支店
中央区,日本橋本石町３丁目,日八京,東京都中央区日本橋本石町3-2-12,35.687394,139.7708865,スター薬局
中央区,日本橋堀留町２丁目,-,東京都中央区日本橋堀留町2-6-6,35.689356,139.78089,みらくる薬局 日本橋店
中央区,日本橋堀留町２丁目,-,東京都中央区日本橋堀留町2-8-5デンヨービル1F,35.688735,139.7816955,ヘルス薬局日本橋店
中央区,日本橋堀留町２丁目,-,東京都中央区日本橋堀留町2-1-4,35.687754,139.781241,オキナ薬局
中央区,日本橋堀留町１丁目,-,東京都中央区日本橋堀留町1-10-19,35.688177,139.780017,れんげ薬局 日本橋店
中央区,日本橋富沢町,-,東京都中央区日本橋富沢町12-7,35.690274,139.781493,理研新薬(株)
中央区,日本橋浜町３丁目,-,東京都中央区日本橋浜町3-3-1,35.684802,139.78836,トモズ トルナーレ浜町店
中央区,日本橋浜町２丁目,-,東京都中央区日本橋浜町2-35-7,35.688861,139.7864565,島鶴ファーマシー
中央区,日本橋浜町２丁目,-,東京都中央区日本橋浜町2-31-1,35.687817,139.7870145,しまづる浜町薬局
中央区,日本橋浜町２丁目,-,東京都中央区日本橋浜町2-29-1,35.686782,139.787613,漢方研究有識者会有限責任事業組合
中央区,日本橋浜町２丁目,-,東京都中央区日本橋浜町2-28-6,35.686764,139.788036,桃花満天堂
中央区,日本橋浜町１丁目,-,東京都中央区日本橋浜町1-2-1,35.689518,139.7855925,どらっぐぱぱす 日本橋浜町店
中央区,日本橋馬喰町２丁目,-,東京都中央区日本橋馬喰町2-4-15,35.695935,139.7824875,アポファーマシー
中央区,日本橋馬喰町２丁目,-,東京都中央区日本橋馬喰町2-2-5,35.695467,139.7830185,セントラル薬局 馬喰町店
中央区,日本橋馬喰町１丁目,-,東京都中央区日本橋馬喰町1-6-5,35.692992,139.7823255,(株)紺野薬局
中央区,日本橋大伝馬町,-,東京都中央区日本橋大伝馬町11-8,35.689968,139.780377,テトラ薬局大伝馬町店
中央区,日本橋大伝馬町,-,東京都中央区日本橋大伝馬町1-7,35.689275,139.7784645,(株)メディカルサポート
中央区,日本橋人形町３丁目,-,東京都中央区日本橋人形町3-8-2,35.686674,139.7821995,ドラッグ・オゾン人形町店
中央区,日本橋人形町２丁目,-,東京都中央区日本橋人形町2-1-2,35.684181,139.784436,マツモトキヨシ 水天宮駅前店
中央区,日本橋人形町１丁目,-,東京都中央区日本橋人形町1-14-8 1階,35.683983,139.7839275,トモズ 水天宮前店
中央区,日本橋人形町１丁目,-,東京都中央区日本橋人形町1-4-10人形町センタービル1F,35.685801,139.781772,清心丹薬局
中央区,日本橋人形町１丁目,-,東京都中央区日本橋人形町1-6-9,35.684685,139.782366,健ナビ薬局人形町
中央区,日本橋人形町１丁目,-,東京都中央区日本橋人形町1-4-14,35.685504,139.7815785,(株)テトラメディカルサプライ
中央区,日本橋人形町１丁目,-,東京都中央区日本橋人形町1-18-7,35.685774,139.782519,福住薬局
中央区,日本橋小網町,-,東京都中央区日本橋小網町16-14,35.685189,139.7802735,堺屋薬局
中央区,日本橋小網町,-,東京都中央区日本橋小網町12-7,35.682939,139.781007,(株)ツルハ 関東オフィス
中央区,日本橋小伝馬町,-,東京都中央区日本橋小伝馬町1-3,35.689851,139.777362,信和薬品(株)
中央区,日本橋小舟町,-,東京都中央区日本橋小舟町8-6,35.68581,139.778568,フタバ薬局
中央区,日本橋室町４丁目,日八京,東京都中央区日本橋室町4-6-2,35.689707,139.7727945,スギ薬局日本橋室町店
中央区,日本橋室町２丁目,日八京,東京都中央区日本橋室町2-4-3,35.687403,139.7739195,アイセイ薬局 日本橋室町店
中央区,日本橋室町２丁目,日八京,東京都中央区日本橋室町2-1-1,35.686935,139.7730555,日本調剤 日本橋室町薬局
中央区,日本橋室町１丁目,日八京,東京都中央区日本橋室町1-7-2,35.684901,139.77477,日本橋薬局
中央区,日本橋室町１丁目,日八京,東京都中央区日本橋室町1-5-2,35.685702,139.774491,スギ薬局日本橋三越前店
中央区,日本橋茅場町２丁目,-,東京都中央区日本橋茅場町2-10-5 住友生命茅場町ビル1階,35.678475,139.7787795,トモズ 茅場町店
中央区,日本橋茅場町２丁目,-,東京都中央区日本橋茅場町2-6-8大湯ビル1F,35.679366,139.7786445,ひまわり薬局茅場町店
中央区,日本橋茅場町２丁目,-,東京都中央区日本橋茅場町2-6-8,35.679366,139.7786445,(株)ニック
中央区,日本橋兜町,-,東京都中央区日本橋兜町8-4,35.681526,139.777947,兜町薬局
中央区,日本橋兜町,-,東京都中央区日本橋兜町15-6,35.679213,139.776993,くすりの福太郎 茅場町店
中央区,日本橋蛎殻町２丁目,-,東京都中央区日本橋蛎殻町2丁目5番3号,35.683938,139.785165,有限会社ホリベ商会 水天宮ファーマシィ
中央区,日本橋蛎殻町２丁目,-,東京都中央区日本橋蛎殻町2-2-4,35.682777,139.7856465,イシダ薬局
中央区,日本橋蛎殻町１丁目,-,東京都中央区日本橋蛎殻町1-9-1,35.683029,139.781493,オバタ薬局
中央区,日本橋蛎殻町１丁目,-,東京都中央区日本橋蛎殻町1-39-7,35.683416,139.784553,かねまん薬局総本店水天宮前支店
中央区,日本橋蛎殻町１丁目,-,東京都中央区日本橋蛎殻町1-29-6,35.683299,139.783878,ホリベ薬局 人形町店
中央区,日本橋蛎殻町１丁目,-,東京都中央区日本橋蛎殻町1-19-9,35.68185,139.7833425,チトセ薬局
中央区,日本橋蛎殻町１丁目,-,東京都中央区日本橋蛎殻町1-10-4,35.683515,139.7813535,くま薬局
中央区,日本橋３丁目,日八京,東京都中央区日本橋3-3-14,35.68005,139.7712285,こだま薬局
中央区,日本橋２丁目,日八京,東京都中央区日本橋2-2-20,35.682039,139.771944,トーシン薬局仲通り店
中央区,日本橋２丁目,日八京,東京都中央区日本橋2-15-3,35.68131,139.7761245,イスクラ薬局日本橋店
中央区,日本橋２丁目,日八京,東京都中央区日本橋2-1-16,35.682345,139.772502,二丁目調剤薬局
中央区,日本橋２丁目,日八京,東京都中央区日本橋2-1-10,35.682435,139.7730915,柳屋ビル薬局
中央区,日本橋１丁目,日八京,東京都中央区日本橋1-4-1 日本橋一丁目ビルディング1階,35.682597,139.7745675,トモズ コレド日本橋店
中央区,日本橋１丁目,日八京,東京都中央区日本橋1-7-11,35.683326,139.7754585,スリーアイ薬局日本橋店
千代田区,二番町,-,東京都千代田区二番町14,35.687034,139.7371905,ニュードラッグ二番町日テレ通り店
港区,南麻布５丁目,-,東京都港区南麻布5-15-25広尾’六幸館1FA号,35.651916,139.7224845,株式会社ファーマみらい スクエア薬局広尾店
港区,南麻布５丁目,-,東京都港区南麻布5-16-10,35.651241,139.7232855,(株)フォークチーズ
港区,南麻布４丁目,-,東京都港区南麻布4-1-29 広尾ガーデン1階,35.650161,139.7226375,子安薬局 広尾ガーデン店
港区,南麻布２丁目,-,東京都港区南麻布2-5-21,35.649936,139.7371005,合同会社やよい みなみ薬局
港区,南麻布２丁目,-,東京都港区南麻布2-10-19 ボヌール南麻布101,35.647659,139.735422,クオール薬局 古川橋店
港区,南麻布１丁目,-,東京都港区南麻布1-12-7 エフィーナ南麻布B,35.650044,139.734621,南麻布薬局
港区,南麻布１丁目,-,東京都港区南麻布1-6-36,35.652474,139.735233,日本調剤麻布十番薬局
港区,南青山７丁目,-,東京都港区南青山7-14-7小寺ビル1F,35.656587,139.717845,広尾調剤薬局
港区,南青山７丁目,-,東京都港区南青山7-14-6 本間ビル1階,35.656686,139.7179035,広尾中央薬局
港区,南青山７丁目,-,東京都港区南青山7-14-7 西川ビル1階,35.656587,139.717845,日生薬局 広尾店
港区,南青山７丁目,-,東京都港区南青山7-14-5 石山ビル1・2階,35.656848,139.717989,子安調剤薬局
港区,南青山７丁目,-,東京都港区南青山7-14-8,35.656767,139.7176515,サンドラッグ広尾薬局
港区,南青山５丁目,-,東京都港区南青山5-1-25,35.664624,139.712427,北村薬局
港区,南青山５丁目,-,東京都港区南青山5-6-2 青山菊正ビル1階,35.663904,139.712058,青山大師堂薬局
港区,南青山３丁目,-,東京都港区南青山3-8-40,35.667486,139.7150505,スギ薬局南青山店
港区,南青山３丁目,-,東京都港区南青山3-13-22,35.665749,139.713408,(株)善光堂薬局
港区,南青山２丁目,-,東京都港区南青山2-26-36,35.669961,139.717197,青山薬局 外苑前
港区,南青山２丁目,-,東京都港区南青山2-10-9 青山田中ビル1階,35.670852,139.721085,青山薬局
港区,南青山２丁目,-,東京都港区南青山2-7-27,35.671041,139.722165,(有)カプセルマーケッツ
港区,南青山２丁目,-,東京都港区南青山2-22-15,35.670609,139.7189925,五行堂
港区,南青山２丁目,-,東京都港区南青山2-13-10,35.670582,139.720203,レジーナ薬局青山店
港区,南青山１丁目,-,東京都港区南青山1-1-1新青山ビルヂング西館1F,35.672715,139.7254095,三田薬局
港区,南青山１丁目,-,東京都港区南青山1-15-2,35.669997,139.72644,青山堂
新宿区,南元町,-,東京都新宿区南元町19,35.679168,139.720527,ヒカリ薬局信濃町店
千代田区,内神田３丁目,-,東京都千代田区内神田3-9-5,35.691039,139.7691135,昭和薬品(株)本店
千代田区,内神田３丁目,-,東京都千代田区内神田3-23-5,35.692506,139.7695275,(有)ドラッグセンターマツイ
千代田区,内神田３丁目,-,東京都千代田区内神田3-21-7,35.692758,139.770684,有美薬局
千代田区,内神田３丁目,-,東京都千代田区内神田3-14-8,35.691687,139.769946,(株)ニシザワ
千代田区,内神田２丁目,-,東京都千代田区内神田2-4-1,35.689887,139.7687085,セントラルメデイカル(株)
千代田区,内神田２丁目,-,東京都千代田区内神田2-12-11,35.691498,139.7680155,大数堂薬局
千代田区,内神田２丁目,-,東京都千代田区内神田2-11-8,35.691192,139.767579,くすりのセボン
千代田区,内神田２丁目,-,東京都千代田区内神田2-10-7,35.691183,139.767777,スギ薬局神田西口通り店
千代田区,内幸町２丁目,-,東京都千代田区内幸町2-2-1日本プレスセンタービルB1F,35.67096,139.754232,わたなべ調剤薬局
千代田区,内幸町１丁目,-,東京都千代田区内幸町1-1-6,35.671365,139.757445,(有)はるみ大平商店
千代田区,内幸町１丁目,-,東京都千代田区内幸町1-1-1,35.672256,139.7583495,子安ドラッグストアー帝国ホテル店
渋谷区,道玄坂２丁目,-,東京都渋谷区道玄坂2-6-15,35.659026,139.6984995,道玄坂調剤薬局
渋谷区,道玄坂２丁目,-,東京都渋谷区道玄坂2-7-4,35.658576,139.698666,健美堂薬局
渋谷区,道玄坂２丁目,-,東京都渋谷区道玄坂2-5-10,35.659296,139.6996065,OSドラッグ渋谷店
渋谷区,道玄坂２丁目,-,東京都渋谷区道玄坂2-3-1,35.659296,139.6998765,サンドラッグ渋谷店
渋谷区,道玄坂２丁目,-,東京都渋谷区道玄坂2-25-6,35.660268,139.696587,旭薬局
渋谷区,道玄坂１丁目,-,東京都渋谷区道玄坂1-6-2,35.657901,139.6991565,(有)松岡薬局
渋谷区,道玄坂１丁目,-,東京都渋谷区道玄坂1-2-2,35.657694,139.700313,薬局コスモス渋谷店
渋谷区,道玄坂１丁目,-,東京都渋谷区道玄坂1-2-13,35.657856,139.7001015,薬ヒグチ 渋谷南口店
港区,東麻布２丁目,-,東京都港区東麻布2-5-1 トーカンマンション105,35.657271,139.741695,東麻布薬局
港区,東麻布１丁目,-,東京都港区東麻布1-18-11,35.655822,139.7422755,ナルト薬局
中央区,東日本橋３丁目,-,東京都中央区東日本橋3-7-3,35.691093,139.7841255,(有)川名薬局
中央区,東日本橋２丁目,-,東京都中央区東日本橋2-11-5,35.692965,139.7869875,薬局秀ハーブラウンジ
港区,東新橋１丁目,虎ノ門広域,東京都港区東新橋1-5-2 汐留ｼﾃｨｾﾝﾀ- B2階,35.665344,139.761,トモズ 汐留シティセンター店
港区,東新橋１丁目,虎ノ門広域,東京都港区東新橋1-8-2,35.664921,139.762485,マツモトキヨシカレッタ汐留店
渋谷区,東３丁目,-,東京都渋谷区東3-17-11,35.648775,139.710384,(資)マツオ十字堂薬局
渋谷区,東２丁目,-,東京都渋谷区東2-1-12,35.654904,139.709547,(有)ひかわ薬局
渋谷区,東１丁目,-,東京都渋谷区東1-27-10渋谷TYビル1F,35.654004,139.707567,ときわ堂薬局
新宿区,天神町,-,東京都新宿区天神町65-4,35.705295,139.7300985,石川薬局
中央区,佃２丁目,-,東京都中央区佃2-5-13,35.667045,139.7847465,佃調剤薬局
中央区,佃２丁目,-,東京都中央区佃2-5-11,35.666892,139.784886,さくら薬局中央佃店
中央区,佃２丁目,-,東京都中央区佃2-2-7,35.668467,139.785597,アンソニーズ
中央区,佃２丁目,-,東京都中央区佃2-14-3,35.666046,139.785471,(有)後藤田中商店
中央区,佃１丁目,-,東京都中央区佃1-11-8,35.669709,139.784373,ウィルファーマ(株) アイリス調剤薬局
新宿区,中里町,-,東京都新宿区中里町6-1,35.705916,139.731705,ドラッグストアいわい神楽坂店
新宿区,中里町,-,東京都新宿区中里町10,35.705466,139.731867,中里薬局
新宿区,中落合２丁目,-,東京都新宿区中落合2-4-28中西屋ビル1F,35.720919,139.694355,株式会社ファーマみらい 共創未来 中落合薬局
新宿区,中落合２丁目,-,東京都新宿区中落合2-4-1,35.720766,139.6944045,かちどき薬局落合新店
新宿区,中落合２丁目,-,東京都新宿区中落合2-1-15,35.722053,139.694031,中央薬局
新宿区,中落合１丁目,-,東京都新宿区中落合1-20-16,35.714907,139.6874295,薬ヒグチ中井駅前店
新宿区,中落合１丁目,-,東京都新宿区中落合1-17-8,35.71578,139.688397,薬王堂薬局
中央区,築地６丁目,-,東京都中央区築地6-26-3 DO築地ビル1F,35.665011,139.7717055,株式会社ファーマみらい 共創未来 築地場外市場薬局
中央区,築地６丁目,-,東京都中央区築地6-19-23,35.664102,139.7748015,アオバドラッグ
中央区,築地５丁目,-,東京都中央区築地5-2-1,35.660745,139.77063,(株)新橋薬品商会 中央市場薬舗
中央区,築地４丁目,-,東京都中央区築地4-3-11うねめビル1F,35.666901,139.768371,株式会社ファーマみらい 共創未来 築地4丁目薬局
中央区,築地４丁目,-,東京都中央区築地4-3-8登喜和ビル1F,35.66664,139.7685375,田辺薬局築地市場店
中央区,築地４丁目,-,東京都中央区築地4-6-6,35.666064,139.769586,日本調剤築地薬局
中央区,築地４丁目,-,東京都中央区築地4-3-8,35.66664,139.7685375,(有)アンディ
中央区,築地２丁目,-,東京都中央区築地2-11-26築地MKビル1F,35.669052,139.772034,近藤薬局
中央区,築地２丁目,-,東京都中央区築地2-9-6,35.669025,139.772673,(有)トラヤ薬局
中央区,築地１丁目,-,東京都中央区築地1-12-6,35.668287,139.770531,どらっぐぱぱす 築地店
千代田区,鍛冶町２丁目,-,東京都千代田区鍛冶町2-2-9 第2登栄ビル5階,35.691534,139.7714805,神田登栄薬局
千代田区,鍛冶町２丁目,-,東京都千代田区鍛冶町2-7-15,35.692218,139.7718855,壮快薬局本店
千代田区,鍛冶町２丁目,-,東京都千代田区鍛冶町2-6-1,35.691777,139.7719305,スギメディカル(株)
千代田区,鍛冶町２丁目,-,東京都千代田区鍛冶町2-4-5,35.691399,139.7730915,(株)ビーエヌファルマ
千代田区,鍛冶町２丁目,-,東京都千代田区鍛冶町2-2-2,35.691363,139.7715885,スギ薬局神田駅東口店
千代田区,鍛冶町１丁目,-,東京都千代田区鍛冶町1丁目8-3,35.690859,139.7725785,みらくる薬局 神田店
千代田区,鍛冶町１丁目,-,東京都千代田区鍛冶町1-9-11,35.690859,139.7735595,(株)金井藤吉商店
千代田区,鍛冶町１丁目,-,東京都千代田区鍛冶町1-8-8,35.691075,139.773321,松蔭堂薬品
千代田区,鍛冶町１丁目,-,東京都千代田区鍛冶町1-8-1,35.690706,139.7723625,クオール薬局神田店
千代田区,鍛冶町１丁目,-,東京都千代田区鍛冶町1-7-3,35.690409,139.7708325,昭和薬品神田南口店
千代田区,鍛冶町１丁目,-,東京都千代田区鍛冶町1-7-1,35.690337,139.7712105,かねまん薬局総本店神田駅前支店
千代田区,鍛冶町１丁目,-,東京都千代田区鍛冶町1-5-3,35.689788,139.7713365,三興薬品商会
千代田区,大手町１丁目,大丸有,東京都千代田区大手町1-3-2 大手町ｶﾝﾌｧﾚﾝｽｾﾝﾀ-B1F,35.688636,139.763538,トモズ 大手町カンファレンスセンター店
千代田区,大手町１丁目,大丸有,東京都千代田区大手町1-5-1,35.685594,139.7637945,大手町調剤薬局
渋谷区,大山町,-,東京都渋谷区大山町13-1,35.667333,139.6735425,トモ薬局
新宿区,大久保３丁目,-,東京都新宿区大久保3-10-1-7ニュータウンオオクボ内,35.708391,139.7044125,コスガ薬局
新宿区,大久保２丁目,-,東京都新宿区大久保2-7-12,35.701983,139.70718,つくし薬局
新宿区,大久保２丁目,-,東京都新宿区大久保2-6-17-101,35.701119,139.707846,ひかり薬局 (株)エスシーグループ
新宿区,大久保２丁目,-,東京都新宿区大久保2-1-8,35.701344,139.708413,どらっぐぱぱす 大久保店
新宿区,大久保２丁目,-,東京都新宿区大久保2-1-2,35.700984,139.7085075,あいの薬局
新宿区,大久保１丁目,-,東京都新宿区大久保1-4-15,35.700876,139.706415,ほほえみ薬局
新宿区,大久保１丁目,-,東京都新宿区大久保1-16-19,35.700759,139.703022,金薬局
港区,台場１丁目,-,東京都港区台場1-6-1,35.628453,139.7753505,マツモトキヨシ デックス東京ビーチ店
港区,台場１丁目,-,東京都港区台場1-5-7,35.630307,139.778793,台場薬局
渋谷区,代々木４丁目,-,東京都渋谷区代々木4-6-3,35.678358,139.6930455,くすりセイジョー参宮橋店
渋谷区,代々木３丁目,-,東京都渋谷区代々木3-32-6,35.683533,139.6931265,(株)富山堂薬品
渋谷区,代々木２丁目,-,東京都渋谷区代々木2丁目6-7 セイチビル 8階,35.687988,139.698999,新宿薬局
渋谷区,代々木２丁目,-,東京都渋谷区代々木2-11-14,35.687385,139.6967085,南山堂薬局 新宿南口店
渋谷区,代々木２丁目,-,東京都渋谷区代々木2-9-5,35.688249,139.698936,日本調剤 新宿南口薬局
渋谷区,代々木２丁目,-,東京都渋谷区代々木2-16-9,35.686764,139.695948,栄ファーマシー
渋谷区,代々木１丁目,-,東京都渋谷区代々木1-38-5,35.682903,139.701564,(有)斉藤薬局
渋谷区,代々木１丁目,-,東京都渋谷区代々木1-38-2,35.683191,139.7013885,薬ヒグチ第3代々木店
渋谷区,代々木１丁目,-,東京都渋谷区代々木1-36-6,35.683614,139.701384,ミツヤ代々木調剤薬局
渋谷区,代々木１丁目,-,東京都渋谷区代々木1-32-14,35.682525,139.702212,セイジョーJR代々木駅前店
渋谷区,代々木１丁目,-,東京都渋谷区代々木1-3-5,35.680635,139.7011545,望星代々木薬局
渋谷区,代々木１丁目,-,東京都渋谷区代々木1-10-5,35.682003,139.6981305,遼寧漢方薬局
渋谷区,代官山町,-,東京都渋谷区代官山町17-6,35.649315,139.702842,ハックドラッグ代官山ディセ店
新宿区,早稲田鶴巻町,-,東京都新宿区早稲田鶴巻町545,35.707212,139.7272545,ウラノ薬局
新宿区,早稲田鶴巻町,-,東京都新宿区早稲田鶴巻町518,35.708094,139.7225115,けやき薬局
新宿区,早稲田町,-,東京都新宿区早稲田町67,35.705997,139.721247,(株)サクラドラッグ
新宿区,早稲田町,-,東京都新宿区早稲田町66,35.705952,139.721706,フクロ薬局早稲田店
新宿区,早稲田町,-,東京都新宿区早稲田町12,35.705448,139.722858,(有)花梨堂薬局
渋谷区,千駄ケ谷５丁目,-,東京都渋谷区千駄ヶ谷5-27-7,35.686251,139.7029095,西垣薬局
渋谷区,千駄ケ谷５丁目,-,東京都渋谷区千駄ヶ谷5-26-5,35.685171,139.70331,徐福漢方薬局
渋谷区,千駄ケ谷４丁目,-,東京都渋谷区千駄ヶ谷4-26-11,35.681553,139.703661,かもめ薬局 代々木店
渋谷区,千駄ケ谷４丁目,-,東京都渋谷区千駄ヶ谷4-27-12,35.680932,139.7040795,(株)みすず薬局
渋谷区,千駄ケ谷４丁目,-,東京都渋谷区千駄ヶ谷4-22-6,35.680347,139.7059695,南山堂薬局
渋谷区,千駄ケ谷４丁目,-,東京都渋谷区千駄ヶ谷4-16-7,35.679951,139.707018,カメイ薬局
渋谷区,千駄ケ谷３丁目,-,東京都渋谷区千駄ヶ谷3-27-9,35.677377,139.7080665,あおば薬局北参道
渋谷区,千駄ケ谷３丁目,-,東京都渋谷区千駄ヶ谷3-1-10,35.676036,139.7062935,(株)杏林
渋谷区,千駄ケ谷１丁目,-,東京都渋谷区千駄ヶ谷1-5-2,35.678511,139.709241,ファーマ・シー薬局
渋谷区,千駄ケ谷１丁目,-,東京都渋谷区千駄ヶ谷1-7-8,35.678376,139.7101545,尾沢薬局
渋谷区,千駄ケ谷１丁目,-,東京都渋谷区千駄ヶ谷1-29-4,35.680392,139.709574,枇杷葉温圧(株)健康会
渋谷区,千駄ケ谷１丁目,-,東京都渋谷区千駄ヶ谷1-29-3,35.680518,139.709655,たくみ外苑薬局
新宿区,赤城元町,-,東京都新宿区赤城元町2-4,35.70453,139.7357955,神楽坂漢方有恒薬局
新宿区,赤城下町,-,東京都新宿区赤城下町14,35.70489,139.734162,あかぎ薬局
港区,赤坂９丁目,六本木,東京都港区赤坂9-7-2,35.665164,139.7312865,トモズエクスプレス東京ミッドタウン店
港区,赤坂６丁目,赤坂,東京都港区赤坂6-5-21,35.669709,139.735719,漢方齋成堂
港区,赤坂６丁目,赤坂,東京都港区赤坂6-2-14,35.671527,139.7369205,薬ヒグチ第2赤坂店
港区,赤坂５丁目,赤坂,東京都港区赤坂5-4-6 赤坂三辻ビル地下1階,35.672067,139.735863,赤坂駅前薬局
港区,赤坂５丁目,赤坂,東京都港区赤坂5-5-13,35.670348,139.7337795,スギ薬局赤坂店
港区,赤坂５丁目,赤坂,東京都港区赤坂5-3-1,35.67321,139.73643,マツモトキヨシ赤坂Bizタワー店
港区,赤坂４丁目,赤坂,東京都港区赤坂4-2-8 1階,35.675298,139.735854,トモズ 赤坂店
港区,赤坂３丁目,赤坂,東京都港区赤坂3-12-5 共友ビル1階,35.673651,139.7379015,薬局アポック 赤坂店
港区,赤坂３丁目,赤坂,東京都港区赤坂3-21-16SKI赤坂ビル1F,35.677035,139.7354895,一ツ木薬局
港区,赤坂３丁目,赤坂,東京都港区赤坂3-9-4 サカタニビル3階,35.677053,139.736214,赤坂太陽薬局
港区,赤坂３丁目,赤坂,東京都港区赤坂3-8-7,35.675793,139.7372715,薬屋リッチモンド赤坂店
港区,赤坂３丁目,赤坂,東京都港区赤坂3-12-22,35.674227,139.7376495,アーバン本店
港区,赤坂３丁目,赤坂,東京都港区赤坂3-11-3,35.675046,139.73724,ケンコーコム(株)
港区,赤坂３丁目,赤坂,東京都港区赤坂3-11-14,35.674785,139.737384,サン薬品
港区,赤坂３丁目,赤坂,東京都港区赤坂3-1-6,35.677125,139.7367585,コクミン赤坂店
港区,赤坂２丁目,赤坂,東京都港区赤坂2-13-23,35.672976,139.738104,富谷薬局
港区,赤坂２丁目,赤坂,東京都港区赤坂2-11-15 MY赤坂ビル1階,35.670483,139.741227,エール薬局 赤坂店
港区,赤坂２丁目,赤坂,東京都港区赤坂2-19-2,35.668755,139.7402325,くすりセイジョー赤坂二丁目店
港区,赤坂２丁目,赤坂,東京都港区赤坂2-15-15,35.671599,139.737987,アーバン氷川店
港区,赤坂１丁目,虎ノ門,東京都港区赤坂1-3-5,35.670429,139.744008,フレンド薬局 溜池山王店
港区,赤坂１丁目,虎ノ門,東京都港区赤坂1-5-12,35.670411,139.7429505,溜池薬局
港区,赤坂１丁目,虎ノ門,東京都港区赤坂1-12-32,35.667243,139.739994,コクミン薬局赤坂店
港区,赤坂１丁目,虎ノ門,東京都港区赤坂1-1-12,35.670843,139.744638,(株)シンギー
新宿区,西落合３丁目,-,東京都新宿区西落合3-1-2,35.722773,139.68333,クスリの保健堂西落合店
新宿区,西落合２丁目,-,東京都新宿区西落合2-24-16,35.72019,139.675203,ヤマグチ薬局哲学堂店
新宿区,西落合１丁目,-,東京都新宿区西落合1-28-13,35.723322,139.6787175,(有)西落合薬局
新宿区,西落合１丁目,-,東京都新宿区西落合1-11-26,35.72127,139.6829205,プラス薬局
港区,西麻布４丁目,-,東京都港区西麻布4-18-16,35.658135,139.7187225,シミズファーマシー
港区,西麻布４丁目,-,東京都港区西麻布4-3-8,35.657739,139.7232045,マープル薬局
港区,西麻布４丁目,-,東京都港区西麻布4-2-9,35.65809,139.7232405,鈴木薬局
港区,西麻布３丁目,-,東京都港区西麻布3-1-19,35.660475,139.726692,霞町薬局
港区,西麻布３丁目,-,東京都港区西麻布3-2-20,35.658639,139.7273265,けやき坂薬局
港区,西麻布３丁目,-,東京都港区西麻布3-20-14 梅田ビル1階,35.660232,139.7259405,梅田薬局
港区,西麻布３丁目,-,東京都港区西麻布3-2-22,35.65845,139.7274075,西麻布薬局
港区,西麻布３丁目,-,東京都港区西麻布3-2-16,35.659161,139.727484,田辺薬局西麻布欅店
新宿区,西早稲田３丁目,-,東京都新宿区西早稲田3-12-1,35.709732,139.715388,新星堂薬局
新宿区,西早稲田１丁目,-,東京都新宿区西早稲田1-18-7,35.711235,139.7193525,和泉薬局
千代田区,西神田１丁目,-,東京都千代田区三崎町2-17-5,35.69979538,139.7560926,水道橋薬局
千代田区,西神田１丁目,-,東京都千代田区三崎町3-4-8,35.69979538,139.7560926,(株)山田真薬局
千代田区,西神田１丁目,-,東京都千代田区三崎町3-1-8,35.69979538,139.7560926,(株)クリエイティブサービス
千代田区,西神田１丁目,-,東京都千代田区三崎町2-9-1,35.69979538,139.7560926,薬ヒグチ 水道橋駅前店
千代田区,西神田１丁目,-,東京都千代田区三崎町2-11-10,35.69979538,139.7560926,フクダ薬品
千代田区,西神田１丁目,-,東京都千代田区三崎町1-4-8,35.69979538,139.7560926,第一薬局
新宿区,西新宿８丁目,-,東京都新宿区西新宿8-5-1,35.694612,139.6930365,スギ薬局西新宿医大前店
新宿区,西新宿８丁目,-,東京都新宿区西新宿8-4-1,35.694387,139.6934775,COS-MEDI・Station西新宿メトロピア店
新宿区,西新宿７丁目,-,東京都新宿区西新宿7-20-3,35.69391,139.6952505,ナチュラルローソンクオール薬局西新宿七丁目店
新宿区,西新宿７丁目,-,東京都新宿区西新宿7-2-7,35.69553,139.6985625,薬日本堂(株)新宿店
新宿区,西新宿７丁目,-,東京都新宿区西新宿7-2-4,35.695053,139.698855,セイジョー西新宿7丁目店
新宿区,西新宿７丁目,-,東京都新宿区西新宿7-10-5,35.693892,139.6982205,龍生堂薬局西新宿店
新宿区,西新宿６丁目,-,東京都新宿区西新宿6-6-2,35.693019,139.6908495,子安ドラッグストアー東京ヒルトンホテル店
新宿区,西新宿６丁目,-,東京都新宿区西新宿6-5-1,35.693082,139.6931445,アイン薬局西新宿店
新宿区,西新宿６丁目,-,東京都新宿区西新宿6-4-1,35.693883,139.6931445,龍生堂薬局アイランド店
新宿区,西新宿６丁目,-,東京都新宿区西新宿6-16-6,35.69166,139.6878435,ドラッグセイムス西新宿6丁目薬局
新宿区,西新宿５丁目,-,東京都新宿区西新宿5-9-3 ライオネスコーポ1F,35.691525,139.686426,西新宿5丁目薬局
新宿区,西新宿５丁目,-,東京都新宿区西新宿5-25-11 和光堂西新宿ビル1階,35.689932,139.6843425,トモズ 西新宿五丁目店
新宿区,西新宿５丁目,-,東京都新宿区西新宿5-10-8,35.691066,139.6860795,ハラダ薬局 西新宿店
新宿区,西新宿５丁目,-,東京都新宿区西新宿5-5-3,35.693298,139.686678,伊賀薬局
新宿区,西新宿５丁目,-,東京都新宿区西新宿5-5-2,35.693298,139.686678,鶴薬局
新宿区,西新宿５丁目,-,東京都新宿区西新宿5-16-3,35.693208,139.685634,(株)やまわ長生堂
新宿区,西新宿４丁目,-,東京都新宿区西新宿4-18-6,35.688573,139.687398,(株)サエキ薬品
新宿区,西新宿４丁目,-,東京都新宿区西新宿4-1-10,35.690535,139.6871685,どらっぐぱぱす 西新宿店
新宿区,西新宿３丁目,-,東京都新宿区西新宿3-7-1,35.685504,139.6907685,薬ヒグチパークタワー店
新宿区,西新宿３丁目,-,東京都新宿区西新宿3-20-2,35.683002,139.6867545,トモズエクスプレス東京オペラシティ店
新宿区,西新宿３丁目,-,東京都新宿区西新宿3-11-16,35.685477,139.6885635,西新宿調剤薬局
新宿区,西新宿２丁目,-,東京都新宿区西新宿2-8-2,35.689545,139.69161,ウエルシア薬局都庁第二庁舎店
新宿区,西新宿２丁目,-,東京都新宿区西新宿2-8-1,35.6895,139.691682,ウエルシア薬局都庁第一庁舎店
新宿区,西新宿２丁目,-,東京都新宿区西新宿2-4-1,35.688051,139.6934415,ミキ調剤薬局
新宿区,西新宿２丁目,-,東京都新宿区西新宿2-1-1,35.691903,139.69395,かちどき薬局三井店
新宿区,西新宿１丁目,-,東京都新宿区西新宿1-5-1 ビックカメラ新宿西口店5階,35.692542,139.698657,共創未来 新宿西口薬局
新宿区,西新宿１丁目,-,東京都新宿区西新宿1-18-7,35.688564,139.6981755,(有)博愛堂薬局
新宿区,西新宿１丁目,-,東京都新宿区西新宿1-8-1,35.690814,139.6968705,オーエス薬局
新宿区,西新宿１丁目,-,東京都新宿区西新宿1-7-2,35.691624,139.697334,龍生堂薬局新宿西口店
新宿区,西新宿１丁目,-,東京都新宿区西新宿1-4-2,35.69283,139.6989225,雨宮商事(株)
新宿区,西新宿１丁目,-,東京都新宿区西新宿1-3-15,35.693334,139.6984275,レジーナ薬局新宿西口店
新宿区,西新宿１丁目,-,東京都新宿区西新宿1-26-2,35.69301,139.6953495,ナチュール調剤薬局
新宿区,西新宿１丁目,-,東京都新宿区西新宿1-25-1,35.691705,139.6955205,かちどき薬局センター店
新宿区,西新宿１丁目,-,東京都新宿区西新宿1-24-1,35.690301,139.6958805,ユーアイ薬局
新宿区,西新宿１丁目,-,東京都新宿区西新宿1-15-13,35.689293,139.697334,新井薬師の漢方薬新宿西口店
新宿区,西新宿１丁目,-,東京都新宿区西新宿1-12-11,35.68995,139.697136,ダイコクドラッグ西新宿薬店
新宿区,西新宿１丁目,-,東京都新宿区西新宿1-11-12,35.689986,139.697631,プラザ薬局
新宿区,西新宿１丁目,-,東京都新宿区西新宿1-1-6,35.688546,139.6996875,ダイコクドラッグ新宿南口薬店
新宿区,西新宿１丁目,-,東京都新宿区西新宿1-1-5,35.68923,139.6993635,トモズプラスルミネ新宿店
新宿区,西新宿１丁目,-,東京都新宿区西新宿1-1-4,35.689905,139.699152,ニホンドウ漢方ブティック京王新宿店
新宿区,西新宿１丁目,-,東京都新宿区西新宿1-1,35.689437,139.6990215,エース薬局
港区,西新橋３丁目,虎ノ門,東京都港区西新橋3-19-12メディコ西新橋ビル1F,35.663355,139.7517975,くすり箱薬局
港区,西新橋３丁目,虎ノ門,東京都港区西新橋3-9-3,35.664183,139.7526705,内山薬局
港区,西新橋３丁目,虎ノ門,東京都港区西新橋3-23-8,35.661816,139.7515455,まゆみ薬局 御成門店
港区,西新橋３丁目,虎ノ門,東京都港区西新橋3-23-9 東京御成門ビル1階,35.661663,139.751469,メディトピア新橋薬局
港区,西新橋３丁目,虎ノ門,東京都港区西新橋3-23-5 御成門郵船ビル1階,35.662131,139.7515905,日生薬局 御成門店
港区,西新橋３丁目,虎ノ門,東京都港区西新橋3-19-11 安達ビル1階,35.663499,139.751874,セントラル薬局 新橋店
港区,西新橋３丁目,虎ノ門,東京都港区西新橋3-23-6,35.66196,139.751154,すぎの木薬局
港区,西新橋３丁目,虎ノ門,東京都港区西新橋3-19-14 東京建硝ビル1階,35.663238,139.7517345,さくら薬局 西新橋店
港区,西新橋３丁目,虎ノ門,東京都港区西新橋3-22-8,35.662491,139.7516805,日本調剤御成門薬局
港区,西新橋３丁目,虎ノ門,東京都港区西新橋3-20-1,35.66367,139.7522205,日本調剤 西新橋薬局
港区,西新橋１丁目,虎ノ門,東京都港区西新橋1丁目3番1号,35.669187,139.7544615,アイセイ薬局 内幸町店
港区,西新橋１丁目,虎ノ門,東京都港区西新橋1-17-8 地下1階,35.667252,139.753719,新橋薬局
港区,西新橋１丁目,虎ノ門,東京都港区西新橋1-1-15 物産ビル別館9階,35.670051,139.7534985,西新橋調剤薬局
港区,西新橋１丁目,虎ノ門,東京都港区西新橋1-5-9 TSビル2階,35.669142,139.7538135,西新橋中央薬局
港区,西新橋１丁目,虎ノ門,東京都港区西新橋1-9-2,35.669025,139.7526615,植松薬局
港区,西新橋１丁目,虎ノ門,東京都港区西新橋1-19-13斉木ビル1F,35.668134,139.7528415,虎ノ門鈴薬局 (株)エスシーグループ
港区,西新橋１丁目,虎ノ門,東京都港区西新橋1-7-1,35.669313,139.7517345,(株)サンメディック
港区,西新橋１丁目,虎ノ門,東京都港区西新橋1-17-8,35.667252,139.753719,ドラッグアスティル西新橋店
渋谷区,西原３丁目,-,東京都渋谷区西原3-8-5 アコルデ代々木上原2F,35.669583,139.68081,トモズ アコルデ代々木上原店
渋谷区,西原３丁目,-,東京都渋谷区西原3-7-8,35.669664,139.680441,フラワー薬局代々木上原店
渋谷区,西原３丁目,-,東京都渋谷区西原3-21-1,35.670699,139.681863,代々木にしはら薬局
渋谷区,西原３丁目,-,東京都渋谷区西原3-1-8,35.670294,139.6830285,くすりセイジョー代々木上原店
渋谷区,西原３丁目,-,東京都渋谷区西原3-1-4,35.67024,139.6823175,三松ストアー薬品部上原店
渋谷区,西原２丁目,-,東京都渋谷区西原2-31-4,35.675991,139.6770615,トモズ 幡ヶ谷店
渋谷区,西原２丁目,-,東京都渋谷区西原2-27-4,35.675217,139.678344,研究堂薬品
中央区,晴海１丁目,-,東京都中央区晴海1-8-16 晴海ﾄﾘﾄﾝ2-8,35.65755,139.782357,トモズ 晴海トリトン店
中央区,晴海１丁目,-,東京都中央区晴海1-6-5,35.658828,139.783428,日野薬局晴海店
新宿区,水道町,-,東京都新宿区水道町4番13号,35.708346,139.7363535,アイセイ薬局 江戸川橋店
新宿区,水道町,-,東京都新宿区水道町2-2,35.707734,139.735485,地蔵通り薬局
新宿区,須賀町,-,東京都新宿区須賀町1サンコート四谷1F,35.687367,139.7223675,サン薬局
渋谷区,神南１丁目,-,東京都渋谷区神南1-23-8,35.659611,139.700997,三千里薬品 神南店
千代田区,神田和泉町,-,東京都千代田区神田和泉町1-13-1,35.699247,139.7785725,雄飛堂薬局 秋葉原店
千代田区,神田和泉町,-,東京都千代田区神田和泉町1番地 住友商事神田和泉町ビル1階,35.699157,139.776534,トモズ 神田和泉町店
千代田区,神田和泉町,-,東京都千代田区神田和泉町1-11,35.699607,139.777605,有限会社 二六堂薬局
千代田区,神田練塀町,-,東京都千代田区神田練塀町68,35.700975,139.7748015,(株)ファーコス
千代田区,神田北乗物町,-,東京都千代田区神田北乗物町16,35.692452,139.7734425,(有)エースメディカル
千代田区,神田平河町,-,東京都千代田区神田平河町1,35.697654,139.775868,あつみ調剤薬局
千代田区,神田淡路町２丁目,-,東京都千代田区神田淡路町2-23Hビル1F,35.696799,139.766301,薬局淡路町ファーマシー
千代田区,神田淡路町２丁目,-,東京都千代田区神田淡路町2-6,35.696871,139.768083,ロイヤル薬局神田淡路町店
千代田区,神田多町,-,東京都千代田区神田多町2-7-5,35.693595,139.7691765,アサヒ薬局
千代田区,神田須田町２丁目,-,東京都千代田区神田須田町2-15,35.696358,139.7739555,若草漢方薬局
千代田区,神田須田町１丁目,-,東京都千代田区神田須田町1-16,35.695332,139.770648,のぞみ薬局須田町店
千代田区,神田須田町１丁目,-,東京都千代田区神田須田町1-12,35.695485,139.7694105,神田宝仙堂
千代田区,神田神保町２丁目,-,東京都千代田区神田神保町2-9,35.69535,139.7558835,セガミ薬局神保町店
千代田区,神田神保町２丁目,-,東京都千代田区神田神保町2-26,35.697951,139.7569095,裕堂
千代田区,神田神保町２丁目,-,東京都千代田区神田神保町2-24-1,35.69769,139.756977,マツモトキヨシ 神保町店
千代田区,神田神保町２丁目,-,東京都千代田区神田神保町2-21-9,35.695071,139.756743,(株)イムノ・ジャパン
千代田区,神田神保町２丁目,-,東京都千代田区神田神保町2-1,35.695629,139.757904,マツモトキヨシMediプラスマツキヨ都営神保町店
千代田区,神田神保町１丁目,-,東京都千代田区神田神保町1-35-1達磨ビル1F,35.694765,139.759281,いちご薬局神保町
千代田区,神田神保町１丁目,-,東京都千代田区神田神保町1-21-2,35.695251,139.7608515,有限会社 東京薬局
千代田区,神田神保町１丁目,-,東京都千代田区神田神保町1-48,35.698203,139.7588085,(有)興生堂薬局
千代田区,神田神保町１丁目,-,東京都千代田区神田神保町1-3,35.695512,139.7597445,コスメティック&ドラッグサクラ神保町店
千代田区,神田神保町１丁目,-,東京都千代田区神田神保町1-10-1,35.696178,139.758273,(株)キムラヤ 薬・化粧品専門店SD神保町店
千代田区,神田松永町,-,東京都千代田区神田松永町11,35.699634,139.774545,ファーコスアキバ薬局
千代田区,神田小川町３丁目,-,東京都千代田区神田小川町3-8,35.695917,139.7617155,アイセイ薬局 駿河台店
千代田区,神田小川町３丁目,-,東京都千代田区神田小川町3-2-1,35.694666,139.7632905,小川町薬局(有)
千代田区,神田小川町２丁目,-,東京都千代田区神田小川町2-1,35.694198,139.7649915,くすりの福太郎 神田小川町店
千代田区,神田小川町１丁目,-,東京都千代田区神田小川町1-5-1,35.694351,139.7656935,十字堂薬局
千代田区,神田小川町１丁目,-,東京都千代田区神田小川町1-1,35.694945,139.766823,薬ヒグチ淡路町店
千代田区,神田駿河台４丁目,-,東京都千代田区神田駿河台4-3新お茶の水ビルB1F,35.6987372,139.7658,新お茶の水薬局
千代田区,神田駿河台２丁目,-,東京都千代田区神田駿河台2-3-10-1F,35.700777,139.7610225,和同会薬局駿河台店
千代田区,神田駿河台２丁目,-,東京都千代田区神田駿河台2-5-7,35.700174,139.761684,日本調剤駿河台薬局
千代田区,神田駿河台２丁目,-,東京都千代田区神田駿河台2-4-1,35.699607,139.763484,さくら薬局 御茶ノ水駅前店
千代田区,神田駿河台２丁目,-,東京都千代田区神田駿河台2-4,35.699499,139.7635875,二六堂薬局お茶の水店
千代田区,神田駿河台２丁目,-,東京都千代田区神田駿河台2-3,35.701038,139.7609595,お茶の水駅前薬局
千代田区,神田駿河台２丁目,-,東京都千代田区神田駿河台2-2-29,35.698788,139.763052,キク調剤薬局
千代田区,神田駿河台２丁目,-,東京都千代田区神田駿河台2-2,35.698932,139.763493,(有)三崎薬局
千代田区,神田駿河台２丁目,-,東京都千代田区神田駿河台2-10-6,35.698869,139.764114,(株)イプシロンケア
千代田区,神田駿河台２丁目,-,東京都千代田区神田駿河台2-10,35.698905,139.7642895,コトブキ調剤薬局お茶の水店
千代田区,神田駿河台２丁目,-,東京都千代田区神田駿河台2-1-15,35.699742,139.7631285,日本調剤お茶の水中央薬局
千代田区,神田駿河台２丁目,-,東京都千代田区神田駿河台2-1-10,35.699544,139.763034,スーパードラッグお茶の水店
千代田区,神田佐久間町３丁目,-,東京都千代田区神田佐久間町3-27-3,35.698545,139.778739,日生薬局秋葉原店
千代田区,神田佐久間町１丁目,-,東京都千代田区神田佐久間町1-23,35.698302,139.775175,シティドラック
千代田区,神田佐久間町１丁目,-,東京都千代田区神田佐久間町1-21,35.697753,139.7751795,あつみ薬品(株)
千代田区,神田紺屋町,-,東京都千代田区神田紺屋町5T・Mビル1F,35.69191535,139.7740908,神田いちご薬局
千代田区,神田紺屋町,-,東京都千代田区神田紺屋町47,35.692902,139.772961,コーエイドラッグ神田店
千代田区,神田紺屋町,-,東京都千代田区神田紺屋町34,35.692767,139.7734065,トータルサポート(株)
千代田区,神田錦町３丁目,-,東京都千代田区神田錦町3-9,35.692182,139.759569,(有)後藤薬局
千代田区,神田錦町１丁目,-,東京都千代田区神田錦町1-5,35.691885,139.763673,田辺薬局 神田錦町店
千代田区,神田錦町１丁目,-,東京都千代田区神田錦町1-6-2,35.692875,139.764663,神田薬局
千代田区,神田錦町１丁目,-,東京都千代田区神田錦町1-4,35.692875,139.7639925,東京中薬針灸研究所
千代田区,神田錦町１丁目,-,東京都千代田区神田錦町1-1,35.692236,139.76451,(株)ファーマシー企画
渋谷区,神山町,-,東京都渋谷区神山町7-13,35.664453,139.6934505,石田薬局
渋谷区,神宮前６丁目,-,東京都渋谷区神宮前6-35-3コープオリンピア1F,35.66925,139.7030175,鈴薬局 原宿店
渋谷区,神宮前６丁目,-,東京都渋谷区神宮前6-13-8,35.666667,139.705371,神宮前ファーマシー
渋谷区,神宮前５丁目,-,東京都渋谷区神宮前5-50-6,35.663058,139.7099925,薬ヒグチ青山店
渋谷区,神宮前４丁目,-,東京都渋谷区神宮前4-6-7,35.668278,139.7121165,原宿薬局
渋谷区,神宮前４丁目,-,東京都渋谷区神宮前4-11-6,35.666712,139.7101095,キリン堂薬局表参道店
渋谷区,神宮前２丁目,-,東京都渋谷区神宮前2-18-11 3F,35.672265,139.709286,鈴薬局 神宮前店
渋谷区,神宮前２丁目,-,東京都渋谷区神宮前2-15-7,35.673813,139.71105,神宮前薬局
渋谷区,神宮前１丁目,-,東京都渋谷区神宮前1-19-14,35.672139,139.7034,原宿サンキュードラッグ
渋谷区,神宮前１丁目,-,東京都渋谷区神宮前1-16-17,35.671095,139.7044395,マツモトキヨシ 原宿竹下通り店
渋谷区,神宮前１丁目,-,東京都渋谷区神宮前1-13-14,35.669601,139.703823,アインズ&トルペ原宿クエスト店
新宿区,神楽坂６丁目,-,東京都新宿区神楽坂6-24,35.703468,139.7366145,ミキファーマシー神楽坂店
新宿区,神楽坂５丁目,-,東京都新宿区神楽坂5-28,35.701992,139.7383695,薬ヒグチ神楽坂店
新宿区,神楽坂５丁目,-,東京都新宿区神楽坂5-24,35.702217,139.7379105,くすりセイジョー神楽坂上店
新宿区,神楽坂５丁目,-,東京都新宿区神楽坂5-12-8,35.702163,139.7385135,くすりセイジョー神楽坂店
新宿区,神楽坂３丁目,-,東京都新宿区神楽坂3-6,35.700975,139.7401965,アイセイ薬局神楽坂店
新宿区,神楽坂３丁目,-,東京都新宿区神楽坂3-2-8,35.701461,139.740381,(株)ドラッグ・オゾン 神楽坂店
新宿区,神楽坂１丁目,-,東京都新宿区神楽坂1-12,35.700714,139.7425095,薬ヒグチ飯田橋店
中央区,新富２丁目,-,東京都中央区新富2-14-5,35.670645,139.774869,ヘルス薬局 新富店
中央区,新富１丁目,-,東京都中央区新富1-19-5,35.673129,139.7759805,阪神薬局
中央区,新富１丁目,-,東京都中央区新富1-17-8,35.671716,139.7752515,ハコネ薬局
中央区,新川２丁目,-,東京都中央区新川2-22-6,35.673894,139.782384,越前堀薬局プッシュ
中央区,新川２丁目,-,東京都中央区新川2-17-12Eビル1F,35.674911,139.781871,越前堀薬局
中央区,新川２丁目,-,東京都中央区新川2-16-11,35.675226,139.782735,新川調剤薬局
中央区,新川１丁目,-,東京都中央区新川1-8-15,35.677719,139.7832255,石倉商店
新宿区,新小川町,-,東京都新宿区新小川町6-38,35.707113,139.7429325,アイ薬局
新宿区,新宿７丁目,-,東京都新宿区新宿7-11-1,35.697906,139.7125755,(有)ナガノ薬局
新宿区,新宿５丁目,-,東京都新宿区新宿5-3-4,35.69175,139.710798,ナチュニックライフ(株)
新宿区,新宿５丁目,-,東京都新宿区新宿5-18-8,35.694621,139.7056545,みすず薬局
新宿区,新宿５丁目,-,東京都新宿区新宿5-11-4,35.692137,139.7076885,龍生堂薬局東新宿店
新宿区,新宿４丁目,-,東京都新宿区新宿4-4-1,35.687961,139.7031075,一心堂薬局新宿店
新宿区,新宿３丁目,-,東京都新宿区新宿三丁目32番8号 新宿中央口ビル2階,35.690328,139.7040975,新宿3丁目薬局
新宿区,新宿３丁目,-,東京都新宿区新宿3-32-10,35.690049,139.704057,新宿鈴井薬局
新宿区,新宿３丁目,-,東京都新宿区新宿3-3-9,35.690526,139.706136,いまくま薬局
新宿区,新宿３丁目,-,東京都新宿区新宿3-29-13,35.691498,139.7029275,OSドラッグ新宿店
新宿区,新宿３丁目,-,東京都新宿区新宿3-28-1,35.690778,139.70322,蓬莱薬品
新宿区,新宿３丁目,-,東京都新宿区新宿3-26-14,35.691786,139.702365,サンドラッグ新宿東口店
新宿区,新宿３丁目,-,東京都新宿区新宿3-23-4,35.693037,139.7005875,あかひげ薬局新宿店
新宿区,新宿３丁目,-,東京都新宿区新宿3-23-12,35.693361,139.7011455,ミネ薬品新宿東口店
新宿区,新宿３丁目,-,東京都新宿区新宿3-22-6,35.693172,139.701312,マツモトキヨシ 新宿東口店
新宿区,新宿３丁目,-,東京都新宿区新宿3-22-11,35.693244,139.7016945,龍生堂薬局新宿中央店
新宿区,新宿３丁目,-,東京都新宿区新宿3-21-6,35.693064,139.7023065,龍生堂薬局新宿店
新宿区,新宿３丁目,-,東京都新宿区新宿3-17-7,35.692254,139.7030085,セイセイドー紀伊國屋店
新宿区,新宿３丁目,-,東京都新宿区新宿3-17-3,35.691723,139.7033955,マツモトキヨシ新宿三丁目店
新宿区,新宿３丁目,-,東京都新宿区新宿3-14-22,35.692299,139.7054835,ミネ薬品新宿明治通店
新宿区,新宿３丁目,-,東京都新宿区新宿3-12-7,35.69202,139.7063025,漢方の氣生
新宿区,新宿３丁目,-,東京都新宿区新宿3-11-6,35.691813,139.7064105,アポロ薬局 新宿店
新宿区,新宿３丁目,-,東京都新宿区新宿3-11-10,35.691678,139.7065365,メディカル・アート・ハウス
新宿区,新宿２丁目,-,東京都新宿区新宿2-4-1 第22宮廷マンション108,35.688744,139.7082735,アーク薬局 新宿御苑店
新宿区,新宿２丁目,-,東京都新宿区新宿2-5-10 成信ﾋﾞﾙ1F,35.689491,139.707009,トモズ 新宿二丁目店
新宿区,新宿２丁目,-,東京都新宿区新宿2-12-4,35.690562,139.7073285,みらくる薬局 新宿三丁目店
新宿区,新宿２丁目,-,東京都新宿区新宿2-15-27,35.69085,139.709853,新宿ヒカリ薬局
新宿区,新宿２丁目,-,東京都新宿区新宿2-15-1,35.6904,139.709835,つばさ薬局新宿店
新宿区,新宿２丁目,-,東京都新宿区新宿2-12-17,35.69031,139.7079765,一番薬店
新宿区,新宿２丁目,-,東京都新宿区新宿2-11-2,35.690085,139.7076255,エアロ調剤薬局
新宿区,新宿１丁目,-,東京都新宿区新宿1-8-1,35.688636,139.711734,マミー薬局新宿御苑店
新宿区,新宿１丁目,-,東京都新宿区新宿1-19-6,35.689653,139.7123865,薬ヒグチ新宿御苑前店
港区,新橋６丁目,虎ノ門広域,東京都港区新橋6-14-7,35.661852,139.752999,れんが通り薬局
港区,新橋６丁目,虎ノ門広域,東京都港区新橋6-2-6,35.662248,139.753017,大黒堂薬局
港区,新橋５丁目,虎ノ門広域,東京都港区新橋5-14-10 新橋スクエアビル8階,35.661924,139.7561175,みらい薬局
港区,新橋５丁目,虎ノ門広域,東京都港区新橋5-29-3,35.662509,139.755933,カネコ薬局
港区,新橋４丁目,虎ノ門広域,東京都港区新橋4-18-2,35.664606,139.7573505,フジドラッグ
港区,新橋４丁目,虎ノ門広域,東京都港区新橋4-26-4,35.664093,139.755501,メディスンショップジャパン(株)
港区,新橋３丁目,虎ノ門広域,東京都港区新橋3-2-4 MKプレイス1階,35.666316,139.754601,たんぽぽ薬局 新橋店
港区,新橋３丁目,虎ノ門広域,東京都港区新橋3-19-2,35.665074,139.7575575,バンビー薬局
港区,新橋２丁目,虎ノ門広域,東京都港区新橋2-16-1 ニュー新橋ビル344,35.666271,139.757427,バンビー薬局 ニュー新橋ビル店
港区,新橋２丁目,虎ノ門広域,東京都港区新橋2-16-1 ニュー新橋ビル345,35.666271,139.757427,新橋調剤薬局
港区,新橋２丁目,虎ノ門広域,東京都港区新橋2-15-16 マクゲンビル1階,35.666586,139.755915,あかひげ薬局
港区,新橋２丁目,虎ノ門広域,東京都港区新橋2-7-1,35.667387,139.7576655,マツモトキヨシ 新橋駅前店
港区,新橋２丁目,虎ノ門広域,東京都港区新橋2-17-32,35.666865,139.7578545,ドラッグ・イン・キムラヤ新橋日比谷口店
港区,新橋２丁目,虎ノ門広域,東京都港区新橋2-16-1-140,35.666271,139.757427,フタバ薬品
港区,新橋２丁目,虎ノ門広域,東京都港区新橋2-16-1,35.666271,139.757427,飛竜薬房
港区,新橋１丁目,虎ノ門広域,東京都港区新橋1-18-12 新橋一丁目ビル1階,35.668296,139.7563785,宮崎薬局
港区,新橋１丁目,虎ノ門広域,東京都港区新橋1-4-3芝ビル1F,35.667837,139.7594025,芝口薬局
港区,新橋１丁目,虎ノ門広域,東京都港区新橋1-17-2,35.668413,139.7571435,キリン堂薬局・新橋店
新宿区,信濃町,-,東京都新宿区信濃町11,35.683983,139.7194245,シナノ薬局
新宿区,上落合３丁目,-,東京都新宿区上落合3-10-1,35.710326,139.683582,ユニバーサルドラッグ落合店
新宿区,上落合２丁目,-,東京都新宿区上落合2-18-9,35.71452,139.687245,株式会社ファーマみらい 共創未来 中井駅前薬局
新宿区,上落合２丁目,-,東京都新宿区上落合2-25-3 伊藤ビル 1階,35.711019,139.6868985,株式会社日本メディケートプラン 上落合2丁目薬局
新宿区,上落合２丁目,-,東京都新宿区上落合2-18-12,35.714556,139.687371,ミキ薬局中井店
新宿区,上落合１丁目,-,東京都新宿区上落合1-1-4,35.714628,139.693212,ケイワ薬局 落合店(株)エスシーグループ
新宿区,上落合１丁目,-,東京都新宿区上落合1-30-18,35.710974,139.6913085,レジーナ薬局上落合店
新宿区,上落合１丁目,-,東京都新宿区上落合1-24-8,35.713953,139.690404,昭和薬品
新宿区,上落合１丁目,-,東京都新宿区上落合1-13-5,35.714808,139.691988,こぐま薬局
渋谷区,上原３丁目,-,東京都渋谷区上原3-23-1,35.664219,139.6772505,漢方薬の救仁堂
渋谷区,上原２丁目,-,東京都渋谷区上原2-43-7,35.667261,139.68153,どらっぐぱぱす上原店
渋谷区,上原１丁目,-,東京都渋谷区上原1-33-14,35.669286,139.6809045,代々木上原駅前薬局
渋谷区,上原１丁目,-,東京都渋谷区上原1-35-3,35.669538,139.682115,(有)上原堂薬局
渋谷区,上原１丁目,-,東京都渋谷区上原1-34-1,35.669421,139.6821465,慶応堂薬局
渋谷区,上原１丁目,-,東京都渋谷区上原1-17-7,35.66898,139.6825605,セイジョー薬局代々木上原南店
渋谷区,松涛２丁目,-,東京都渋谷区松濤2-15-5 秀和松濤レジデンス106号,35.658288,139.6915875,松濤薬局
渋谷区,松涛１丁目,-,東京都渋谷区松濤1-28-8,35.659503,139.694175,平田薬局
中央区,勝どき３丁目,-,東京都中央区勝どき3-5-5,35.658702,139.7760345,アイセイ薬局 勝どき店
中央区,勝どき１丁目,-,東京都中央区勝どき1-3-1 1F,35.660736,139.77684,勝どき一丁目薬局
渋谷区,初台２丁目,-,東京都渋谷区初台2-20-1,35.677737,139.6867815,北原薬品
渋谷区,初台１丁目,-,東京都渋谷区初台1-39-12,35.680194,139.6870875,ドラッグストア・スマイル初台店
渋谷区,初台１丁目,-,東京都渋谷区初台1-37-2,35.680212,139.6865115,クオール薬局初台店
渋谷区,初台１丁目,-,東京都渋谷区初台1-29-2,35.678592,139.682187,百草堂大薬房
渋谷区,初台１丁目,-,東京都渋谷区初台1-14-8,35.67915,139.6860255,宮田薬局
渋谷区,渋谷３丁目,-,東京都渋谷区渋谷3-10-13 渋谷Rサンケイビル1F,35.656767,139.7050965,トモズ 渋谷並木橋店
渋谷区,渋谷３丁目,-,東京都渋谷区渋谷3-9-6,35.657253,139.704984,ハーブ薬局
渋谷区,渋谷３丁目,-,東京都渋谷区渋谷3-27-15,35.656056,139.704642,いまくま薬局
渋谷区,渋谷２丁目,-,東京都渋谷区渋谷2-24-1,35.658729,139.701267,ニホンドウ漢方ブティック東急東横店
渋谷区,渋谷２丁目,-,東京都渋谷区渋谷2-2-2,35.660763,139.7085345,ぱぱす薬局青山店
渋谷区,渋谷２丁目,-,東京都渋谷区渋谷2-19-15,35.659593,139.703769,薬ヒグチ渋谷店
渋谷区,渋谷２丁目,-,東京都渋谷区渋谷2-15-1,35.658792,139.705317,ミキ薬局渋谷店
渋谷区,渋谷２丁目,-,東京都渋谷区渋谷2-10-16,35.66043,139.7069055,青山通り薬局
渋谷区,渋谷１丁目,-,東京都渋谷区渋谷1-5-5デュラス青山1F,35.661078,139.7060865,渋谷鈴薬局
渋谷区,渋谷１丁目,-,東京都渋谷区渋谷1-7-5,35.660745,139.7062395,薬ヒグチ宮益坂店
渋谷区,渋谷１丁目,-,東京都渋谷区渋谷1-24-5,35.660808,139.7020365,ディアファーマシー渋谷薬局
渋谷区,渋谷１丁目,-,東京都渋谷区渋谷1-22-4,35.663301,139.70313,アキヤマ薬局
渋谷区,渋谷１丁目,-,東京都渋谷区渋谷1-11-1,35.661024,139.7044485,ナチュラルローソン クオール薬局渋谷一丁目店
新宿区,住吉町,-,東京都新宿区住吉町2-18ウィン四谷106,35.692101,139.72158,あけぼの薬局
新宿区,住吉町,-,東京都新宿区住吉町9-4,35.694144,139.7210265,くすりセイジョー曙橋店
新宿区,住吉町,-,東京都新宿区住吉町2-11,35.691966,139.7209635,くすりの福太郎曙橋店
新宿区,住吉町,-,東京都新宿区住吉町11-23,35.694819,139.7203875,(有)市ヶ谷ファマシー あけぼの橋通り店
新宿区,住吉町,-,東京都新宿区住吉町1-16,35.6922,139.7226375,どらっぐぱぱす曙橋店
新宿区,若松町,-,東京都新宿区若松町24-10,35.700831,139.717035,ワカマツ薬局
新宿区,若松町,-,東京都新宿区若松町20-3,35.701101,139.715847,戸山薬局
新宿区,若松町,-,東京都新宿区若松町3-3 井関ﾋﾞﾙ,35.698707,139.7189475,トモズ 女子医大前2号店
新宿区,若松町,-,東京都新宿区若松町3-2,35.698644,139.718988,トモズ 女子医大前1号店
新宿区,若松町,-,東京都新宿区若松町9-7,35.698896,139.7188755,プラザ薬局女子医大通り店
新宿区,若松町,-,東京都新宿区若松町9-6,35.698833,139.7189925,ミキ薬局女子医大通り店
新宿区,若松町,-,東京都新宿区若松町9-12,35.699238,139.7188035,ミキ薬局若松町店
新宿区,若松町,-,東京都新宿区若松町6-16,35.699463,139.721877,日生薬局牛込店
新宿区,若松町,-,東京都新宿区若松町6-11,35.699724,139.7215215,ノーブル薬局
新宿区,若松町,-,東京都新宿区若松町31-4,35.699895,139.7199105,コスモス薬局
新宿区,若松町,-,東京都新宿区若松町24-10,35.700831,139.717035,第二新宿調剤薬局
新宿区,若松町,-,東京都新宿区若松町23-10,35.701029,139.7165625,紫山堂薬局若松町店
新宿区,若松町,-,東京都新宿区若松町22-23,35.701092,139.7163555,コクミン調剤薬局
港区,芝大門２丁目,-,東京都港区芝大門2-7-10,35.655057,139.753179,清水薬局 芝公園店
港区,芝大門２丁目,-,東京都港区芝大門2-3-15,35.655957,139.7537325,清水薬局
港区,芝大門２丁目,-,東京都港区芝大門2-5-1,35.655534,139.754052,伯山堂薬局芝大門店
港区,芝大門２丁目,-,東京都港区芝大門2-4-3,35.656506,139.754376,薬ヒグチ 大門店
港区,芝大門２丁目,-,東京都港区芝大門2-2-1,35.65656,139.7533995,クリエイトS・D港区芝大門店
港区,芝公園３丁目,虎ノ門,東京都港区芝公園3-4-30,35.658909,139.7463975,ザメディカルディスペンサリー
港区,芝公園１丁目,-,東京都港区芝公園1-7-16 三堀ビル1F,35.657172,139.751982,フレンド薬局芝大門店
港区,芝公園１丁目,-,東京都港区芝4-14-1三菱ケミカルホールディングス,35.65801708,139.7515459,三田薬局
港区,芝公園１丁目,-,東京都港区芝5-16-1千代ビル1F,35.65801708,139.7515459,三田調剤薬局
港区,芝公園１丁目,-,東京都港区芝公園1-5-30,35.658459,139.751577,慶應義塾大学薬学部附属薬局
港区,芝浦３丁目,-,東京都港区芝浦3-19-18 内村芝浦ビル1階,35.641557,139.748526,十字堂薬局 芝浦店
港区,芝浦３丁目,-,東京都港区芝浦3-6-12,35.642961,139.7476845,ドラッグストア・スマイル 芝浦店
港区,芝浦３丁目,-,東京都港区芝浦3-4-1,35.643762,139.745574,サンドラッグ田町店
港区,芝浦３丁目,-,東京都港区芝浦3-16-4,35.642025,139.749813,ドラッグストア・スマイル営業本部
港区,芝浦３丁目,-,東京都港区芝浦3-13-2,35.643132,139.749147,ドラッグストア・スマイル 田町東口店
港区,芝浦２丁目,-,東京都港区芝浦2-16-5 田町明鳳ビル1階,35.644347,139.7522385,芝浦薬局
港区,芝浦１丁目,-,東京都港区芝浦1-1-1 東芝ビル1階,35.650926,139.757346,ゆりの木薬局 東芝ビル店
港区,芝浦１丁目,-,東京都港区芝浦1-2-2,35.649558,139.7565405,セガミ薬局芝浦店
港区,芝５丁目,-,東京都港区芝5-33-8 第一田町ビル地下1階,35.646876,139.7488185,ツヅノ薬局 田町店
港区,芝５丁目,-,東京都港区芝5-34-7 田町センタービル ピアタ内,35.646165,139.746969,慶愛堂薬局
港区,芝５丁目,-,東京都港区芝5-31-16,35.646642,139.746195,薬ヒグチ田町店
港区,芝５丁目,-,東京都港区芝5-25-11,35.64756,139.7448405,ヘルスケアストアセイジョー 三田店
港区,芝５丁目,-,東京都港区芝5-24-8,35.647902,139.74552,山竜堂薬局
港区,芝５丁目,-,東京都港区芝5-23-3,35.648361,139.745934,エビスヤ薬局
港区,芝５丁目,-,東京都港区芝5-20-20,35.647866,139.7466855,ミネドラッグ三田店
港区,芝５丁目,-,東京都港区芝5-13-14,35.649153,139.744953,ドラッグストア・スマイル 三田店
港区,芝４丁目,-,東京都港区芝四丁目5-8 池藤ビル1F,35.648775,139.751271,ハイジア薬局
港区,芝３丁目,-,東京都港区芝3-15-5 ジョイヴィレッジ芝公園2階,35.653563,139.7454255,はなみずき薬局
港区,芝２丁目,-,東京都港区芝2-18-2,35.651655,139.750821,ライオン薬局
港区,芝２丁目,-,東京都港区芝2-12-1,35.651619,139.752522,薬局桑山清心堂
新宿区,市谷柳町,-,東京都新宿区市谷柳町37,35.698734,139.725702,くすりの福太郎市谷柳町店
新宿区,市谷田町２丁目,-,東京都新宿区市谷田町2-31-1,35.695161,139.737078,(株)エスシーグループ 茜調剤薬局市ケ谷店
新宿区,市谷田町１丁目,-,東京都新宿区市谷田町1-2,35.692587,139.7352645,ニュードラッグ 本部
新宿区,市谷田町１丁目,-,東京都新宿区市谷田町1-19,35.693721,139.736862,ニュードラッグ市ヶ谷店
新宿区,市谷台町,-,東京都新宿区市谷台町9-3,35.694036,139.71879,村田薬局
新宿区,市谷山伏町,-,東京都新宿区市谷山伏町2-2,35.699841,139.728069,パール薬局
新宿区,市谷甲良町,-,東京都新宿区市谷甲良町2-21,35.699175,139.728825,新生堂薬局
新宿区,四谷３丁目,-,東京都新宿区四谷3-5,35.687808,139.7212515,快生堂小林薬局
新宿区,四谷３丁目,-,東京都新宿区四谷3-9,35.687673,139.7200545,サンドラッグ四谷三丁目店
新宿区,四谷２丁目,-,東京都新宿区四谷2-1,35.686494,139.726764,くすりセイジョー四谷店
新宿区,四谷１丁目,-,東京都新宿区四谷1-9,35.685972,139.728366,(有)ナカ薬局
新宿区,四谷１丁目,-,東京都新宿区四谷1-4-6,35.686395,139.729356,HAIFUKIYA・DRUG・STORE
新宿区,四谷１丁目,-,東京都新宿区四谷1-20-2,35.686953,139.727907,希望堂薬局四谷店
新宿区,四谷１丁目,-,東京都新宿区四谷1-2-5,35.685747,139.7288475,薬ヒグチ四谷駅前店
新宿区,山吹町,-,東京都新宿区山吹町348,35.708499,139.73058,(株)ハスミ薬品
新宿区,山吹町,-,東京都新宿区山吹町335,35.707599,139.7290455,やまぶき薬局
千代田区,三番町,-,東京都千代田区三番町9-1,35.689788,139.742514,あい薬品
港区,三田５丁目,-,東京都港区三田5-12-4,35.645256,139.738284,大里厚養堂
港区,三田３丁目,-,東京都港区三田3-7-16 御田八幡ビル401,35.643159,139.7414025,バンビー薬局 田町店
港区,三田２丁目,-,東京都港区三田2-7-9サニークレスト三田1F,35.651772,139.744656,中川薬局
港区,三田１丁目,-,東京都港区三田1-3-33 三田ネクサスビル1階,35.654508,139.7433645,日生薬局 三田店
港区,三田１丁目,-,東京都港区三田1-4-28 三田国際ビル3階,35.652654,139.744593,三立ファーマシー
渋谷区,笹塚２丁目,-,東京都渋谷区笹塚2-17-1,35.674461,139.6659195,ミツヤ笹塚2丁目薬局
渋谷区,笹塚２丁目,-,東京都渋谷区笹塚2-12-15,35.675091,139.6679805,ミネ薬品笹塚店
渋谷区,笹塚２丁目,-,東京都渋谷区笹塚2-11-1,35.675001,139.6685565,あづみ薬店
渋谷区,笹塚２丁目,-,東京都渋谷区笹塚2-10-4,35.675343,139.6681695,スマイルドラッグ笹塚店
渋谷区,笹塚１丁目,-,東京都渋谷区笹塚一丁目56番10号,35.67429,139.668003,アイセイ薬局 笹塚店
渋谷区,笹塚１丁目,-,東京都渋谷区笹塚1-48-14笹塚ショッピングモール21,35.673705,139.668723,笹塚鈴薬局 (株)エスシーグループ
渋谷区,笹塚１丁目,-,東京都渋谷区笹塚1-59-6,35.673435,139.664808,笹塚薬局
渋谷区,笹塚１丁目,-,東京都渋谷区笹塚1-56-7,35.674191,139.6677915,眞誠薬局
渋谷区,笹塚１丁目,-,東京都渋谷区笹塚1-30-3,35.67303,139.6665405,ミツヤ笹塚薬局
渋谷区,笹塚１丁目,-,東京都渋谷区笹塚1-23-8,35.673111,139.668021,幸仁薬局
渋谷区,笹塚１丁目,-,東京都渋谷区笹塚1-22-3,35.673201,139.668426,サンドラッグ笹塚南口店
渋谷区,桜丘町,-,東京都渋谷区桜丘町23-21渋谷区文化総合センター大和田L,35.65548,139.699917,さくらが丘薬局
渋谷区,桜丘町,-,東京都渋谷区桜丘町3-24,35.656713,139.7020365,杉山薬品
新宿区,左門町,-,東京都新宿区左門町20四谷メディカルビル1F,35.684946,139.7203605,株式会社ファーマみらい 共創未来 左門町薬局
千代田区,麹町５丁目,-,東京都千代田区麹町五丁目2-1,35.684451,139.7348145,いずみ薬局 麹町店
千代田区,麹町３丁目,-,東京都千代田区麹町3-7,35.683416,139.739724,麹町調剤薬局
千代田区,麹町３丁目,-,東京都千代田区麹町3-4,35.684739,139.7377035,(株)一本堂 麹町店
千代田区,麹町３丁目,-,東京都千代田区麹町3-2,35.684262,139.7385495,くすりの福太郎麹町店
千代田区,麹町２丁目,-,東京都千代田区麹町2-4,35.684442,139.74012,三誠堂ビル
千代田区,麹町１丁目,-,東京都千代田区麹町1-8-7,35.685081,139.7420775,ツイン薬局半蔵門店
千代田区,麹町１丁目,-,東京都千代田区麹町1-8-6,35.685207,139.7417805,(有)バンビー薬局 一番町店
千代田区,麹町１丁目,-,東京都千代田区麹町1-3-5,35.683857,139.742127,いまくま薬局
港区,高輪４丁目,-,東京都港区高輪4-10-18 ウィング高輪221,35.628858,139.7365695,品川マルゼン薬局
港区,高輪４丁目,-,東京都港区高輪4-10-30,35.627625,139.7367045,トモズエクスプレス品川プリンスホテル店
港区,高輪３丁目,-,東京都港区高輪3-11-5 高輪ビューハイツ1階,35.63136,139.7304315,ミナト薬局
港区,高輪３丁目,-,東京都港区高輪3-25-29 前川ビル1階,35.631477,139.7378925,ニホンドウ漢方ブティック 品川本店
港区,高輪３丁目,-,東京都港区高輪3-26-33品川ビル1F,35.629677,139.73778,チカラ堂薬局
港区,高輪３丁目,-,東京都港区高輪3-9-11 ショパン高輪1階,35.632116,139.7319255,あさひ薬局 高輪店
港区,高輪３丁目,-,東京都港区高輪3-10-38,35.631936,139.731075,アカビシ薬局
港区,高輪３丁目,-,東京都港区高輪3-5-19,35.633601,139.7313495,エノキ薬局
港区,高輪３丁目,-,東京都港区高輪3-26-26,35.629164,139.7379735,(株)マスターズドラック
港区,高輪３丁目,-,東京都港区高輪3-23-17,35.630568,139.736988,(株)南山堂
港区,高輪２丁目,-,東京都港区高輪2-15-8グレイスビル泉岳寺前102,35.637543,139.7387745,オーベル薬局高輪店
港区,高輪１丁目,-,東京都港区高輪1-3-1 第3白川ビル1階,35.643762,139.735008,トモズ 白金高輪店
新宿区,高田馬場４丁目,-,東京都新宿区高田馬場4-4-18,35.712675,139.7013885,ケイワ薬局 高田馬場店(株)エスシーグループ
新宿区,高田馬場４丁目,-,東京都新宿区高田馬場4-2-31瀬古ビル102,35.711298,139.7029365,フォーユー薬局高田馬場店
新宿区,高田馬場４丁目,-,東京都新宿区高田馬場4-4-2,35.712009,139.703121,スミダ薬局高田馬場店
新宿区,高田馬場４丁目,-,東京都新宿区高田馬場4-20-11,35.711244,139.6998675,(有)小木仁寿堂
新宿区,高田馬場３丁目,-,東京都新宿区高田馬場3-3-3,35.713755,139.702131,コスメティック&ドラッグサクラ高田馬場店
新宿区,高田馬場３丁目,-,東京都新宿区高田馬場3-22-1,35.71236,139.6993095,薬ヒグチ新戸塚店
新宿区,高田馬場３丁目,-,東京都新宿区高田馬場3-2-5,35.713908,139.703139,中西薬局
新宿区,高田馬場２丁目,-,東京都新宿区高田馬場2-15-6,35.713575,139.7068245,はしむら薬局
新宿区,高田馬場２丁目,-,東京都新宿区高田馬場2-14-2,35.71245,139.7071305,マツモトキヨシ高田馬場2丁目店
新宿区,高田馬場１丁目,-,東京都新宿区高田馬場1-6-22,35.711046,139.7078325,薬局高田馬場
新宿区,高田馬場１丁目,-,東京都新宿区高田馬場1-6-16,35.711667,139.707909,龍生堂薬局ワセダ東店
新宿区,高田馬場１丁目,-,東京都新宿区高田馬場1-4-15,35.711415,139.709178,スギ薬局高田馬場店
新宿区,高田馬場１丁目,-,東京都新宿区高田馬場1-31-8,35.710011,139.7032965,天竜堂漢方薬局
新宿区,高田馬場１丁目,-,東京都新宿区高田馬場1-28-19,35.711415,139.70475,わたなべファーマシー
新宿区,高田馬場１丁目,-,東京都新宿区高田馬場1-26-12,35.712891,139.705443,モグサヤ高橋保寿堂
港区,港南４丁目,-,東京都港区港南4-6-7,35.627499,139.75065,(株)湘南薬品 港南薬局
港区,港南２丁目,-,東京都港区港南2-15-2 品川ｲﾝﾀ-ｼﾃｨ 2階,35.626815,139.7419155,トモズ 品川インターシティ店
港区,港南２丁目,-,東京都港区港南2-3-26モンテーヌ品川102,35.628921,139.742928,ミツバ薬局
港区,港南２丁目,-,東京都港区港南2-16-7-201-1,35.624781,139.7406105,トキワ調剤薬局
港区,港南２丁目,-,東京都港区港南2-16-1,35.627886,139.740705,大東ホーム薬品(株)
渋谷区,広尾５丁目,-,東京都渋谷区広尾5-19-19,35.64882,139.7196045,原調剤薬局
渋谷区,広尾５丁目,-,東京都渋谷区広尾5-3-16,35.650323,139.720554,ヒノミ薬局広尾2号店
渋谷区,広尾５丁目,-,東京都渋谷区広尾5-3-14,35.650449,139.7209995,ファルマルシェ薬局広尾
渋谷区,広尾５丁目,-,東京都渋谷区広尾5-3-11,35.650584,139.7214585,(株)ドラッグ・オゾン 広尾店
渋谷区,広尾５丁目,-,東京都渋谷区広尾5-25-8,35.647659,139.7220075,渋谷調剤薬局
渋谷区,広尾５丁目,-,東京都渋谷区広尾5-25-11,35.64756,139.722273,広尾調剤薬局
渋谷区,広尾５丁目,-,東京都渋谷区広尾5-16-2,35.650098,139.7206755,どらっぐぱぱす広尾店
渋谷区,広尾４丁目,-,東京都渋谷区広尾4-1-12,35.654148,139.7204685,(株)清水薬局 広尾ガーデンヒルズ店
渋谷区,広尾１丁目,-,東京都渋谷区広尾1-11-5朝日広尾マンション201,35.64828,139.715973,アサヒ薬局
港区,虎ノ門５丁目,虎ノ門,東京都港区虎ノ門5-1-5 虎ノ門45MTビル地下1階,35.663697,139.7452995,トモズ 神谷町店
港区,虎ノ門４丁目,虎ノ門,東京都港区虎ノ門4-1-7,35.664219,139.745187,アイセイ薬局 神谷町店
港区,虎ノ門４丁目,虎ノ門,東京都港区虎ノ門4-3-1 城山トラストタワー1階,35.66475,139.7431125,ナチュラルローソンクオール薬局 城山トラストタワー店
港区,虎ノ門４丁目,虎ノ門,東京都港区虎ノ門4-3-1,35.66475,139.7431125,クオール(株)
港区,虎ノ門３丁目,虎ノ門,東京都港区虎ノ門3-16-13,35.663886,139.746609,アズドラッグ
港区,虎ノ門２丁目,虎ノ門,東京都港区虎ノ門2-1-1 商船三井ビル1階,35.669808,139.7469015,わかば薬局虎の門
港区,虎ノ門２丁目,虎ノ門,東京都港区虎ノ門2-3-17 虎ノ門2丁目タワー1階,35.668377,139.7466,ライオン薬局
港区,虎ノ門２丁目,虎ノ門,東京都港区虎ノ門2-3-22 第1秋山ビルディング1階,35.668818,139.7469555,さくら薬局 虎ノ門店
港区,虎ノ門２丁目,虎ノ門,東京都港区虎ノ門2-10-4 ホテルオークラ本館1階,35.667036,139.7454525,子安ドラッグストアー ホテルオークラ店
港区,虎ノ門２丁目,虎ノ門,東京都港区虎ノ門2-5-21 寿ビル地下1階,35.668809,139.747914,ご当地の虎ノ門前薬局
港区,虎ノ門２丁目,虎ノ門,東京都港区虎ノ門2-3-20 虎ノ門YHKビル1階,35.668701,139.7468295,キリン薬局
港区,虎ノ門２丁目,虎ノ門,東京都港区虎ノ門2-5-1,35.668899,139.7479545,伯山堂薬局虎の門店
港区,虎ノ門２丁目,虎ノ門,東京都港区虎ノ門2-4-1,35.668899,139.7476665,セイジョー薬局虎ノ門調剤店
港区,虎ノ門１丁目,虎ノ門,東京都港区虎ノ門1-22-14 ミツヤ虎ノ門ビル1階,35.667162,139.7480085,薬局ケイズ
港区,虎ノ門１丁目,虎ノ門,東京都港区虎ノ門1-1-16 小林ビル1階,35.670042,139.7512035,日野薬局 虎ノ門店
港区,虎ノ門１丁目,虎ノ門,東京都港区虎ノ門1-2-17,35.669286,139.7475135,日生薬局 2号店
港区,虎ノ門１丁目,虎ノ門,東京都港区虎ノ門1-2-18 虎ノ門興業ビルディング地下1階,35.669322,139.7474505,日生薬局 虎ノ門店
港区,虎ノ門１丁目,虎ノ門,東京都港区虎ノ門1-2-4,35.669952,139.748841,虎之門薬局
港区,虎ノ門１丁目,虎ノ門,東京都港区虎ノ門1-1-25虎ノ門一丁目ビル4F,35.670474,139.74984,虎の門中央薬局
港区,虎ノ門１丁目,虎ノ門,東京都港区虎ノ門1-8-14 三昭ビル1階,35.669313,139.750236,スリーアイ薬局 虎ノ門店
港区,虎ノ門１丁目,虎ノ門,東京都港区虎ノ門1-11-11 七久保ビル1階,35.668494,139.7499345,いずみ調剤薬局
港区,虎ノ門１丁目,虎ノ門,東京都港区虎ノ門1-2-16 浜崎ビル1階,35.669232,139.7476935,あおい調剤薬局
港区,虎ノ門１丁目,虎ノ門,東京都港区虎ノ門1-8-10,35.669088,139.750893,サンドラッグ 虎ノ門店
港区,虎ノ門１丁目,虎ノ門,東京都港区虎ノ門1-2-18,35.669322,139.7474505,日本調剤虎ノ門薬局
港区,虎ノ門１丁目,虎ノ門,東京都港区虎ノ門1-1-20,35.670258,139.750686,セイジョー虎ノ門店
新宿区,戸山１丁目,-,東京都新宿区戸山1-2-6,35.701461,139.71753,新宿調剤薬局
新宿区,原町１丁目,-,東京都新宿区原町1-55,35.700876,139.7246625,ひかり薬局・薬膳新宿原町
新宿区,原町１丁目,-,東京都新宿区原町1-21,35.699994,139.7262105,ニュードラッグ 柳町店
港区,元麻布３丁目,-,東京都港区元麻布3-1-38 第5谷澤ビル7A,35.658396,139.7276865,ヒルサイド薬局
港区,元赤坂１丁目,赤坂,東京都港区元赤坂1-5-2 永島ビル1階,35.677458,139.73256,梅花堂薬局
中央区,月島４丁目,-,東京都中央区月島4-5-12,35.660637,139.7829825,公仁薬局月島
中央区,月島４丁目,-,東京都中央区月島4-3-3,35.66133,139.783635,恵愛堂薬局
中央区,月島３丁目,-,東京都中央区月島3-28-6,35.661186,139.7799,福むら薬局
中央区,月島３丁目,-,東京都中央区月島3-14-8,35.661636,139.7801745,恵愛堂三丁目薬局
中央区,月島３丁目,-,東京都中央区月島3-13-4,35.662095,139.781133,みのり薬局
中央区,月島２丁目,-,東京都中央区月島2-17-9,35.661942,139.783797,アポロ薬局
中央区,月島２丁目,-,東京都中央区月島2-10-2,35.663616,139.784319,どらっぐぱぱす 月島店
中央区,月島１丁目,-,東京都中央区月島1-8-1,35.664417,139.783212,きらり月島薬局
中央区,月島１丁目,-,東京都中央区月島1-11-9,35.665047,139.781889,フレンド薬局
中央区,月島１丁目,-,東京都中央区月島1-26-5,35.663292,139.782663,どらっぐぱぱす 月島1丁目店
中央区,月島１丁目,-,東京都中央区月島1-21-9,35.663913,139.781259,エスアイエム薬局月島店
中央区,月島１丁目,-,東京都中央区月島1-20-5,35.664102,139.781817,(株)信成堂薬局
中央区,月島１丁目,-,東京都中央区月島1-19-4,35.6643,139.782258,(株)高地薬局
渋谷区,恵比寿南２丁目,-,東京都渋谷区恵比寿南2-7-1,35.644446,139.707774,根本薬局
渋谷区,恵比寿南１丁目,-,東京都渋谷区恵比寿南1-10-10藤岡ビル1F,35.645751,139.708413,太陽堂薬局
渋谷区,恵比寿南１丁目,-,東京都渋谷区恵比寿南1-1-9,35.646381,139.708251,エビス漢方薬岩崎薬局
渋谷区,恵比寿西２丁目,-,東京都渋谷区恵比寿西2-17-21,35.649045,139.706064,(株)三和堂
渋谷区,恵比寿西１丁目,-,東京都渋谷区恵比寿西1-14-1,35.647983,139.7078055,松山薬局
渋谷区,恵比寿西１丁目,-,東京都渋谷区恵比寿西1-9-5,35.647038,139.7083005,ケイポートホテルエクセレント店
渋谷区,恵比寿西１丁目,-,東京都渋谷区恵比寿西1-35-17,35.647704,139.7029005,くすりの福太郎代官山店
渋谷区,恵比寿西１丁目,-,東京都渋谷区恵比寿西1-10-7,35.646579,139.7078055,ひまわり薬局恵比寿店
渋谷区,恵比寿４丁目,-,東京都渋谷区恵比寿4-20-3 恵比寿ｶﾞ-ﾃﾞﾝﾌﾟﾚｲｽオフィス棟 B1階,35.642097,139.713462,トモズ 恵比寿ガーデンプレイス店
渋谷区,恵比寿４丁目,-,東京都渋谷区恵比寿4-27-7,35.645715,139.7147895,アダチ薬局
渋谷区,恵比寿４丁目,-,東京都渋谷区恵比寿4-27-3,35.645589,139.7152035,リカリ薬局
渋谷区,恵比寿３丁目,-,東京都渋谷区恵比寿3-39-7,35.643717,139.720752,山田薬局
渋谷区,恵比寿３丁目,-,東京都渋谷区恵比寿3-29-17,35.643546,139.7154015,優美堂
渋谷区,恵比寿１丁目,-,東京都渋谷区恵比寿1-11-6 恵比寿山仁ビル1F,35.646336,139.711905,城南薬局
渋谷区,恵比寿１丁目,-,東京都渋谷区恵比寿1-22-23,35.646237,139.713345,恵比寿ファーマシー
渋谷区,恵比寿１丁目,-,東京都渋谷区恵比寿1-5-2,35.647452,139.7111355,ヤマグチ薬局恵比寿店
千代田区,九段北４丁目,-,東京都千代田区九段北4-1-3,35.692641,139.740165,ドラッグアーバン市ヶ谷店
千代田区,九段北１丁目,-,東京都千代田区九段北1-9-7,35.697888,139.7505645,エール薬局九段店
千代田区,九段南４丁目,-,東京都千代田区九段南4-8-29小久保ビル1F,35.691462,139.7380545,いけだ薬局駅前調剤店
千代田区,九段南４丁目,-,東京都千代田区九段南4-6-1九段シルバーパレス103,35.691903,139.7400255,池田薬局
千代田区,九段南２丁目,-,東京都千代田区九段南2-4-11,35.693397,139.7442465,オギムラ薬局
千代田区,九段南１丁目,-,東京都千代田区九段南1丁目6番17号,35.69364,139.7526705,アイセイ薬局 九段南店
千代田区,九段南１丁目,-,東京都千代田区神田佐久間1-25 秋葉原鴻池ビル1階,35.69393006,139.7537114,トモズ 秋葉原店
中央区,銀座８丁目,-,東京都中央区銀座8-12-1セイコー銀座ビル1F,35.667648,139.7631825,ヘルス薬局銀座店
中央区,銀座８丁目,-,東京都中央区銀座8-8-11,35.667855,139.760991,銀座ペンギン薬局
中央区,銀座８丁目,-,東京都中央区銀座8-7,35.668368,139.760937,銀座ビューティーライフ
中央区,銀座８丁目,-,東京都中央区銀座8-6-5,35.6688,139.760964,井上薬局
中央区,銀座８丁目,-,東京都中央区銀座8-5-1,35.669421,139.7606715,宝仙堂ドラッグ銀座店
中央区,銀座７丁目,-,東京都中央区銀座7-6-15,35.669601,139.7614905,鳥居ドラツグ
中央区,銀座７丁目,-,東京都中央区銀座7-2-4,35.670942,139.7606985,阪神調剤薬局銀座店
中央区,銀座７丁目,-,東京都中央区銀座7-10-5,35.66862,139.763403,かちどき薬局銀座店
中央区,銀座６丁目,-,東京都中央区銀座6-4-11,35.670915,139.76118,西銀座ドラツク
中央区,銀座６丁目,-,東京都中央区銀座6-2-3,35.671824,139.7610495,あさがお薬局
中央区,銀座５丁目,-,東京都中央区銀座5-7-7,35.670861,139.7642985,銀座清水薬局
中央区,銀座５丁目,-,東京都中央区銀座5-5-1,35.671761,139.763925,マツモトキヨシ銀座5th店
中央区,銀座５丁目,-,東京都中央区銀座5-15-1,35.668485,139.767768,銀座薬局
中央区,銀座５丁目,-,東京都中央区銀座5-14-6,35.668629,139.7671695,くすりの福太郎 銀座5丁目店
中央区,銀座５丁目,-,東京都中央区銀座5-1-15,35.672166,139.7608335,日本調剤 銀座泰明薬局
中央区,銀座４丁目,-,東京都中央区銀座4-8-7,35.670384,139.766472,(株)三原薬品 銀座四丁目店
中央区,銀座４丁目,-,東京都中央区銀座4-11-3,35.670177,139.7683305,大塚薬局
中央区,銀座３丁目,-,東京都中央区銀座3-10-1 銀座3丁目Dビルディング,35.671698,139.7684205,トモズ 銀座三丁目店
中央区,銀座３丁目,-,東京都中央区銀座3-4-5,35.672994,139.7660085,薬局アポック銀座ガス灯通り店
中央区,銀座３丁目,-,東京都中央区銀座3-14-4,35.670492,139.770045,銀座漢方天風堂薬局
中央区,銀座３丁目,-,東京都中央区銀座3-14-13,35.669961,139.769217,銀座・楽天堂薬局
中央区,銀座３丁目,-,東京都中央区銀座3-11-16,35.670798,139.768524,(株)フォーバ
中央区,銀座２丁目,-,東京都中央区銀座2-6-5,35.673597,139.7672235,漢方カウンセリングルームKaon
中央区,銀座２丁目,-,東京都中央区銀座2-4-1,35.674443,139.766679,薬局アポック銀座柳通り支店
中央区,銀座２丁目,-,東京都中央区銀座2-1,35.67372426,139.7665419,(株)大成堂 西銀座支店
中央区,銀座１丁目,-,東京都中央区銀座1-16-5,35.674011,139.770648,くすりの福太郎 銀座1丁目店
中央区,銀座１丁目,-,東京都中央区銀座1-13-9,35.673264,139.7692845,クオール薬局銀座店
中央区,銀座１丁目,-,東京都中央区銀座1-1-1,35.67303004,139.7712779,シェトワ
中央区,京橋２丁目,日八京,東京都中央区京橋2-12-4 光和ビル1F,35.675865,139.7717955,ニックハート薬局
中央区,京橋２丁目,日八京,東京都中央区京橋2-8-21,35.677485,139.7709315,中央薬局
中央区,京橋２丁目,日八京,東京都中央区京橋2-8-18,35.677323,139.77081,スギ薬局京橋店
千代田区,紀尾井町,赤坂,東京都千代田区紀尾井町4-1,35.679402,139.735638,薬ヒグチ調剤薬局ニューオータニ店
千代田区,紀尾井町,赤坂,東京都千代田区紀尾井町3-29,35.681859,139.737555,クローバー薬局
新宿区,喜久井町,-,東京都新宿区喜久井町46-4,35.704575,139.7201805,(株)松翔
千代田区,岩本町３丁目,-,東京都千代田区岩本町3-4-1,35.694999,139.7769615,龍閑堂薬局
千代田区,丸の内２丁目,大丸有,東京都千代田区丸の内2-4-1,35.681139,139.76379,アメリカンファーマシー 丸の内店
千代田区,丸の内２丁目,大丸有,東京都千代田区丸の内2-2-3,35.680167,139.7625885,(株)ソレイユ
千代田区,丸の内１丁目,大丸有,東京都千代田区丸の内1-9-1,35.681427,139.7689425,コクミン薬店東京駅名店街店
千代田区,丸の内１丁目,大丸有,東京都千代田区丸の内1-6-2,35.684091,139.766445,丸の内ファーマシー
千代田区,外神田６丁目,-,東京都千代田区外神田6-16-7,35.705007,139.7717055,伊藤黒焼総本舗
千代田区,外神田６丁目,-,東京都千代田区外神田6-13-14,35.703126,139.7704095,江川薬局
千代田区,外神田４丁目,-,東京都千代田区外神田4-14-1,35.700516,139.7726145,ファルマルシェ薬局秋葉原店
千代田区,外神田２丁目,-,東京都千代田区外神田2-5-14,35.699994,139.7689785,沢田宝仙堂
千代田区,外神田１丁目,-,東京都千代田区外神田1-4-13,35.698536,139.770981,マツモトキヨシ秋葉原店
千代田区,外神田１丁目,-,東京都千代田区外神田1-2-14,35.698077,139.7705625,(株)紀伊国屋漢薬局
港区,海岸１丁目,-,東京都港区海岸1-2-20,35.656794,139.7593305,株式会社アシスト あやめ薬局 ハマサイト店
港区,海岸１丁目,-,東京都港区海岸1-2-20,35.656794,139.7593305,(株)ソーレ
新宿区,改代町,-,東京都新宿区改代町33,35.707752,139.7349585,カラサワ薬局
千代田区,霞が関３丁目,虎ノ門広域,東京都千代田区霞が関3-2-5,35.671266,139.74714,かちどき薬局霞が関店
千代田区,霞が関１丁目,虎ノ門広域,東京都千代田区霞が関1-4-1,35.670861,139.750425,霞が関ファーマシー
千代田区,霞が関１丁目,虎ノ門広域,東京都千代田区霞が関1-2-2,35.673282,139.7530305,くすりアロー厚生労働省内店
新宿区,河田町,-,東京都新宿区河田町3-10,35.696052,139.719735,日生薬局河田町店
新宿区,河田町,-,東京都新宿区河田町11-8,35.699112,139.7183175,日生薬局若松河田駅前店
新宿区,河田町,-,東京都新宿区河田町11-7,35.699058,139.7181735,カワダ薬局
新宿区,河田町,-,東京都新宿区河田町11-11,35.699022,139.7185335,ミキ薬局河田町店
新宿区,歌舞伎町２丁目,-,東京都新宿区歌舞伎町2-45-6,35.696871,139.700475,薬王堂
新宿区,歌舞伎町２丁目,-,東京都新宿区歌舞伎町2-44-1,35.696628,139.700988,健康プラザ薬局
新宿区,歌舞伎町２丁目,-,東京都新宿区歌舞伎町2-23-1,35.695224,139.704165,テン・ドラッグ
新宿区,歌舞伎町２丁目,-,東京都新宿区歌舞伎町2-2-21,35.695602,139.7065005,(株)サン薬品
新宿区,歌舞伎町１丁目,-,東京都新宿区立野町1-29,35.69379756,139.7034401,(株)プラノ メディカル薬局
新宿区,歌舞伎町１丁目,-,東京都新宿区歌舞伎町1-7-5,35.694495,139.7029095,みすず
新宿区,歌舞伎町１丁目,-,東京都新宿区歌舞伎町1,35.6940432,139.7034886,龍生堂薬局サブナード店
新宿区,下落合４丁目,-,東京都新宿区下落合4-6-14,35.719677,139.6948995,グラム薬局下落合店
新宿区,下落合４丁目,-,東京都新宿区下落合4-26-7,35.722053,139.6959255,どらっぐぱぱす 目白店
新宿区,下落合４丁目,-,東京都新宿区下落合4-26-10,35.722071,139.6955295,さくら薬局目白店
新宿区,下落合３丁目,-,東京都新宿区下落合3-22-16瀧島ビル,35.722539,139.7000655,矢野薬局
新宿区,下落合３丁目,-,東京都新宿区下落合3-21-1,35.722665,139.70178,富士薬局
新宿区,下落合３丁目,-,東京都新宿区下落合3-17-31,35.722377,139.703751,目白薬局
新宿区,下落合３丁目,-,東京都新宿区下落合3-16-11,35.722386,139.702554,(株)ドラッグ・オゾン 目白店
新宿区,下落合３丁目,-,東京都新宿区下落合3-12-28,35.721873,139.699422,(株)一本堂 目白店
新宿区,下落合１丁目,-,東京都新宿区下落合1-7-16,35.715456,139.701294,オリーブ薬局
新宿区,下落合１丁目,-,東京都新宿区下落合1-16-3,35.716077,139.6946745,落合薬店
新宿区,下宮比町,-,東京都新宿区下宮比町3-2,35.703126,139.7432565,さくら薬局飯田橋駅前店
新宿区,下宮比町,-,東京都新宿区下宮比町3-1,35.702964,139.74327,わかば薬局飯田橋
渋谷区,猿楽町,-,東京都渋谷区猿楽町29-9,35.648208,139.70007,漢方蘭山
渋谷区,猿楽町,-,東京都渋谷区猿楽町24-7,35.648199,139.701681,レジーナ薬局代官山店
渋谷区,円山町,-,東京都渋谷区円山町26-8,35.655975,139.693932,ドラッグヨシダ
千代田区,永田町２丁目,赤坂,東京都千代田区永田町2-11-1,35.673201,139.740615,有限会社 フジモト薬局
千代田区,永田町２丁目,赤坂,東京都千代田区永田町2-14-2,35.676513,139.738527,エフエル薬局
千代田区,永田町２丁目,赤坂,東京都千代田区永田町2-11-1,35.673201,139.740615,(株)多羅薬品 山王パークタワー店
渋谷区,宇田川町,-,東京都渋谷区宇田川町7-13,35.663472,139.695903,けやき薬局
渋谷区,宇田川町,-,東京都渋谷区宇田川町24-10,35.660502,139.699494,(有)ヨコタ薬局
渋谷区,宇田川町,-,東京都渋谷区宇田川町23-4,35.659809,139.699395,マツモトキヨシ 渋谷Part2店
渋谷区,宇田川町,-,東京都渋谷区宇田川町22-3,35.659737,139.6998,マツモトキヨシ 渋谷Part1店
渋谷区,宇田川町,-,東京都渋谷区宇田川町22-1,35.659764,139.699998,三千里薬品 宇田川店
千代田区,一番町,-,東京都千代田区一番町7-1一番町弘和ビル1F,35.687466,139.7427345,いけだ薬局番町店
