指標名,ギャラリー,,,,,
出典,Tokyo Art Beat,,,,,
年次,2020/2/20取得,,,,,
URL,http://www.tokyoartbeat.com/venues/Gallery,,,,,
備考,,,,,,
,,,,,,
区,町丁,エリア,住所,緯度,経度,施設名
港区,六本木７丁目,六本木,東京都港区六本木7-18-8 岸田ビル2F,35.662122,139.729275,CLEAR GALLERY TOKYO
港区,六本木７丁目,六本木,東京都港区六本木7-20-2 アバンティ407,35.662968,139.7281005,Another Function
港区,六本木７丁目,六本木,東京都港区六本木7-4-14 乃木坂スタジオ2F,35.665488,139.728366,ミッドトーキョーギャラリー
港区,六本木７丁目,六本木,東京都港区六本木7-6-5 六本木栄ビル3F,35.66448,139.728609,s+arts
港区,六本木７丁目,六本木,東京都港区六本木7-7-4 ハリントンガーデンB1F,35.66493,139.7291085,クールトレイン・ギャラリー
港区,六本木７丁目,六本木,東京都港区六本木7-8-9 深作眼科ビル1F,35.664777,139.730265,Hideharu Fukasaku Gallery Roppongi
港区,六本木６丁目,六本木,東京都港区六本木6-15-9 ハークス六本木ビル1F,35.6589,139.728159,アート・バイ・ゼロックス ギャラリー
港区,六本木６丁目,六本木,東京都港区六本木6-5-24 complex665 2F,35.661303,139.730796,シュウゴアーツ
港区,六本木６丁目,六本木,東京都港区六本木6-5-24 complex665 2F,35.661303,139.730796,小山登美夫ギャラリー
港区,六本木６丁目,六本木,東京都港区六本木6-5-24 complex665 3F,35.661303,139.730796,タカ・イシイギャラリー 東京
港区,六本木６丁目,六本木,東京都港区六本木6-6-9 ピラミデビル1F,35.661888,139.731462,ギャラリーペロタン東京
港区,六本木６丁目,六本木,東京都港区六本木6-6-9 ピラミデビル2F,35.661888,139.731462,Yutaka Kikutake Gallery
港区,六本木６丁目,六本木,東京都港区六本木6-6-9 ピラミデビル2F,35.661888,139.731462,Zen Foto Gallery
港区,六本木６丁目,六本木,東京都港区六本木6-6-9 ピラミデビル3F,35.661888,139.731462,オオタファインアーツ
港区,六本木６丁目,六本木,東京都港区六本木6-6-9 ピラミデビル3F,35.661888,139.731462,ワコウ・ワークス・オブ・アート
港区,六本木６丁目,六本木,東京都港区六本木6-6-9 ピラミデビル4F,35.661888,139.731462,TARO NASU
港区,六本木６丁目,六本木,東京都港区六本木6-10-1 六本木ヒルズ森タワー ウェストウォーク3F,35.66043,139.7292615,ROPPONGI HILLS A/D GALLERY
港区,六本木６丁目,六本木,東京都港区六本木6-2-6 サンビル第3 2F,35.662014,139.730706,GALLERY MoMo Projects
港区,六本木５丁目,六本木,東京都港区六本木5-10-33 ストライプハウスビル3F,35.66007,139.7329065,ストライプハウスギャラリー
港区,六本木５丁目,六本木,東京都港区六本木5-17-1 AXISビル2F,35.661366,139.7365515,タカ・イシイギャラリー フォトグラフィー/フィルム
港区,六本木５丁目,六本木,東京都港区六本木5-17-1 AXISビル3F,35.661366,139.7365515,サボア・ヴィーブル
港区,六本木５丁目,六本木,東京都港区六本木5-17-1 AXISビル4F,35.661366,139.7365515,アクシス ギャラリー
港区,六本木５丁目,六本木,東京都港区六本木5-17-1 AXISビル3F,35.661366,139.7365515,IMA CONCEPT STORE
港区,六本木５丁目,六本木,東京都港区六本木5-9-20,35.661627,139.732992,Art & Science gallery lab AXIOM
港区,六本木５丁目,六本木,東京都港区六本木5-9-20,35.661627,139.732992,hiromiyoshii roppongi
港区,六本木５丁目,六本木,東京都港区六本木5-10-25 ゼルコート1F,35.659314,139.732578,ZEL Gallery
千代田区,有楽町２丁目,大丸有,東京都千代田区有楽町２－１０－１東京交通会館B1F,35.674929,139.764366,ギャラリー玻瑠
千代田区,有楽町１丁目,大丸有,東京都千代田区有楽町1-13-1,35.675802,139.760982,第一生命ギャラリー
新宿区,矢来町,-,東京都新宿区矢来町114,35.703918,139.734666,アユミギャラリー
新宿区,矢来町,-,東京都新宿区矢来町114 高橋ビル地下1F,35.703918,139.734666,ART GALLEY KAGURAZAKA
新宿区,矢来町,-,東京都新宿区矢来町123 第一矢来ビル1F かもめブックス内,35.704197,139.7335005,"ondo kagurazaka, tokyo"
新宿区,矢来町,-,東京都新宿区矢来町32?2,35.702973,139.730526,eitoeiko
中央区,湊１丁目,-,東京都中央区湊1-8-11 ライジングビル4F,35.673111,139.7808405,Bright Photo Salon
港区,麻布台２丁目,-,東京都港区麻布台2-2-1 麻布台ビル1F,35.65818,139.742181,Gallery Grand Cafe
港区,麻布台１丁目,虎ノ門,東京都港区麻布台1-1-20 麻布台ユニハウス112,35.662878,139.739148,ウナックサロン
港区,麻布十番２丁目,-,東京都港区麻布十番2-9-4,35.655102,139.7347155,パレットギャラリー 麻布十番
港区,麻布十番１丁目,-,東京都港区麻布十番1-5-10 アトラスビル1F,35.656767,139.7335275,Azabu Art Salon Tokyo
港区,麻布十番１丁目,-,東京都港区麻布十番1-7-2 エスポアール麻布1階,35.656569,139.7346795,麻布十番ギャラリー
港区,北青山３丁目,-,東京都港区北青山3-5-9,35.667162,139.713516,ファーガス・マカフリー 東京
港区,北青山２丁目,-,東京都港区北青山2-10-26,35.672274,139.7153925,ギャラリーハウスMAYA
港区,北青山２丁目,-,東京都港区北青山2-12-20 #101,35.670564,139.7160855,DAZZLE
港区,北青山２丁目,-,東京都港区北青山2-12-23 Uビル,35.670033,139.7156625,ギャラリー Jy (ギャラリージー)
港区,北青山２丁目,-,東京都港区北青山2-3-1 シーアイプラザB1F,35.672058,139.719996,伊藤忠青山アートスクエア
港区,北青山２丁目,-,東京都港区北青山2-9-15,35.671329,139.7162385,スペース インタート
港区,北青山２丁目,-,東京都港区北青山2-9-16 AAビル1階,35.6715,139.716072,オリエ アート・ギャラリー
千代田区,平河町１丁目,-,東京都千代田区平河町1-8-9 B1F,35.682624,139.741407,ANAGRA
渋谷区,富ケ谷１丁目,-,東京都渋谷区富ヶ谷1-8-5 後藤ビル1F,35.668836,139.690656,WDI. Gallery
千代田区,飯田橋４丁目,-,東京都千代田区飯田橋4-7-4,35.700804,139.746555,ギャラリー・スタジオ ii-BRIDGE
千代田区,隼町,-,東京都千代田区隼町3-1,35.682228,139.742127,北井画廊
中央区,八丁堀４丁目,-,東京都中央区八丁堀4-3-3 ダヴィンチ京橋B1,35.674479,139.7740095,nca | nichido contemporary art
中央区,八丁堀２丁目,-,東京都中央区八丁堀2-22-9 宮地ビル2F,35.676297,139.7772135,アート★アイガ
中央区,八重洲２丁目,日八京,東京都中央区八重洲2-7-4 清水ビル202,35.677458,139.7678985,木之庄企畫
中央区,八重洲２丁目,日八京,東京都中央区八重洲2-8-10 松岡八重洲ビル３階,35.676486,139.7681865,T-BOX
中央区,八重洲１丁目,日八京,東京都中央区八重洲1-5-15 田中八重洲ビル1Ｆ,35.681679,139.770909,田中八重洲画廊
港区,白金台３丁目,-,東京都港区白金台3-3-1 G&Dアルケミックハウス2F,35.636562,139.728357,東京妙案GALLERY
港区,白金５丁目,-,東京都港区白金5-12-21,35.64504,139.724028,OFS Gallery（OUR FAVOURITE SHOP）
港区,白金３丁目,-,東京都港区白金3-1-11,35.646777,139.7302245,THE LAST GALLERY
港区,白金３丁目,-,東京都港区白金3-1-15 4F,35.646795,139.7296125,ロンドンギャラリー
港区,白金１丁目,-,東京都港区白金1-8-6,35.645832,139.731876,ホトリ
港区,白金１丁目,-,東京都港区白金1-8-6 1階,35.645832,139.731876,プリントギャラリー
中央区,入船２丁目,-,東京都中央区入船2-4-3マスダビル1F,35.67168,139.7769435,ヒノギャラリー
中央区,入船１丁目,-,東京都中央区入船1-3-9 長﨑ビル9F,35.672661,139.776336,FUMA Contemporary Tokyo／BUNKYO ART
中央区,日本橋本町３丁目,日八京,東京都中央区日本橋本町3-4-6 ニューカワイビル1Ｆ,35.68896,139.77486,アートスペースユーメリア
中央区,日本橋本町３丁目,日八京,東京都中央区日本橋本町3-2-12 新みやこビル501,35.688375,139.7741715,SATOSHI KOYAMA GALLERY
中央区,日本橋本町３丁目,日八京,東京都中央区日本橋本町3-2-12 日本橋小楼202,35.688375,139.7741715,GALLERY YUKI-SIS
中央区,日本橋本町３丁目,日八京,東京都中央区日本橋本町3-2-8,35.688573,139.7744595,KAMIYA ART
中央区,日本橋本町２丁目,日八京,東京都中央区日本橋本町2-6-13 山三ビルB1F,35.687349,139.776993,タグチファインアート
中央区,日本橋本町１丁目,日八京,東京都中央区日本橋本町1-3-1渡辺ビル1F/BF,35.685621,139.775976,ギャラリー砂翁 & TOMOS B
中央区,日本橋本町１丁目,日八京,東京都中央区日本橋本町1-7-9,35.686206,139.7775915,Space2*3（スペース2バイ3）
中央区,日本橋堀留町２丁目,-,東京都中央区日本橋堀留町2-2-9 ASビル1F,35.688258,139.781034,人形町Vision's
中央区,日本橋堀留町１丁目,-,東京都中央区日本橋堀留町1-2-9 DIG DUG B1F,35.6886,139.778838,東京ワードローブギャラリー
中央区,日本橋浜町３丁目,-,東京都中央区日本橋浜町三丁目 33-7 1F,35.685981,139.790205,マリー ギャラリー
中央区,日本橋馬喰町２丁目,-,東京都中央区日本橋馬喰町2-2-1 DDD hotel 1F,35.695251,139.7835765,PARCEL
中央区,日本橋馬喰町２丁目,-,東京都中央区日本橋馬喰町2-4-1 Bakurocactus 2F,35.695809,139.782483,SAN-AI GALLERY + contemporary art
中央区,日本橋馬喰町２丁目,-,東京都中央区日本橋馬喰町2-4-1 Bakurocactus 4F,35.695809,139.782483,TAKU SOMETANI GALLERY
中央区,日本橋馬喰町２丁目,-,東京都中央区日本橋馬喰町2-5-17,35.695773,139.783761,ラディウムーレントゲンヴェルケ
中央区,日本橋大伝馬町,-,東京都中央区日本橋大伝馬町13-1 Creative Hub 131 2F,35.690409,139.7805795,Surface
中央区,日本橋大伝馬町,-,東京都中央区日本橋大伝馬町15-3,35.691696,139.7812455,Polyphonic * viewing room
中央区,日本橋大伝馬町,-,東京都中央区日本橋大伝馬町15-3 内田ビル1F,35.691696,139.7812455,ドラックアウトスタジオ
中央区,日本橋大伝馬町,-,東京都中央区日本橋大伝馬町2-5 石倉ビル3階,35.689401,139.7778255,みうらじろうギャラリーbis
中央区,日本橋大伝馬町,-,東京都中央区日本橋大伝馬町2-5 石倉ビル4階,35.689401,139.7778255,みうらじろうギャラリー
中央区,日本橋小網町,-,東京都中央区日本橋小網町16-16,35.684937,139.7803455,ArchitectS Office gallery
中央区,日本橋小伝馬町,-,東京都中央区日本橋小伝馬町17-9 さとうビルB館4F,35.692803,139.7799045,ルーニィ 247 ファインアーツ
中央区,日本橋小伝馬町,-,東京都中央区日本橋小伝馬町4-8 大和興行ビル５階,35.690517,139.7777175,CULTIVATE
中央区,日本橋室町４丁目,日八京,東京都中央区日本橋室町4-3-7,35.689383,139.771917,アートギャラリー環
中央区,日本橋茅場町２丁目,-,東京都中央区日本橋茅場町2-17-13 第2イノウエビル401,35.678943,139.781007,レクトヴァーソギャラリー／ギャラリースペースファクトリー
中央区,日本橋茅場町２丁目,-,東京都中央区日本橋茅場町2-17-13 第二井上ビル2F,35.678943,139.781007,Gallery Suchi
中央区,日本橋茅場町１丁目,-,東京都中央区日本橋茅場町1-1-6 小浦第一ビル1F,35.681346,139.780161,ベイスギャラリー
中央区,日本橋兜町,-,東京都中央区日本橋兜町９ー７ SPC ビル３F,35.68149,139.7776455,SPC GALLERY
中央区,日本橋３丁目,日八京,東京都中央区日本橋3-2-9 三晶ビルB1F,35.680248,139.771971,MASATAKA CONTEMPORARY
中央区,日本橋３丁目,日八京,東京都中央区日本橋3-2-9 三晶ビルB1F,35.680248,139.771971,Sansiao Gallery
中央区,日本橋３丁目,日八京,東京都中央区日本橋3-8-6 第二中央ビル4F,35.680212,139.773474,不忍画廊
中央区,日本橋２丁目,日八京,東京都中央区日本橋2-10-8 日本橋日光ビル9F,35.680905,139.7747025,西村画廊
中央区,日本橋２丁目,日八京,東京都中央区日本橋2-4-1,35.680761,139.7736135,日本橋髙島屋 6F / 美術画廊X
港区,南麻布５丁目,-,東京都港区南麻布5-10-37 Esq広尾2F,35.653932,139.722957,Shintaro Akatsu Gallery
港区,南麻布５丁目,-,"東京都港区南麻布5-11-12 TOGO Bld,.B1",35.653212,139.7228895,エモン・フォトギャラリー
港区,南麻布５丁目,-,東京都港区南麻布5-2-9 インスタイル南麻布ビルディングB1F,35.655102,139.7247705,インスタイル・フォトグラフィー・センター
港区,南麻布３丁目,-,東京都港区南麻布3-20-1 麻布グリーンテラス5F,35.647722,139.7309985,Mizenka Gallery
港区,南麻布３丁目,-,東京都港区南麻布3-9-11,35.650089,139.7310615,MISA SHIN GALLERY
新宿区,南町,-,東京都新宿区南町6,35.698536,139.7369205,√K Contemporary
港区,南青山７丁目,-,東京都港区南青山7-12-10,35.658027,139.718484,ミリオンズ・オブ・カラーズ
港区,南青山６丁目,-,東京都港区南青山6-6-20,35.660097,139.717872,ギャラリー十玄門
港区,南青山６丁目,-,東京都港区南青山6-13-9 ANISE南青山B1-A,35.659854,139.7150145,WALL
港区,南青山５丁目,-,東京都港区南青山5-10-1 二葉ビルB1,35.662752,139.7109915,ピンポイントギャラリー
港区,南青山５丁目,-,東京都港区南青山5-12-3 Noirビル2F,35.661483,139.7130705,Akio Nagasawa Gallery Aoyamaz
港区,南青山５丁目,-,東京都港区南青山5-17-6-101 ビリケン商会,35.660655,139.714353,ビリケンギャラリー
港区,南青山５丁目,-,東京都港区南青山5-3-10 フロムファーストビルディング 211号室,35.662761,139.715901,ギャラリー・ウーゴズ南青山
港区,南青山５丁目,-,東京都港区南青山5-3-5 南青山ミル・ロッシュビル3階,35.663256,139.7151675,FRAMED* SPACE 表参道
港区,南青山５丁目,-,東京都港区南青山5-3-8 パレスみゆき,35.663103,139.7154825,Display
港区,南青山５丁目,-,東京都港区南青山5-4-30,35.662194,139.7142765,新生堂
港区,南青山５丁目,-,東京都港区南青山5-5-3 B1F,35.663742,139.713498,ラットホール・ギャラリー
港区,南青山５丁目,-,東京都港区南青山5-6-10・5610番館,35.663301,139.7121885,Gallery 5610
港区,南青山５丁目,-,東京都港区南青山5-7-17 小原流会館B1F,35.662374,139.712913,hpgrp Gallery 東京
港区,南青山４丁目,-,東京都港区南青山4-1-9 秋元南青山ビル1階,35.667243,139.719528,プリズミックギャラリー
港区,南青山４丁目,-,東京都港区南青山4-21-26,35.663679,139.7151135,valveat 81 Gallery
港区,南青山４丁目,-,東京都港区南青山4-23-6 1F,35.662527,139.717539,ノートンギャラリー
港区,南青山４丁目,-,東京都港区南青山4-25-14,35.663292,139.718142,ほぼ日のTOBICHI
港区,南青山４丁目,-,東京都港区南青山4-7-7,35.66592,139.719267,ギャラリー ＋ クック・ラボ como
港区,南青山３丁目,-,東京都港区南青山 3-13-23 パティオビル 6F,35.665875,139.7136015,Gallery ARCHI
港区,南青山３丁目,-,東京都港区南青山3-14-11,35.665119,139.7150775,DEE'S HALL
港区,南青山３丁目,-,東京都港区南青山3-14-4,35.665686,139.71492,3144 omotesando gallery
港区,南青山３丁目,-,東京都港区南青山3-15-6 Ripple Square D B1F,35.66511,139.7156265,SCENE
港区,南青山３丁目,-,東京都港区南青山3-16-14 #103,35.664372,139.714614,ヴォイドプラス
港区,南青山３丁目,-,東京都港区南青山3-4-11 ハヤカワビル1F,35.666784,139.7172105,スペース・ユイ
港区,南青山３丁目,-,東京都港区南青山3-8-5 M385 Building #12,35.667171,139.71555,NADAR / TOKYO （ナダール／東京）
港区,南青山２丁目,-,東京都港区南青山2-27-11 Hill Top青山1F,35.668566,139.7171565,ギャラリー・リスティ青山
港区,南青山２丁目,-,東京都港区南青山2-10-14 Aoyama Annex 1F,35.671113,139.721463,画廊くにまつ青山
港区,南青山２丁目,-,東京都港区南青山2-11-14 イチーズビル3F,35.671473,139.7210895,ICHYS GALLERY
港区,南青山２丁目,-,東京都港区南青山2-11-15 セピア絵画館B1,35.671482,139.7211795,H.A.C. Gallery
港区,南青山２丁目,-,東京都港区南青山2-6-12 アヌシー青山1F,35.671275,139.722075,酉福ギャラリー
港区,南青山２丁目,-,東京都港区南青山2-7-9,35.670141,139.7232315,サイト青山
港区,南青山１丁目,-,東京都港区南青山 1-11-39 1139南青山 2F,35.670294,139.7256525,ギャラリー石榴 南青山ルーム
港区,南青山１丁目,-,東京都港区南青山1-15-2 南青山スタジオフラットB1-II,35.669997,139.72644,Art-U room
港区,南青山１丁目,-,東京都港区南青山1-24-3 TOTO乃木坂ビル3F,35.667576,139.7265165,ギャラリー・間
港区,南青山１丁目,-,東京都港区南青山1-26-4 六本木ダイヤビル3F,35.666784,139.7272995,ギャラリー・アートアンリミテッド
渋谷区,道玄坂２丁目,-,東京都渋谷区道玄坂2-26-18 朝香ビル103号,35.659962,139.6971675,ポスターハリスギャラリー
渋谷区,道玄坂２丁目,-,東京都渋谷区道玄坂2-24-1,35.660655,139.695948,Bunkamura Box Gallery
渋谷区,道玄坂２丁目,-,東京都渋谷区道玄坂2-24-1,35.660655,139.695948,Bunkamura ギャラリー
渋谷区,道玄坂１丁目,-,東京都渋谷区道玄坂1-16-3 渋谷センタープレイス1F,35.656866,139.69818,サノウラボプラス
港区,東麻布３丁目,-,東京都港区東麻布3-4-6 1F,35.657325,139.7377395,Cale
港区,東麻布２丁目,-,東京都港区東麻布 2-12-4 信栄ビル1F,35.65764,139.7402505,Take Ninagawa
港区,東麻布２丁目,-,東京都港区東麻布2-3-4 TKBビル3F,35.657406,139.7428605,PGI
港区,東麻布１丁目,-,東京都港区東麻布1-29-4,35.655534,139.74273,Gallery Art House Kleinschmidt
中央区,東日本橋２丁目,-,東京都中央区東日本橋2-1-6 岩田屋ビル3F,35.691912,139.7851245,CSデザインセンター
千代田区,東神田１丁目,-,東京都千代田区東神田1-14-11 ヤマダビル1F,35.694252,139.782042,gallery UG
千代田区,東神田１丁目,-,東京都千代田区東神田1-14-2 カラーワークスパレットビル4F,35.693793,139.7810835,Colorworks Palette Gallery
千代田区,東神田１丁目,-,東京都千代田区東神田1-15-2 ローズビル1F,35.694468,139.782078,KOKI ARTS
千代田区,東神田１丁目,-,東京都千代田区東神田1-2-11 アガタ竹澤ビルB1F,35.693424,139.7808495,Gallery αM
千代田区,東神田１丁目,-,東京都千代田区東神田1-3-4 KTビル2F,35.693532,139.780197,Kanzan Gallery
千代田区,東神田１丁目,-,東京都千代田区東神田1-3-5-2F,35.693595,139.780368,Motus Fort
渋谷区,東２丁目,-,東京都渋谷区東2-23-8,35.653086,139.7085435,東京アーツギャラリー
渋谷区,東２丁目,-,東京都渋谷区東2-27-14 ペガサスマンション恵比寿102,35.651997,139.707657,ニーディ ギャラリー
渋谷区,東１丁目,-,東京都渋谷区東1-29-3 SHIBUYA BRIDGE B棟1F,35.653455,139.707117,CONNECT
中央区,佃１丁目,-,東京都中央区佃1-11-8 ピアウエストスクエア1階,35.669709,139.784373,ギャラリーアートコンポジション
渋谷区,大山町,-,東京都渋谷区大山町36-18,35.668638,139.6758375,MDS ギャラリー
新宿区,大京町,-,東京都新宿区大京町12-9,35.684127,139.7178405,The Artcomplex Center of Tokyo
新宿区,大久保１丁目,-,東京都新宿区大久保1-1-10 GUNKAN東新宿 602,35.698428,139.7057715,どっきん実験室ギャラリー
港区,台場２丁目,-,東京都港区台場2-6-1 グランドニッコー 東京 台場 3F,35.625051,139.7718,Gallery 21 （ギャラリー・ヴァンテアン）
渋谷区,代々木４丁目,-,東京都渋谷区代々木4-20-4,35.679555,139.6912815,Shop and Gallery Tray
渋谷区,代々木３丁目,-,東京都渋谷区代々木3-29-5,35.684541,139.6935675,ギャラリーきらり
渋谷区,代官山町,-,東京都渋谷区代官山町13-8 キャッスルマンション113,35.650368,139.7048085,Gallery 子の星
渋谷区,代官山町,-,東京都渋谷区代官山町14-10,35.650089,139.7042865,Ema Daikanyama
新宿区,早稲田鶴巻町,-,東京都新宿区早稲田鶴巻町５７４富陽ビル１・２階,35.709408,139.7277,ラ・ガルリ・デ・ナカムラ
渋谷区,千駄ケ谷３丁目,-,東京都渋谷区千駄ヶ谷3-12-14,35.677998,139.704867,GA gallery
渋谷区,千駄ケ谷３丁目,-,東京都渋谷区千駄ヶ谷3-20-10,35.676693,139.7086425,Cystem Gallery
渋谷区,千駄ケ谷３丁目,-,東京都渋谷区千駄ヶ谷3-62-1,35.67321,139.704201,K. S. GALLERY Harajuku
渋谷区,千駄ケ谷２丁目,-,東京都渋谷区千駄ヶ谷2-9-1,35.676063,139.7093535,SLOPE GALLERY
港区,赤坂９丁目,六本木,東京都港区赤坂9-2-13,35.668044,139.7320785,ninetytwo 13 gallery
港区,赤坂９丁目,六本木,東京都港区赤坂9-5-26 パレ乃木坂201,35.668026,139.7286675,Books and Modern + Blue Sheep Gallery
港区,赤坂９丁目,六本木,東京都港区赤坂9-6-16,35.666901,139.729248,Space A9（スペースエーナイン）
港区,赤坂９丁目,六本木,東京都港区赤坂9-7-1 ミッドタウン・タワー5F,35.666145,139.7312325,東京ミッドタウン・デザインハブ
港区,赤坂７丁目,赤坂,東京都港区赤坂7-3-38,35.67285,139.7290275,カナダ大使館高円宮記念ギャラリー
港区,西麻布３丁目,-,東京都港区西麻布3-13-15 パロマプラザB2,35.657172,139.7240595,K-Gallery
港区,西麻布２丁目,-,東京都港区西麻布2-11-10 霞町ビル3F,35.661609,139.722156,ギャラリー Closet
港区,西麻布２丁目,-,東京都港区西麻布2-12-4 小倉ビル3Ｆ,35.661159,139.722588,NANATASU GALLERY
港区,西麻布２丁目,-,東京都港区西麻布2-13-12 早野ビル404,35.659944,139.7230245,SNOW Contemporary
港区,西麻布２丁目,-,東京都港区西麻布2-7-5-4F,35.662203,139.721184,GALLERY WATER
港区,西麻布２丁目,-,東京都港区西麻布2-7-5-5F,35.662203,139.721184,KANA KAWANISHI PHOTOGRAPHY
港区,西麻布１丁目,-,東京都港区西麻布1-15-15 浅井ビル1F,35.661726,139.723038,CALM & PUNK GALLERY
港区,西麻布１丁目,-,東京都港区西麻布1-8-12 Barbizon61 2F,35.660547,139.724964,ギャラリーサイド2
港区,西麻布１丁目,-,東京都港区西麻布1-8-4 三保硝子店 B1,35.6607,139.7258235,JAGDA TOKYO
港区,西麻布１丁目,-,東京都港区西麻布1-9-13,35.661195,139.724838,赤々舎 (AKAAKA)
新宿区,西早稲田２丁目,-,東京都新宿区西早稲田2-3-1,35.707743,139.7168145,早稲田スコットホールギャラリー
千代田区,西神田３丁目,-,東京都千代田区西神田3-8-5,35.698941,139.7532465,nuisance galerie
千代田区,西神田２丁目,-,東京都千代田区西神田2-3-5 千栄ビル1Ｆ,35.698014,139.755051,Gallery mestalla (ギャラリーメスタージャ)
千代田区,西神田１丁目,-,東京都千代田区三崎町2-21-6 1階,35.69979538,139.7560926,Ohshima Fine Art
新宿区,西新宿７丁目,-,東京都新宿区西新宿7-14-5,35.694999,139.696956,河合塾美術研究所 Gallery Kart
新宿区,西新宿６丁目,-,東京都新宿区西新宿6-6-2 ヒルトン東京 B1F ヒルトピアショッピングアーケード内,35.693019,139.6908495,フジギャラリー新宿
新宿区,西新宿４丁目,-,東京都新宿区西新宿4-32-6 パークグレース新宿206,35.687457,139.688919,ユミコチバアソシエイツ viewing room shinjuku
新宿区,西新宿３丁目,-,東京都新宿区西新宿3-18-2 サンビューハイツ新宿101,35.685018,139.6877175,HAGIWARA PROJECTS（ハギワラプロジェクツ）
新宿区,西新宿３丁目,-,東京都新宿区西新宿3-18-2-102,35.685018,139.6877175,ケンジタキギャラリー
新宿区,西新宿１丁目,-,東京都新宿区西新宿1-10-1 MY新宿第2ビル B1F,35.689779,139.698378,ヨドバシフォトギャラリー INSTANCE
新宿区,西新宿１丁目,-,東京都新宿区西新宿1-1-4 6F,35.689905,139.699152,京王百貨店 新宿店 ギャラリー
新宿区,西新宿１丁目,-,東京都新宿区西新宿1-25-1 新宿センタービルMB（中地下1階）,35.691705,139.6955205,リコーイメージングスクエア新宿
新宿区,西新宿１丁目,-,東京都新宿区西新宿1-6-1 新宿エルタワー28階 ニコンプラザ新宿内,35.692119,139.697316,ニコンプラザ新宿 THE GALLERY 1・2
港区,西新橋１丁目,虎ノ門,東京都港区西新橋1-4-12 長尾ビル7F,35.669583,139.753746,アート・インタラクティヴ東京（A.I.T.）
新宿区,西五軒町,-,東京都新宿区西五軒町5-1 エーワビル1F,35.706285,139.7377035,Maki Fine Arts
新宿区,西五軒町,-,東京都新宿区西五軒町5-1 エーワビル3F,35.706285,139.7377035,スプラウト・キュレーション
渋谷区,西原３丁目,-,東京都渋谷区西原3-17-8 dig bldg. 3F,35.669808,139.680342,SPACE8
渋谷区,西原３丁目,-,東京都渋谷区西原3-23-4 コート代々木上原102,35.670456,139.683447,20202（ツーオーツーオーツー）
渋谷区,西原２丁目,-,東京都渋谷区西原2-26-5 パールマンション102,35.674677,139.6787625,パールブックショップ&ギャラリー
渋谷区,西原１丁目,-,東京都渋谷区西原1-18-7,35.675442,139.6783485,gallery commune
渋谷区,神南１丁目,-,東京都渋谷区神南1-19-8 渋谷区立勤労福祉会館1F,35.6625,139.6996785,東京都渋谷公園通りギャラリー
渋谷区,神南１丁目,-,東京都渋谷区神南1-9-7 丸栄ビル旧館1F,35.664471,139.701492,ファイアストリートギャラリー
千代田区,神田東松下町,-,東京都千代田区神田東松下町19 興亜第1ビル B1・B2F,35.694396,139.774023,ファーブル8710
千代田区,神田東松下町,-,東京都千代田区神田東松下町19 興亜第1ビルB1,35.694396,139.774023,"Right, there is nothing."
千代田区,神田淡路町２丁目,-,東京都千代田区神田淡路町2-11,35.697861,139.76766,御茶ノ水画廊 / 淡路町画廊
千代田区,神田須田町２丁目,-,東京都千代田区神田須田町2-25 三和ビル6Ｆ,35.696736,139.7738385,アートマルシェ神田ギャラリー
千代田区,神田神保町３丁目,-,東京都千代田区神田神保町3-2-3 神保町プレイス9F（美術出版社内）,35.696106,139.75443,BT gallery
千代田区,神田神保町１丁目,-,東京都千代田区神田神保町1-11 2F,35.695503,139.758516,gallery 福果
千代田区,神田神保町１丁目,-,東京都千代田区神田神保町1-21-1 文房堂ビル4F,35.695251,139.760919,文房堂ギャラリー
千代田区,神田神保町１丁目,-,東京都千代田区神田神保町1-37 武田ビル1F,35.694747,139.7599335,51%（五割一分） Tokyo
千代田区,神田司町,-,東京都千代田区神田司町2-16 楽道庵 1F,35.693037,139.768506,TETOKA（テトカ）
千代田区,神田司町,-,東京都千代田区神田司町2-9-1 B1F,35.693442,139.7672595,ピナコテーカ ギャラリー
千代田区,神田紺屋町,-,東京都千代田区神田紺屋町46 アルタビル6F,35.692983,139.77315,gallery N 神田社宅
千代田区,神田錦町３丁目,-,東京都千代田区神田錦町3-18-3,35.693262,139.7613825,見本帖本店
千代田区,神田錦町３丁目,-,東京都千代田区神田錦町3-20 3F,35.693379,139.7608695,SOBO
千代田区,神田岩本町,-,東京都千代田区神田岩本町4,35.694477,139.7747925,ゼンシ
渋谷区,神宮前６丁目,-,東京都渋谷区神宮前6-12-9,35.666163,139.7043945,BLOCK HOUSE
渋谷区,神宮前６丁目,-,東京都渋谷区神宮前6-12-9,35.666163,139.7043945,HARUKAITO by island
渋谷区,神宮前６丁目,-,東京都渋谷区神宮前6-12-9 1F,35.666163,139.7043945,COMMON
渋谷区,神宮前６丁目,-,東京都渋谷区神宮前6-14-5,35.666172,139.705488,BANK GALLERY
渋谷区,神宮前６丁目,-,東京都渋谷区神宮前6-32-5 ドルミ原宿201号,35.667828,139.7044035,L'illustre Galerie LE MONDE（ル・モンド）
渋谷区,神宮前６丁目,-,東京都渋谷区神宮前6-32-7 近藤ビル 1F,35.667612,139.7041245,Printed Union
渋谷区,神宮前６丁目,-,東京都渋谷区神宮前6-33-14 神宮ハイツ301/302,35.668089,139.704093,Art Space AM
渋谷区,神宮前６丁目,-,東京都渋谷区神宮前6-9-6,35.667,139.705209,ギャラリーMOGRA
渋谷区,神宮前５丁目,-,東京都 渋谷区 神宮前 5-49-7,35.663265,139.709421,ボックスギャラリー 表参道 キューブ
渋谷区,神宮前５丁目,-,東京都渋谷区神宮前5-10-1 3F,35.667396,139.706838,GYRE GALLERY
渋谷区,神宮前５丁目,-,"東京都渋谷区神宮前5-10-1, 3F",35.667396,139.706838,ac Salon
渋谷区,神宮前５丁目,-,東京都渋谷区神宮前5-13-1 アルス表参道,35.666172,139.7071035,アルスギャラリー
渋谷区,神宮前５丁目,-,東京都渋谷区神宮前5-21-2,35.665209,139.70529,THE SECRET MUSEUM
渋谷区,神宮前５丁目,-,東京都渋谷区神宮前5-36-6 ケーリーマンション2C,35.66439,139.7057895,UTRECHT / NOW IDeA
渋谷区,神宮前５丁目,-,東京都渋谷区神宮前5-39-12,35.66421,139.706424,Raum 1F
渋谷区,神宮前５丁目,-,東京都渋谷区神宮前5-46-14 3F,35.664057,139.7082285,Paul Smith SPACE Gallery
渋谷区,神宮前５丁目,-,東京都渋谷区神宮前５－５１－１フィットネスプラザ,35.663211,139.70907,康ギャラリー
渋谷区,神宮前５丁目,-,東京都渋谷区神宮前5‐51‐3‐1F,35.663094,139.7093445,ギャラリーGAN
渋谷区,神宮前５丁目,-,東京都渋谷区神宮前5-52-2 青山オーバルビル2F,35.662725,139.708863,GoFa
渋谷区,神宮前５丁目,-,東京都渋谷区神宮前5-53-3 TBSハウジング渋谷 TOKYO HOMES COLLECTION内 積水ハウス渋谷展示場 ビエナ青山コレクション 1F,35.663112,139.706343,ビエナアートスペース
渋谷区,神宮前５丁目,-,東京都渋谷区神宮前5-53-70 UNハウス,35.662356,139.7082645,UNギャラリー
渋谷区,神宮前５丁目,-,東京都渋谷区神宮前5-7-5 ルイ・ヴィトン表参道ビル7階,35.66646,139.709079,エスパス ルイ・ヴィトン東京
渋谷区,神宮前４丁目,-,東京都渋谷区神宮前4-12-10 表参道ヒルズ同潤館3F,35.66736,139.708818,ROCKET
渋谷区,神宮前４丁目,-,東京都渋谷区神宮前4-12-10 表参道ヒルズ 同潤会青山アパート再生棟「同潤館」2階,35.66736,139.708818,ギャラリー同潤会
渋谷区,神宮前４丁目,-,東京都渋谷区神宮前4-11-11,35.66709,139.7096865,MASAHIRO MAKI GALLERY
渋谷区,神宮前４丁目,-,東京都渋谷区神宮前4-12-10 表参道ヒルズ 西館1階 W104,35.66736,139.708818,Gallery80 （ギャラリー・エイティ)
渋谷区,神宮前４丁目,-,東京都渋谷区神宮前4-1-23 1F,35.668287,139.712751,OPA gallery･shop
渋谷区,神宮前４丁目,-,東京都渋谷区神宮前4-14-5 Cabina表参道1F,35.667747,139.710312,ピクトリコ ショップ&ギャラリー表参道
渋谷区,神宮前４丁目,-,東京都渋谷区神宮前4-17-16 NICHII PRAT2 1F,35.669178,139.710042,HAKABOCHI
渋谷区,神宮前４丁目,-,東京都渋谷区神宮前4-17-3 アーク・アトリウム B02,35.668755,139.710186,表参道画廊
渋谷区,神宮前４丁目,-,東京都渋谷区神宮前4-17-3 アーク・アトリウム B02,35.668755,139.710186,ミュゼF
渋谷区,神宮前４丁目,-,東京都渋谷区神宮前4-2-19,35.666964,139.7115585,ギャラリーニイク
渋谷区,神宮前４丁目,-,東京都渋谷区神宮前4-23-2 原宿テラス101,35.669232,139.709556,表参道 Overland Gallery
渋谷区,神宮前４丁目,-,東京都渋谷区神宮前4-25-3,35.669349,139.708521,COCONANI左←→右
渋谷区,神宮前４丁目,-,東京都渋谷区神宮前4-26-28 JUNK YARD 3F,35.66907,139.7074815,WAG Gallery
渋谷区,神宮前４丁目,-,東京都渋谷区神宮前4‐28‐11-1F,35.668737,139.7069505,ギャラリーGAN.f
渋谷区,神宮前４丁目,-,東京都渋谷区神宮前4-28-15,35.668539,139.706649,Lamp harajuku
渋谷区,神宮前４丁目,-,東京都渋谷区神宮前4-28-16 TX101ビル3F,35.668809,139.7069325,LOV-LAB (LOVELIES LABORATORY)
渋谷区,神宮前４丁目,-,東京都渋谷区神宮前4-5-4 原宿エノモトビル1F,35.667639,139.711932,HB ギャラリー
渋谷区,神宮前３丁目,-,東京都渋谷区神宮前3-20-13,35.669961,139.7080035,VACANT
渋谷区,神宮前３丁目,-,東京都渋谷区神宮前3-20-18,35.670555,139.7081475,デザインフェスタギャラリー原宿
渋谷区,神宮前３丁目,-,東京都渋谷区神宮前3-21-6 大崎ビル3F,35.670339,139.7078955,THE blank GALLERY
渋谷区,神宮前３丁目,-,東京都渋谷区神宮前3-42-5 サイオンビル1Ｆ,35.670933,139.7138265,トキ・アートスペース
渋谷区,神宮前３丁目,-,東京都渋谷区神宮前3-41-3,35.67087,139.7136285,EUKARYOTE（ユーカリオ）
渋谷区,神宮前２丁目,-,東京都渋谷区神宮前2-13-8 アビターレ神宮前B-3,35.674758,139.71204,VIGLOWA
渋谷区,神宮前２丁目,-,東京都渋谷区神宮前2-30-28 原宿ホームズ101,35.674695,139.708638,Gallery 38
渋谷区,神宮前２丁目,-,東京都渋谷区神宮前2-31-18,35.672553,139.708377,ペーターズ・ショップ・アンド・ギャラリー
渋谷区,神宮前２丁目,-,東京都渋谷区神宮前2-31-2 FACTORY-01,35.673444,139.7091735,BookGallery Caution
渋谷区,神宮前２丁目,-,東京都渋谷区神宮前2-32-10,35.672265,139.708728,Gallery Target
渋谷区,神宮前２丁目,-,東京都渋谷区神宮前2-3-24,35.674011,139.7127645,Popularity GALLERY & STUDIO
渋谷区,神宮前２丁目,-,東京都渋谷区神宮前2-33-12 ビラビアンカ501,35.673489,139.708053,PROJECT 501
渋谷区,神宮前２丁目,-,東京都渋谷区神宮前2-4-7 1F,35.672733,139.7132595,MAHO KUBOTA GALLERY
渋谷区,神宮前１丁目,-,東京都渋谷区神宮前1-12-6 ドヒビル1F,35.669331,139.704624,SORAMA GALLERY
渋谷区,神宮前１丁目,-,東京都渋谷区神宮前1-1-3,35.674146,139.707162,UltraSuperNew Gallery
渋谷区,神宮前１丁目,-,東京都渋谷区神宮前1-14-34 原宿神宮の森 5F,35.670987,139.703247,BLUM & POE
中央区,新富２丁目,-,東京都中央区新富2-2-6,35.671644,139.7726145,ギャラリーオリム
中央区,新富１丁目,-,東京都中央区新富1-5-5 トーア新富マンション102,35.673057,139.773321,Red and Blue Gallery
中央区,新川２丁目,-,東京都中央区新川2-7-1 オリエンタルビル 地下,35.676261,139.7806695,七針
中央区,新川１丁目,-,東京都中央区新川1-9-9 栗原ビル2F,35.677251,139.782708,Gallery Archipelago
新宿区,新宿５丁目,-,東京都新宿区新宿5-18-11 タナカビル101,35.694702,139.706271,新宿眼科画廊
新宿区,新宿４丁目,-,東京都新宿区新宿4-4-15,35.688537,139.7048625,ギャラリー新宿座
新宿区,新宿３丁目,-,東京都新宿区新宿3?1?32 新宿ビル2号館5階,35.689752,139.706379,KEN NAKAHASHI
新宿区,新宿３丁目,-,東京都新宿区新宿3-32-6 BEAMS JAPAN 5F,35.690355,139.70403,Bギャラリー
新宿区,新宿３丁目,-,東京都新宿区新宿3-37-11 安与ビルB2F,35.690553,139.701312,柿傳ギャラリー
新宿区,新宿３丁目,-,東京都新宿区新宿3-8-9 新宿Qビル4F,35.690625,139.706667,サードディストリクトギャラリー
新宿区,新宿２丁目,-,東京都新宿区新宿2-16-11-401,35.691444,139.7087055,KULA PHOTO GALLERY
新宿区,新宿２丁目,-,東京都新宿区新宿2-16-11-401,35.691444,139.7087055,フォトグラファーズギャラリー
新宿区,新宿１丁目,-,東京都新宿区新宿1-2-11 近代ビル3F,35.687745,139.712652,Place M
港区,新橋５丁目,虎ノ門広域,東京都港区新橋5-19-15 アド・タイヘイビル1Ｆ,35.663283,139.7542365,いつき美術画廊
渋谷区,上原２丁目,-,東京都渋谷区上原2-29-13,35.663769,139.681548,No.12 gallery
渋谷区,松涛２丁目,-,東京都渋谷区松涛2-11-1,35.659611,139.690413,ギャラリー TOM
渋谷区,松涛１丁目,-,東京都渋谷区松濤1-26-23,35.65926,139.693518,ギャラリエ アンドウ
渋谷区,渋谷３丁目,-,東京都渋谷区渋谷3-16-3 ルデコビル,35.656155,139.705155,ギャラリー・ルデコ
渋谷区,渋谷３丁目,-,東京都渋谷区渋谷3-5-5 HAKKAビル4F,35.657919,139.706964,gallery trim.
渋谷区,渋谷２丁目,-,東京都渋谷区渋谷2-17-3 渋谷アイビスビルB1F,35.659206,139.704705,AISHO MIURA ARTS（アイショウミウラアーツ）
渋谷区,渋谷２丁目,-,東京都渋谷区渋谷2-17-3 渋谷アイビスビルB1F,35.659206,139.704705,CASE TOKYO
渋谷区,渋谷２丁目,-,東京都渋谷区渋谷2-17-3 渋谷アイビスビルB2F,35.659206,139.704705,NANZUKA
渋谷区,渋谷２丁目,-,東京都渋谷区渋谷2-17-3 渋谷アイビスビル地下1階,35.659206,139.704705,アトランティコ ギャラリー SHIBUYA
渋谷区,渋谷２丁目,-,東京都渋谷区渋谷2-21-1 渋谷ヒカリエ8F,35.659116,139.7039265,渋谷ヒカリエ 8/ COURT
渋谷区,渋谷２丁目,-,東京都渋谷区渋谷2-21-1 渋谷ヒカリエ8F,35.659116,139.7039265,"渋谷ヒカリエ 8/ CUBE 1, 2, 3"
渋谷区,渋谷２丁目,-,東京都渋谷区渋谷2-5-9 パル青山ビル4/5階,35.659458,139.708053,青山ハウススタジオ & aoyama401
渋谷区,渋谷２丁目,-,東京都渋谷区渋谷2-6-9 2F,35.659809,139.70772,SUIFUL
渋谷区,渋谷２丁目,-,東京都渋谷区渋谷2-21-1 渋谷ヒカリエ8F,35.659116,139.7039265,渋谷ヒカリエ 8/ d47 MUSEUM
渋谷区,渋谷１丁目,-,東京都渋谷区渋谷1-23-16 cocoti B1F,35.662023,139.702626,DIESEL ART GALLERY
新宿区,住吉町,-,東京都新宿区住吉町10-10,35.693856,139.719942,S.Y.P art space
新宿区,市谷田町３丁目,-,東京都新宿区市谷田町3-13 神楽ビル2F,35.696736,139.73931,ミヅマ・アクション
新宿区,市谷田町３丁目,-,東京都新宿区市谷田町3-13 神楽ビル2F,35.696736,139.73931,ミヅマアートギャラリー（市ヶ谷）
新宿区,市谷砂土原町３丁目,-,東京都新宿区市谷砂土原町3-19,35.697726,139.7377845,Artemiss Contemporary
新宿区,四谷４丁目,-,東京都新宿区四谷4-10 メイプル花上2F,35.688087,139.7170305,ギャラリーニエプス
新宿区,四谷４丁目,-,東京都新宿区四谷四丁目22 第二富士川ビル１F,35.690238,139.7163195,Totem Pole Photo Gallery
新宿区,四谷３丁目,-,東京都新宿区四谷3-12 サワノボリビル9F,35.687601,139.7193705,TS4312
港区,三田３丁目,-,東京都港区三田3-4-21 第2三田朝日ビル B1F,35.646228,139.7440935,YOKOI FINE ART
渋谷区,桜丘町,-,東京都渋谷区桜丘町15-8 高木ビル412号室,35.655948,139.701771,Room_412
渋谷区,桜丘町,-,東京都渋谷区桜丘町26-1 セルリアンタワーB2F,35.656353,139.699593,GMO Gallery
千代田区,麹町３丁目,-,東京都千代田区麹町3-4-2,35.68464,139.738023,麹町画廊
港区,高輪１丁目,-,東京都港区高輪1-7-11 白金高輪ビル3F,35.642142,139.734828,room021 by ozi design works inc.
港区,港南２丁目,-,東京都港区港南2-16-6 キヤノンSタワー 1F,35.625618,139.7401335,キヤノンギャラリーS
港区,港南２丁目,-,東京都港区港南2-16-6 キヤノンSタワー 2F,35.625618,139.7401335,オープンギャラリー1・2
港区,元麻布３丁目,-,東京都港区元麻布3-1-35 c-MA3レジデンス B2F,35.657982,139.727673,P-House
港区,元麻布３丁目,-,東京都港区元麻布3丁目12番地3号,35.656245,139.732578,元麻布ギャラリー
港区,元麻布２丁目,-,東京都港区元麻布2-3-30 元麻布クレストビル B1,35.653914,139.727196,Kaikai Kiki Gallery
渋谷区,元代々木町,-,東京都渋谷区元代々木町55-6,35.673435,139.6874835,CASE GALLERY
中央区,月島１丁目,-,東京都中央区月島1-23-10 3F,35.663796,139.782294,Gallery MAKI 実験室
渋谷区,恵比寿南３丁目,-,東京都渋谷区恵比寿南3-7-17 1F,35.645742,139.703607,AL
渋谷区,恵比寿南２丁目,-,東京都渋谷区恵比寿南2-10-4 ART CUBE EBIS B1F,35.643798,139.708818,弘重ギャラリー
渋谷区,恵比寿南２丁目,-,東京都渋谷区恵比寿南2-8-13 キョウデンビル2F,35.644653,139.708755,ギャラリー ここ
渋谷区,恵比寿南１丁目,-,東京都渋谷区恵比寿南1-12-2 南ビル3F,35.645913,139.710024,LIBRAIRIE6 /シス書店
渋谷区,恵比寿南１丁目,-,東京都渋谷区恵比寿南1-22-3,35.643303,139.711527,アメリカ橋ギャラリー
渋谷区,恵比寿南１丁目,-,東京都渋谷区恵比寿南1‐3‐6 CIビル 4F,35.645724,139.708053,OVER THE BORDER
渋谷区,恵比寿西２丁目,-,東京都渋谷区恵比寿西2-4-6 佐々木ビル1F,35.650926,139.707432,ギャラリーガングリオン
渋谷区,恵比寿西１丁目,-,東京都渋谷区恵比寿西1-31-12 FLEG2F,35.647821,139.704984,(g) Good Design Company
渋谷区,恵比寿西１丁目,-,東京都渋谷区恵比寿西1-33-3 光雲閣110号室,35.647326,139.704066,Fm
渋谷区,恵比寿西１丁目,-,東京都渋谷区恵比寿西1-35-16 代官山アドブルビル,35.647704,139.702689,STALOGY LABORATORY TOKYO
渋谷区,恵比寿西１丁目,-,東京都渋谷区恵比寿西1-4-7 POINT 1階,35.64837,139.708152,POINT
渋谷区,恵比寿４丁目,-,東京都渋谷区恵比寿4-8-3 神原ビル1階,35.645652,139.7135295,Galerie Malle（ギャラリーまぁる）
渋谷区,恵比寿３丁目,-,東京都渋谷区恵比寿3-3-8,35.645094,139.718943,MA2 Gallery
渋谷区,恵比寿２丁目,-,東京都渋谷区恵比寿2-16-8 大串ビル1F,35.646831,139.7189925,CAGE GALLERY
渋谷区,恵比寿２丁目,-,東京都渋谷区恵比寿2-21-3,35.647884,139.719564,工房親
渋谷区,恵比寿２丁目,-,東京都渋谷区恵比寿2-3-6 B1F,35.647938,139.718268,ギャラリードゥポワソン
渋谷区,恵比寿１丁目,-,東京都渋谷区恵比寿1-18-4 NADiff A/P/A/R/T 2F,35.647416,139.71429,スクールデレック芸術社会学研究所
渋谷区,恵比寿１丁目,-,東京都渋谷区恵比寿1-18-4 NADiff A/P/A/R/T 3F,35.647416,139.71429,MEM
渋谷区,恵比寿１丁目,-,東京都渋谷区恵比寿1-30-15 サイトビル B1,35.647281,139.7166615,Site
千代田区,九段南４丁目,-,東京都千代田区九段南4-8-21,35.69085,139.737159,山脇ギャラリー
千代田区,九段南２丁目,-,東京都千代田区九段南2-1-17 パークマンション千鳥ヶ淵1Ｆ,35.691534,139.7468385,NIKIギャラリー册
千代田区,九段南２丁目,-,東京都千代田区九段南2-2-8 松岡九段ビルディング205号室,35.694333,139.747167,成山画廊
千代田区,九段南１丁目,-,東京都千代田区神保町神田2-20 第2富士ビルディング3F,35.69393006,139.7537114,TANA Gallery Bookshelf
千代田区,九段南１丁目,-,東京都千代田区猿楽町2-2-1澤田ビル202,35.69393006,139.7537114,The White
中央区,銀座８丁目,-,東京都中央区銀座8-1-10 高速道路ビル,35.66836269,139.7606556,銀座アートホール
中央区,銀座８丁目,-,東京都中央区銀座8-10-4 和孝銀座8丁目ビル 1F,35.667972,139.7626245,ART FOR THOUGHT
中央区,銀座８丁目,-,東京都中央区銀座8-10-5 7F,35.667792,139.7623815,東京画廊＋BTAP
中央区,銀座８丁目,-,東京都中央区銀座8-10-7 東成ビル地下2F,35.667693,139.762062,ヴァニラ画廊
中央区,銀座８丁目,-,東京都中央区銀座8-12-13 豊川ビル1F,35.667441,139.7627865,クオリアジャンクション
中央区,銀座８丁目,-,東京都中央区銀座8-12-6 小野商ビル5Ｆ,35.667351,139.762854,ギャラリー池田美術
中央区,銀座８丁目,-,東京都中央区銀座8-15-10 Dia Heights 904,35.666055,139.7632635,Ginza the Edge
中央区,銀座８丁目,-,東京都中央区銀座8-18-11 銀座エスシービル,35.66592,139.7646225,AJC TOKYO
中央区,銀座８丁目,-,東京都中央区銀座8-2-8,35.669511,139.7597535,吉井画廊 1
中央区,銀座８丁目,-,東京都中央区銀座8-4-17 リクルートGINZA8ビル1F,35.668602,139.7594115,クリエイションギャラリーG8
中央区,銀座８丁目,-,東京都中央区銀座8-4-25,35.66943,139.760226,吉井画廊
中央区,銀座８丁目,-,東京都中央区銀座8-6-25 河北新報ビル5F,35.669169,139.761027,永井画廊
中央区,銀座８丁目,-,東京都中央区銀座8-8-17 伊勢萬ビル8階,35.668314,139.761369,兜屋画廊
中央区,銀座８丁目,-,東京都中央区銀座8-8-19 2F,35.668521,139.761558,Wada Fine Arts
中央区,銀座８丁目,-,東京都中央区銀座8-8-3 資生堂ビルB1F,35.668539,139.761891,資生堂ギャラリー
中央区,銀座７丁目,-,東京都中央区銀座7-10-11 日本アニメーションビル1F,35.668206,139.7628585,たけだ美術
中央区,銀座７丁目,-,東京都中央区銀座7-10-8,35.668476,139.7629845,シロタ画廊
中央区,銀座７丁目,-,東京都中央区銀座7-11-11 長谷川ビル3F,35.668062,139.7631195,十一月画廊
中央区,銀座７丁目,-,東京都中央区銀座7-12-5 銀星ビル5F,35.668233,139.76406,SH ART PROJECT
中央区,銀座７丁目,-,東京都中央区銀座7-12-5 銀星ビル7F,35.668233,139.76406,nada art gallery
中央区,銀座７丁目,-,東京都中央区銀座7-13-22 磯部ビル2階,35.668233,139.7644425,牧神画廊／pboxx (ピーボックス)
中央区,銀座７丁目,-,東京都中央区銀座7-17-1 銀座武蔵野ビル 1F,35.666721,139.7663505,un petit Garage
中央区,銀座７丁目,-,東京都中央区銀座7-2-4 松尾ビル2F,35.670942,139.7606985,画廊春秋
中央区,銀座７丁目,-,東京都中央区銀座7-3-15 ぜん屋ビル1F,35.670474,139.7604645,ギャラリー広田美術
中央区,銀座７丁目,-,東京都中央区銀座7-3-5 ヒューリックG7ビル1F&B1F,35.670726,139.760883,泰明画廊
中央区,銀座７丁目,-,東京都中央区銀座７－３－６ ウェスト ２階,35.670357,139.76064,ギャラリーｅシエスタ
中央区,銀座７丁目,-,東京都中央区銀座7-5-4,35.670285,139.761711,ギャルリーためなが
中央区,銀座７丁目,-,東京都中央区銀座7-5-4 毛利ビル5F,35.670285,139.761711,77 Gallery
中央区,銀座７丁目,-,東京都中央区銀座7-7-2 DNP銀座ビル1F,35.669691,139.7625075,ギンザ・グラフィック・ギャラリー
中央区,銀座７丁目,-,東京都中央区銀座7-3-5 ヒューリック銀座7丁目ビルB1F,35.670726,139.760883,ガーディアン・ガーデン
中央区,銀座６丁目,-,東京都中央区銀座6-10-1,35.669736,139.763943,THE CLUB
中央区,銀座６丁目,-,東京都中央区銀座6-13-4 銀座S2ビル 1・2 階,35.669079,139.765167,ガレリア・グラフィカ
中央区,銀座６丁目,-,東京都中央区銀座6-13-7 新保ビル3F,35.668872,139.764888,ギャルリー志門
中央区,銀座６丁目,-,東京都中央区銀座6-4-7 いらか銀座ビル8F,35.671194,139.7615085,ギャラリー上田
中央区,銀座６丁目,-,東京都中央区銀座6-5-11 第15丸源ビル1階,35.670735,139.761639,シルクランド画廊
中央区,銀座６丁目,-,東京都中央区銀座6-7-16 並木通り第一岩月ビル3F,35.670591,139.762584,ヒロ画廊
中央区,銀座６丁目,-,東京都中央区銀座6-7-18 デイム銀座ビル3F,35.670717,139.7627415,ジェイトリップ アートギャラリー
中央区,銀座６丁目,-,東京都中央区銀座６－７－１９ 空也ビル ３Ｆ,35.670798,139.7628135,番町画廊
中央区,銀座５丁目,-,東京都中央区銀座5-14-16 銀座アビタシオン102,35.6688,139.7671335,靖山画廊
中央区,銀座５丁目,-,東京都中央区銀座5-3-12 壹番館ビルディング B1F,35.67159,139.7624985,思文閣銀座
中央区,銀座５丁目,-,東京都中央区銀座5-3-16,35.671905,139.762935,日動画廊
中央区,銀座５丁目,-,東京都中央区銀座5-4-9 6F,35.671356,139.7628135,CHROME HEARTS GINZA
中央区,銀座５丁目,-,東京都中央区銀座5-5-12,35.671077,139.7631735,文芸春秋画廊
中央区,銀座５丁目,-,東京都中央区銀座5-5-4,35.671563,139.763889,アルマーニ ／ 銀座タワー
中央区,銀座５丁目,-,東京都中央区銀座5-5-9 アベビル3階,35.671005,139.7633085,ナカジマアート
中央区,銀座５丁目,-,東京都中央区銀座5-7-2 三愛ドリームセンター 8F,35.671185,139.764645,リコーイメージングスクエア銀座8F A.W.P ギャラリーゾーン
中央区,銀座５丁目,-,東京都中央区銀座5-7-2 三愛ドリームセンター 9F,35.671185,139.764645,リコーイメージングスクエア銀座9F フォトスペース
中央区,銀座５丁目,-,東京都中央区銀座5-8-1 銀座プレイス6階,35.670843,139.7650185,ソニーイメージングギャラリー 銀座
中央区,銀座５丁目,-,東京都中央区銀座5-9-19 サンブリッジビル 1/2F,35.670474,139.765284,晶アート
中央区,銀座５丁目,-,東京都中央区銀座5-5-15,35.671302,139.763349,養清堂画廊
中央区,銀座４丁目,-,東京都中央区銀座4-11-3 ウインド銀座ビル 5F,35.670177,139.7683305,Art Gallery M84
中央区,銀座４丁目,-,東京都中央区銀座4-13-3,35.669583,139.7689875,Gallery MUMON
中央区,銀座４丁目,-,東京都中央区銀座4-4-13 琉映ビル4F,35.672094,139.764762,Gallery 58
中央区,銀座４丁目,-,東京都中央区銀座4-4-13 琉映ビル5F,35.672094,139.764762,GALLERY TERASHITA
中央区,銀座４丁目,-,東京都中央区銀座4-4-5,35.672049,139.7649735,ギャラリー・オカベ
中央区,銀座４丁目,-,東京都中央区銀座4-5-16 銀座四丁目ビル8F,35.672013,139.7652525,銀座美術館
中央区,銀座４丁目,-,東京都中央区銀座4-9-5 銀昭ビル6F,35.670627,139.767075,Akio Nagasawa Gallery Ginza
中央区,銀座３丁目,-,東京都中央区銀座3-5-16 島田ビル,35.672661,139.7659545,青木画廊
中央区,銀座３丁目,-,東京都中央区銀座3-13-17 辰中ビル302 石田法律事務所内,35.670546,139.769325,IG Photo Gallery
中央区,銀座３丁目,-,東京都中央区銀座3-4-17三徳ビル4F,35.673012,139.765725,アーティスト・イン
中央区,銀座３丁目,-,東京都中央区銀座3-5-16 3階,35.672661,139.7659545,和田画廊
中央区,銀座３丁目,-,東京都中央区銀座3-5-4 MCM GINZA HAUS 1 6階,35.672841,139.7663955,ケーニッヒ・キ゛ャラリー
中央区,銀座３丁目,-,東京都中央区銀座3-5-7 マツザワビル4F,35.672562,139.766103,ノリ ギャラリー
中央区,銀座３丁目,-,東京都中央区銀座3-7-20 銀座日本料理会館2F,35.672283,139.767192,ギャラリー アートもりもと
中央区,銀座３丁目,-,東京都中央区銀座3-8-12 ヤマトビルB1F,35.671518,139.7673405,コバヤシ画廊
中央区,銀座３丁目,-,東京都中央区銀座3-9-7,35.671446,139.767696,キヤノンギャラリー 銀座
中央区,銀座２丁目,-,東京都中央区銀座2-5-2,35.674101,139.767156,ギンザギャラリーハウス
中央区,銀座２丁目,-,東京都中央区銀座2-11-4 富善ビル1F,35.672409,139.7692215,アートギャラリー銀座
中央区,銀座２丁目,-,東京都中央区銀座2-11-4 富善ビル1F,35.672409,139.7692215,ギャルリーヴィヴァン
中央区,銀座２丁目,-,東京都中央区銀座2-16-12 銀座大塚ビルB1,35.670888,139.7702025,Megumi Ogita Gallery
中央区,銀座２丁目,-,東京都中央区銀座2-2-18 西欧ビル7F,35.674749,139.76568,銀座西欧ギャラリー
中央区,銀座２丁目,-,東京都中央区銀座2-2-18 西欧ビル8F,35.674749,139.76568,零 8 (ゼロハチ)
中央区,銀座２丁目,-,東京都中央区銀座2-3-2,35.674704,139.766274,NUKAGA GALLERY
中央区,銀座２丁目,-,東京都中央区銀座2-5-18銀座白井ビルB1F,35.674056,139.7668365,Ｇアートギャラリー
中央区,銀座１丁目,-,東京都 中央区 銀座1-9-8 奥野ビルB1,35.673723,139.7687805,銀座小野画廊・II
中央区,銀座１丁目,-,東京都 中央区 銀座1-9-8 奥野ビルB1,35.673723,139.7687805,巷房階段下
中央区,銀座１丁目,-,東京都中央区銀座1-13-4 銀座片桐ビルⅢ 5F,35.673768,139.7696805,ギャラリー新居 東京
中央区,銀座１丁目,-,東京都中央区銀座1-13-4 大和銀座一ビル6F,35.673768,139.7696805,K's Gallery
中央区,銀座１丁目,-,東京都中央区銀座1-14-12 楠本第17ビル 3F,35.673066,139.769478,ギャラリーQ
中央区,銀座１丁目,-,東京都中央区銀座1-20-17 川崎ブランドデザインビルヂング,35.672985,139.7704815,MUSEE GINZA_KawasakiBrandDesign
中央区,銀座１丁目,-,東京都中央区銀座1-22-12 藤和銀座一丁目ビル6F,35.671941,139.7708145,GALLERY ART POINT
中央区,銀座１丁目,-,東京都中央区銀座1-22-13 銀座カーサ1,35.67204,139.770774,TKG Editions
中央区,銀座１丁目,-,東京都中央区銀座1-23-2 GINZA上野ビル 1F,35.672301,139.7717145,万画廊
中央区,銀座１丁目,-,東京都中央区銀座1-23-4 明松ビル303,35.672058,139.771629,ギャラリー福山
中央区,銀座１丁目,-,東京都中央区銀座1-4-9 第一田村ビル2F,35.674938,139.766427,風 GALLERY
中央区,銀座１丁目,-,東京都中央区銀座1-4-9 第一田村ビル３Ｆ,35.674938,139.766427,O ギャラリー
中央区,銀座１丁目,-,東京都中央区銀座1-5-15,35.674974,139.7672325,祥雲
中央区,銀座１丁目,-,東京都中央区銀座1-5-15 ドゥーミラン銀座ビル３Ｆ,35.674974,139.7672325,サヱグサ画廊
中央区,銀座１丁目,-,東京都中央区銀座1-5-2 西勢ビル2F,35.675046,139.7674125,藍画廊
中央区,銀座１丁目,-,東京都中央区銀座1-5-2 西勢ビル6F,35.675046,139.7674125,GALERIE・SOL
中央区,銀座１丁目,-,東京都中央区銀座1-7-5 小柳ビル9F,35.674623,139.768209,ギャラリー小柳
中央区,銀座１丁目,-,東京都中央区銀座1-7-5 中央通りビル7階,35.674623,139.768209,ギャラリーゴトウ
中央区,銀座１丁目,-,東京都中央区銀座1-7-6 銀座河合ビル1F,35.674461,139.7681685,お仏壇のはせがわ 銀座本店
中央区,銀座１丁目,-,東京都中央区銀座1-7-7 ポーラ銀座ビル3F,35.674308,139.767867,ポーラ ミュージアム アネックス
中央区,銀座１丁目,-,東京都中央区銀座1-8-17 伊勢伊ビル3F,35.674056,139.768353,銀座一穂堂サロン
中央区,銀座１丁目,-,東京都中央区銀座1-9-8 奥野ビル306号室,35.673723,139.7687805,銀座奥野ビル306号室プロジェクト
中央区,銀座１丁目,-,東京都中央区銀座1-9-8 奥野ビル3F,35.673723,139.7687805,巷房
中央区,銀座１丁目,-,東京都中央区銀座1-9-8 奥野ビル502号室,35.673723,139.7687805,ギャラリーカメリア
中央区,銀座１丁目,-,東京都中央区銀座1-9-8 奥野ビル505,35.673723,139.7687805,Gallery 松林
中央区,銀座１丁目,-,東京都中央区銀座1-9-8 奥野ビル511号室,35.673723,139.7687805,a piece of space APS
中央区,銀座１丁目,-,東京都中央区銀座1-9-8 奥野ビルB1,35.673723,139.7687805,巷房 (2)
中央区,京橋３丁目,日八京,東京都中央区京橋3-9-2 宝国ビル4F,35.674983,139.7710845,ギャラリー檜e・F
中央区,京橋３丁目,日八京,東京都中央区京橋 3-6-18 東京建物京橋ビル LIXIL:GINZA 2F,35.675334,139.769505,LIXIL ギャラリー1 & 2
中央区,京橋３丁目,日八京,東京都中央区京橋3-3-10 第1下村ビル1F,35.675505,139.7685825,ギャラリー椿 / GT2
中央区,京橋３丁目,日八京,東京都中央区京橋3-3-2,35.675775,139.768101,加島美術
中央区,京橋３丁目,日八京,東京都中央区京橋3-3-4 フジビル B1F,35.675577,139.768542,ギャラリー川船
中央区,京橋３丁目,日八京,東京都中央区京橋3-3-4 森ビル B1F,35.675577,139.768542,ギャラリーセラー
中央区,京橋３丁目,日八京,東京都中央区京橋3-4-2 フォーチュンビル1F,35.675433,139.768011,ギャラリーなつか
中央区,京橋３丁目,日八京,東京都中央区京橋3-5-3 京栄ビル1F,35.67501,139.769874,ギャルリー東京ユマニテ
中央区,京橋３丁目,日八京,東京都中央区京橋3-5-3 京栄ビル２Ｆ,35.67501,139.769874,アートスペース羅針盤
中央区,京橋３丁目,日八京,東京都中央区京橋3-5-3 竹河岸ビル1F,35.67501,139.769874,ギャラリー手
中央区,京橋３丁目,日八京,東京都中央区京橋3-5-4 吉井ビル3F,35.674983,139.769955,KEY Gallery
中央区,京橋３丁目,日八京,東京都中央区京橋3-5-4 吉井ビル3F,35.674983,139.769955,青樺画廊
中央区,京橋３丁目,日八京,東京都中央区京橋3-5-4 吉井ビルＢ１Ｆ,35.674983,139.769955,Gallery b. Tokyo
中央区,京橋３丁目,日八京,東京都中央区京橋3-6-15 第二吉井ビル2F,35.675091,139.770162,小野画廊 - 京橋
中央区,京橋３丁目,日八京,東京都中央区京橋3-6-5,35.675307,139.770117,南天子画廊
中央区,京橋３丁目,日八京,東京都中央区京橋3-6-5 木邑ビル2F,35.675307,139.770117,art space kimura ASK?
中央区,京橋３丁目,日八京,東京都中央区京橋3-6-6 エクスアートビル1F,35.675226,139.770396,Tokyo Institute of Photography
中央区,京橋３丁目,日八京,東京都中央区京橋3-9-2 宝国ビル2F,35.674983,139.7710845,東邦画廊
中央区,京橋３丁目,日八京,東京都中央区京橋3-9-7 京橋ポイントビル4F,35.674821,139.770945,ギャラリイK
中央区,京橋３丁目,日八京,東京都中央区京橋3-9-9 ウインド京橋ビル2F,35.674893,139.770765,ギャラリー檜 B・C
中央区,京橋２丁目,日八京,東京都中央区京橋2-11-9 西堀11番地ビル2F,35.676189,139.7715795,四季彩舎
中央区,京橋２丁目,日八京,東京都中央区京橋2-5-22 キムラヤビル3F,35.676477,139.770225,スパンアートギャラリー
中央区,京橋１丁目,日八京,東京都中央区京橋1-5-5 KRFビルB1,35.678268,139.7703735,アイランドギャラリー
千代田区,岩本町２丁目,-,東京都千代田区岩本町2-6-12 曙ビル1F,35.693406,139.7759895,KANEKO ART TOKYO
千代田区,岩本町２丁目,-,東京都千代田区岩本町2-7-13 渡辺ビル1F,35.693046,139.7764935,ギャラリー・サージ
千代田区,丸の内３丁目,大丸有,東京都千代田区丸の内3-1-1国際ビル1F,35.676972,139.761324,ウィルデンスタイン東京
千代田区,丸の内３丁目,大丸有,東京都千代田区丸の内3-4-1 新国際ビル1F,35.676468,139.761936,エプサイトギャラリー（epSITE）
千代田区,丸の内２丁目,大丸有,東京都千代田区丸の内2丁目,35.67901082,139.7623582,行幸地下ギャラリー
千代田区,丸の内２丁目,大丸有,東京都千代田区丸の内2-4-1 丸の内ビルディング1F,35.681139,139.76379,H.P.FRANCE WINDOW GALLERY
千代田区,丸の内１丁目,大丸有,東京都千代田区丸の内1-9-2 グラントウキョウ サウスタワー１F,35.678601,139.7673945,BMW Group Studio
千代田区,外神田６丁目,-,東京都千代田区外神田6-11-14 3331 Arts Chiyoda 201・202,35.704242,139.7708145,アキバタマビ21
千代田区,外神田６丁目,-,東京都千代田区外神田6-11-14 3331 Arts Chiyoda 204,35.704242,139.7708145,キドプレス
千代田区,外神田６丁目,-,東京都千代田区外神田6-11-14 3331 Arts Chiyoda 206,35.704242,139.7708145,nap gallery
千代田区,外神田６丁目,-,東京都千代田区外神田6-11-14 3331 Arts Chiyoda 206b,35.704242,139.7708145,コマンドN／シフト
千代田区,外神田６丁目,-,東京都千代田区外神田6-11-14 3331 Arts Chiyoda 207,35.704242,139.7708145,Gallery OUT of PLACE TOKIO
千代田区,外神田６丁目,-,東京都千代田区外神田6-11-14 3331 Arts Chiyoda 208,35.704242,139.7708145,A/A gallery
千代田区,外神田６丁目,-,東京都千代田区外神田6-11-14 3331 Arts Chiyoda 211,35.704242,139.7708145,ARTDYNE
千代田区,外神田６丁目,-,東京都千代田区外神田6-11-14 3331 Arts Chiyoda 211,35.704242,139.7708145,Nii Fine Arts Tokyo
千代田区,外神田６丁目,-,東京都千代田区外神田6-11-14 3331 Arts Chiyoda 308,35.704242,139.7708145,日々の明々後日
千代田区,外神田６丁目,-,東京都千代田区外神田6-11-14 3331 Arts Chiyoda B107,35.704242,139.7708145,バンビナート・ギャラリー
千代田区,外神田６丁目,-,東京都千代田区外神田6-11-14 3331 Arts Chiyoda B109,35.704242,139.7708145,CfSHE Gallery（シー・エフ・シー・ギャラリー）
千代田区,外神田６丁目,-,東京都千代田区外神田6-11-14 3331アーツ千代田 211,35.704242,139.7708145,AI KOWADA GALLERY
千代田区,外神田６丁目,-,東京都千代田区外神田6-11-14 3331アーツ千代田203号室,35.704242,139.7708145,京都工芸繊維大学 KYOTO Design Lab 東京ギャラリー
千代田区,外神田６丁目,-,東京都千代田区外神田6-11-14 Arts Chiyoda B110,35.704242,139.7708145,佐賀町アーカイブ
千代田区,外神田６丁目,-,東京都千代田区外神田6-11-14 アーツ千代田3331内 205a,35.704242,139.7708145,MORITAKA art gallery
千代田区,外神田２丁目,-,東京都千代田区外神田2-19-14-301,35.702037,139.7668275,Gallery Bauhaus
千代田区,外神田２丁目,-,東京都千代田区外神田2-1-4 松住町別館201,35.699508,139.766967,VOLCANOISE
港区,海岸３丁目,-,東京都港区海岸3-7-18-902,35.636418,139.75236,マル ギャラリー
港区,海岸１丁目,-,東京都港区海岸1-15-1,35.653077,139.7606715,横田茂ギャラリー
港区,海岸１丁目,-,東京都港区海岸1-15-1,35.653077,139.7606715,東京パブリッシングハウス
新宿区,歌舞伎町２丁目,-,東京都新宿区歌舞伎町2-46-5 KM新宿ビル9階,35.697546,139.70061,ギャルリー トラン・デュ・モンド
新宿区,歌舞伎町１丁目,-,"東京都新宿区早稲田鶴巻547 大森ビル1F,B1F",35.69379756,139.7034401,LIFT
新宿区,下落合３丁目,-,東京都新宿区下落合3-13-17,35.720757,139.700448,アダチ版画研究所
新宿区,下落合２丁目,-,東京都新宿区下落合2-6-3 102,35.716743,139.700421,Alt_Medium
渋谷区,鴬谷町,-,東京都渋谷区鴬谷町15-10 ロイヤルパレス渋谷104,35.654112,139.7008125,ミームマシンギャラリー
渋谷区,鴬谷町,-,東京都渋谷区鶯谷町11-3,35.652033,139.7020995,FACTOTUM Gallery
渋谷区,鴬谷町,-,東京都渋谷区鶯谷町12-6,35.651547,139.701249,LOKO GALLERY
渋谷区,猿楽町,-,東京都渋谷区猿楽町11-8メゾン代官山2F,35.64927,139.7020455,STUDIO BEE
渋谷区,猿楽町,-,東京都渋谷区猿楽町12-8 2F,35.651106,139.702689,MONKEY GALLERY
渋谷区,猿楽町,-,東京都渋谷区猿楽町16-15,35.649549,139.700205,DAIKANYAMA T-SITE GARDEN GALLERY
渋谷区,猿楽町,-,東京都渋谷区猿楽町18-8 ヒルサイドテラスF棟1F,35.648631,139.7005785,gallery ON THE HILL
渋谷区,猿楽町,-,東京都渋谷区猿楽町29-18 ヒルサイドテラスA棟,35.647398,139.701474,アートフロントギャラリー
渋谷区,猿楽町,-,東京都渋谷区猿楽町4-3 鈴円代官山ビル1F,35.651997,139.7041605,Gallery LELE
千代田区,永田町２丁目,赤坂,東京都千代田区永田町2-14-3 赤坂東急プラザ2階,35.677269,139.7374785,丸の内ギャラリー
千代田区,永田町２丁目,赤坂,東京都千代田区永田町2-17-8 千代田ハウスB1,35.677377,139.739877,ナガイファインアーツ
渋谷区,宇田川町,-,東京都渋谷区宇田川町15-1 パルコパート１B1F,35.662032,139.698945,Parco Delfonics Gallery
渋谷区,宇田川町,-,東京都渋谷区宇田川町15-1 渋谷パルコ2F,35.662032,139.698945,NANZUKA 2G
渋谷区,宇田川町,-,東京都渋谷区宇田川町15-1 渋谷パルコB1F,35.662032,139.698945,GALLERY X
渋谷区,宇田川町,-,東京都渋谷区宇田川町37-18 トツネビル1F,35.662851,139.694796,アップリンク・ギャラリー
渋谷区,宇田川町,-,東京都渋谷区宇田川町4-9 くれたけビル1F 宇宙百貨内,35.662473,139.6977165,ギャラリー ART WAD'S
渋谷区,宇田川町,-,東京都渋谷区宇田川町21-1,35.660196,139.7003715,西武百貨店 渋谷店 美術画廊
渋谷区,宇田川町,-,東京都渋谷区宇田川町15-1 渋谷PARCO2階,35.662032,139.698945,OIL by 美術手帖
渋谷区,宇田川町,-,東京都渋谷区宇田川町15-1 渋谷パルコパート1 6F,35.662032,139.698945,P/I GALLERY（パブリックイメージギャラリー）
新宿区,愛住町,-,東京都新宿区愛住町7-6サンドエル四谷102号室,35.689707,139.719924,nico project viewingroom
