指標名,ミシュラン掲載レストラン,,,,,,,,,
出典,ミシュランガイド東京 2020,,,,,,,,,
年次,2020年,,,,,,,,,
URL,https://japanguide.michelin.co.jp/restaurant/tokyo/,,,,,,,,,
備考,,,,,,,,,,
,,,,,,,,,,
区,町丁,エリア,住所,緯度,経度,店舗名,星数,カテゴリ,エリア,電話番号
港区,六本木７丁目,六本木,東京都港区六本木 7-10-30,35.664318,139.728762,旬の味 いち,★,日本料理,赤坂・六本木・麻布,03-3402-9424
港区,六本木７丁目,六本木,東京都港区六本木 7-17-16,35.662356,139.7293425,鮨 なかむら,★,寿司,赤坂・六本木・麻布,03-3746-0856
港区,六本木７丁目,六本木,東京都港区六本木 7-6-2,35.664561,139.7281905,PST 六本木店,ビブグルマン,ピッツァ,赤坂・六本木・麻布,03-6434-7932
港区,六本木７丁目,六本木,東京都港区六本木 7-9-9,35.664426,139.7299455,ル・スプートニク,★,フランス料理,赤坂・六本木・麻布,03-6434-7080
港区,六本木６丁目,六本木,東京都港区六本木 6-10-1 六本木ヒルズ ヒルサイド 2F,35.66043,139.7292615,ラトリエ ドゥ ジョエル・ロブション,★★,フランス料理,赤坂・六本木・麻布,03-5772-7500
港区,六本木６丁目,六本木,東京都港区六本木 6-12-2 六本木ヒルズ レジデンス B棟 3F,35.658783,139.729239,すきやばし 次郎 六本木店,★★,寿司,赤坂・六本木・麻布,03-5413-6626
港区,六本木６丁目,六本木,東京都港区六本木 6-12-3 六本木ヒルズレジデンス C棟 3F,35.658783,139.7300715,ラ・ブリアンツァ,ビブグルマン,イタリア料理,赤坂・六本木・麻布,03-6804-5719
港区,六本木４丁目,六本木,東京都港区六本木 4-2-35 アーバンスタイル六本木 B1F,35.664795,139.733298,リューズ,★★,フランス料理,赤坂・六本木・麻布,03-5770-4236
港区,六本木４丁目,六本木,東京都港区六本木 4-5-11 ランド六本木ビル B1F,35.664768,139.7324295,鮨 由う,★,寿司,赤坂・六本木・麻布,03-3404-1134
港区,六本木３丁目,六本木,東京都港区六本木 3-1-1 六本木ティーキューブ 1F,35.665551,139.7381715,エディション・コウジ シモムラ,★★,フランス料理,赤坂・六本木・麻布,03-5549-4562
千代田区,有楽町１丁目,大丸有,東京都千代田区有楽町 1-1-2 東京ミッドタウン日比谷 7F,35.673552,139.7590335,龍吟,★★★,日本料理,銀座・有楽町・築地,03-6630-0007
中央区,湊３丁目,-,東京都中央区湊 3-5-10,35.669619,139.77819,旬恵庵 あら垣,★,天ぷら,銀座・有楽町・築地,090-7716-4125
港区,麻布十番３丁目,-,東京都港区麻布十番 3-1-9,35.653239,139.7363535,天のや,ビブグルマン,お好み焼,赤坂・六本木・麻布,03-5484-8117
港区,麻布十番３丁目,-,東京都港区麻布十番 3-7-5,35.653644,139.7350125,麻布十番 ふくだ,★,日本料理,赤坂・六本木・麻布,03-6453-7256
港区,麻布十番３丁目,-,東京都港区麻布十番 3-9-2 タモン麻布 2F,35.652906,139.7342295,ビストロ コティディアン,ビブグルマン,フランス料理,赤坂・六本木・麻布,03-6435-3241
港区,麻布十番２丁目,-,東京都港区麻布十番 2-4-8 麻布十番舘 2F,35.655813,139.734828,プリンチピオ,★,イタリア料理,赤坂・六本木・麻布,03-6809-4982
港区,麻布十番２丁目,-,東京都港区麻布十番 2-5-14 マイコーナービル B1F,35.656479,139.733271,あざぶ 一期,★,おでん,赤坂・六本木・麻布,03-5772-2936
港区,麻布十番２丁目,-,東京都港区麻布十番 2-7-2,35.65593,139.7335545,かどわき,★★★,日本料理,赤坂・六本木・麻布,03-5772-2553
港区,麻布十番２丁目,-,東京都港区麻布十番 2-8-16 ISIビル 4F,35.655552,139.7339055,てんぷら 前平,★,天ぷら,赤坂・六本木・麻布,03-6435-1996
港区,麻布十番１丁目,-,東京都港区麻布十番 1-4-2 カーサツルオカ B1F,35.657244,139.7354895,鳥善 瀬尾,ビブグルマン,焼鳥,赤坂・六本木・麻布,03-5574-8881
港区,麻布十番１丁目,-,東京都港区麻布十番 1-5-5 Yuken Azabu.10 3F,35.657334,139.7329155,麻布 幸村,★★★,日本料理,赤坂・六本木・麻布,03-5772-1610
港区,麻布十番１丁目,-,東京都港区麻布十番 1-5-5 Yuken Azabu.10 4F,35.657334,139.7329155,麻布 六角,★,居酒屋,赤坂・六本木・麻布,03-3401-8516
港区,麻布十番１丁目,-,東京都港区麻布十番 1-7-2,35.656569,139.7346795,グレイス,ビブグルマン,韓国料理,赤坂・六本木・麻布,03-3475-6972
港区,麻布十番１丁目,-,東京都港区麻布十番 1-7-7 Hasebeyaビル 4F,35.65629,139.734864,ピアット スズキ,★,イタリア料理,赤坂・六本木・麻布,03-5414-2116
渋谷区,本町２丁目,-,東京都渋谷区本町 2-17-14,35.682732,139.680945,らぁめん 一福,ビブグルマン,ラーメン,新宿・代々木,03-5388-9333
新宿区,北町,-,東京都新宿区北町 21,35.699004,139.733667,神楽坂 阿部,★,日本料理,飯田橋・四ツ谷・神楽坂,03-6280-7990
港区,北青山３丁目,-,東京都港区北青山 3-13-1 北青山関根ビル B1F,35.664075,139.7094345,太月,★,日本料理,渋谷・原宿・青山,03-6450-5991
港区,北青山２丁目,-,東京都港区北青山 2-12-35,35.670258,139.714515,リストランテ ホンダ,★,イタリア料理,渋谷・原宿・青山,03-5414-3723
千代田区,平河町２丁目,-,東京都千代田区平河町 2-16-15 ザ・キタノホテル 2F,35.679267,139.7409615,サンパウ,★★,スペイン料理,赤坂・六本木・麻布,03-3511-2881
千代田区,富士見２丁目,-,東京都千代田区富士見 2-12-16,35.698887,139.744584,餃子の店 おけ以,ビブグルマン,餃子,飯田橋・四ツ谷・神楽坂,03-3261-3930
千代田区,富士見２丁目,-,東京都千代田区富士見 2-13-12,35.698068,139.743972,Inua,★★,イノベーティブ,飯田橋・四ツ谷・神楽坂,03-6683-7570
渋谷区,富ケ谷２丁目,-,東京都渋谷区富ヶ谷 2-22-5,35.662977,139.684509,七草,★,日本料理,下北沢・明大前・成城学園前,03-3460-7793
渋谷区,富ケ谷１丁目,-,東京都渋谷区富ヶ谷 1-3-12 サンシティ富ヶ谷 3F,35.669286,139.6890585,静流,ビブグルマン,日本料理,下北沢・明大前・成城学園前,03-3481-6708
渋谷区,富ケ谷１丁目,-,東京都渋谷区富ヶ谷 1-3-12 サンシティ富ヶ谷 4F,35.669286,139.6890585,マル・デ・クリスチアノ,ビブグルマン,ポルトガル料理,下北沢・明大前・成城学園前,03-6804-7923
渋谷区,富ケ谷１丁目,-,東京都渋谷区富ヶ谷 1-51-10,35.668629,139.689081,クリスチアノ,ビブグルマン,ポルトガル料理,下北沢・明大前・成城学園前,03-5790-0909
渋谷区,富ケ谷１丁目,-,東京都渋谷区富ヶ谷 1-51-12 代々木公園ハウス B1F,35.668728,139.689099,千真野,ビブグルマン,居酒屋,下北沢・明大前・成城学園前,03-6416-8587
新宿区,百人町１丁目,-,東京都新宿区百人町 1-24-7,35.698671,139.6975725,スパイシー カレー 魯珈,ビブグルマン,カレー,大久保・高田馬場,03-3367-7111
中央区,八丁堀４丁目,-,東京都中央区八丁堀 4-2-8,35.674317,139.773411,四季の食 さいとう,ビブグルマン,日本料理,人形町・門前仲町・葛西,03-6280-3709
中央区,八丁堀２丁目,-,東京都中央区八丁堀 2-1-9,35.676792,139.774365,ブラッスリー ギョラン,ビブグルマン,フランス料理,人形町・門前仲町・葛西,03-5244-9523
中央区,八重洲２丁目,日八京,東京都中央区八重洲 2-7-9,35.677161,139.7685285,ダバ インディア,ビブグルマン,インド料理,東京駅・丸の内・日本橋,03-3272-7160
渋谷区,幡ケ谷２丁目,-,東京都渋谷区幡ヶ谷 2-9-12,35.679006,139.6772775,ビストロ ノブ,ビブグルマン,フランス料理,下北沢・明大前・成城学園前,03-6300-9373
新宿区,白銀町,-,東京都新宿区白銀町 12-5,35.703126,139.7392785,中国菜 智林,ビブグルマン,中国料理,飯田橋・四ツ谷・神楽坂,03-3268-3377
港区,白金台５丁目,-,東京都港区白金台 5-17-10 ときのもり 2F,35.63748,139.7233935,シエル エ ソル,★,フランス料理,赤坂・六本木・麻布,03-6721-7110
港区,白金台５丁目,-,東京都港区白金台 5-17-11,35.637597,139.723281,ルカンケ,★,フランス料理,赤坂・六本木・麻布,03-5422-8099
港区,白金台５丁目,-,東京都港区白金台 5-17-9 コスモ白金ヒルズ B1F,35.637462,139.7232045,天ぷら 銀屋,★★,天ぷら,赤坂・六本木・麻布,050-3134-5422
港区,白金台３丁目,-,東京都港区白金台 3-18-5 NKビル 2F,35.63532,139.7209905,地蔵鮓,★,寿司,赤坂・六本木・麻布,03-3445-5301
港区,白金６丁目,-,東京都港区白金 6-22-19,35.644104,139.721625,酉玉 本館,ビブグルマン,焼鳥,赤坂・六本木・麻布,03-5795-2950
港区,白金６丁目,-,東京都港区白金 6-5-3,35.644428,139.7247075,あき山,★,日本料理,赤坂・六本木・麻布,03-6277-0723
港区,白金６丁目,-,東京都港区白金 6-5-3 さくら白金 1F,35.644428,139.7247075,アルゴリズム,★,フランス料理,赤坂・六本木・麻布,03-6277-2199
港区,白金６丁目,-,東京都港区白金 6-5-5,35.644266,139.724505,私厨房 勇,★,中国料理,赤坂・六本木・麻布,03-5422-9773
港区,白金３丁目,-,東京都港区白金 3-14-10,35.645211,139.7283615,ラ クレリエール,★,フランス料理,赤坂・六本木・麻布,03-5422-6606
港区,白金１丁目,-,東京都港区白金 1-12-19,35.645391,139.7341305,今福,★,すき焼,赤坂・六本木・麻布,050-2018-0982
港区,白金１丁目,-,東京都港区白金 1-25-26,35.643915,139.7314665,アルシミスト,★,フランス料理,赤坂・六本木・麻布,03-5422-7358
新宿区,納戸町,-,東京都新宿区納戸町 22,35.698149,139.73256,ル・マンジュ・トゥー,★★,フランス料理,飯田橋・四ツ谷・神楽坂,03-3268-5911
中央区,日本橋富沢町,-,東京都中央区日本橋富沢町 10-15,35.689626,139.782375,ラ ブーシュリー グートン,ビブグルマン,フランス料理,人形町・門前仲町・葛西,03-6661-1156
中央区,日本橋富沢町,-,東京都中央区日本橋富沢町 16-3,35.688078,139.784391,Yamato,ビブグルマン,居酒屋,人形町・門前仲町・葛西,03-3661-8010
中央区,日本橋浜町３丁目,-,東京都中央区日本橋浜町 3-7-3,35.684082,139.7883105,浜町 かねこ,ビブグルマン,蕎麦,人形町・門前仲町・葛西,03-4291-3303
中央区,日本橋箱崎町,-,東京都中央区日本橋箱崎町 27-5,35.680086,139.7869965,天ぷら つじ村,ビブグルマン,天ぷら,人形町・門前仲町・葛西,03-3666-3419
中央区,日本橋人形町３丁目,-,東京都中央区日本橋人形町 3-13-5,35.687079,139.782798,濱田家,★,日本料理,人形町・門前仲町・葛西,03-3661-5940
中央区,日本橋人形町２丁目,-,東京都中央区日本橋人形町 2-22-11,35.686296,139.784535,日本橋 蕎ノ字,★,天ぷら,人形町・門前仲町・葛西,03-5643-1566
中央区,日本橋人形町２丁目,-,東京都中央区日本橋人形町 2-5-1,35.685756,139.783059,日山,★,すき焼,人形町・門前仲町・葛西,03-3666-2901
中央区,日本橋小網町,-,東京都中央区日本橋小網町 11-9,35.682597,139.781124,ロットチェント,ビブグルマン,イタリア料理,人形町・門前仲町・葛西,03-6231-0831
中央区,日本橋小舟町,-,東京都中央区日本橋小舟町 11-11,35.687196,139.778559,おにく 花柳,★,牛肉料理,人形町・門前仲町・葛西,03-3249-7776
中央区,日本橋室町２丁目,日八京,東京都中央区日本橋室町 2-1-1 マンダリン オリエンタル 37F,35.686935,139.7730555,シグネチャー,★,フランス料理,東京駅・丸の内・日本橋,03-3270-8800
中央区,日本橋室町２丁目,日八京,東京都中央区日本橋室町 2-1-1 マンダリン オリエンタル 37F,35.686935,139.7730555,センス,★,中国料理,東京駅・丸の内・日本橋,03-3270-8800
中央区,日本橋室町２丁目,日八京,東京都中央区日本橋室町 2-1-1 マンダリン オリエンタル 38F,35.686935,139.7730555,タパス モラキュラーバー,★,イノベーティブ,東京駅・丸の内・日本橋,03-3270-8800
中央区,日本橋室町２丁目,日八京,東京都中央区日本橋室町 2-1-1 マンダリン オリエンタル 38F,35.686935,139.7730555,ピッツァバー on 38th,ビブグルマン,ピッツァ,東京駅・丸の内・日本橋,03-3270-8800
中央区,日本橋室町１丁目,日八京,東京都中央区日本橋室町 1-9-4 B1F,35.68509,139.775544,ラ ペ,★,フランス料理,東京駅・丸の内・日本橋,03-6262-3959
中央区,日本橋兜町,-,東京都中央区日本橋兜町 1-4 M-Squareビル 1F,35.682705,139.779405,アサヒナガストロノーム,★,フランス料理,人形町・門前仲町・葛西,03-5847-9600
中央区,日本橋蛎殻町１丁目,-,東京都中央区日本橋蛎殻町 1-33-6 ビューハイツ日本橋 B1F,35.681823,139.784994,日本橋蛎殻町 すぎた,★,寿司,人形町・門前仲町・葛西,03-3669-3855
中央区,日本橋蛎殻町１丁目,-,東京都中央区日本橋蛎殻町 1-30-2,35.68266,139.7837745,高柿の鮨,★,寿司,人形町・門前仲町・葛西,03-6231-0923
港区,南麻布５丁目,-,東京都港区南麻布 5-1-5,35.655786,139.722966,分とく山,★,日本料理,赤坂・六本木・麻布,03-5789-3838
港区,南麻布４丁目,-,東京都港区南麻布 4-2-34,35.648568,139.7234565,青草窠,★★,日本料理,赤坂・六本木・麻布,03-3473-3103
港区,南麻布４丁目,-,東京都港区南麻布 4-2-49 麻布サンパレス 2F,35.649135,139.7228895,ラ・トラットリアッチャ,ビブグルマン,イタリア料理,赤坂・六本木・麻布,03-6874-3637
港区,南麻布４丁目,-,東京都港区南麻布 4-7-5,35.649567,139.72833,茶禅華,★★,中国料理,赤坂・六本木・麻布,03-6874-0970
港区,南麻布２丁目,-,東京都港区南麻布 2-5-21,35.649936,139.7371005,タストゥー,ビブグルマン,フランス料理,赤坂・六本木・麻布,03-6435-4722
港区,南麻布２丁目,-,東京都港区南麻布2-10-13,35.647992,139.735872,いちかわ,★,寿司,赤坂・六本木・麻布,なし
港区,南麻布１丁目,-,東京都港区南麻布 1-5-4 NKCビル 2F,35.652438,139.7347425,モワルーズ,ビブグルマン,フランス料理,赤坂・六本木・麻布,03-3454-6010
港区,南麻布１丁目,-,東京都港区南麻布 1-6-3,35.652483,139.735386,ラ・パスタイオーネ,ビブグルマン,イタリア料理,赤坂・六本木・麻布,03-6809-3420
港区,南青山７丁目,-,東京都港区南青山 7-13-13 フォレストビル B1F,35.657064,139.718097,七鳥目,★,焼鳥,赤坂・六本木・麻布,03-6427-3239
港区,南青山６丁目,-,東京都港区南青山 6-4-6,35.661411,139.7165355,プリズマ,★★,イタリア料理,渋谷・原宿・青山,03-3406-3050
港区,南青山６丁目,-,東京都港区南青山 6-8-18,35.659926,139.716576,ローブリュー,★,フランス料理,渋谷・原宿・青山,03-3498-1314
港区,南青山４丁目,-,東京都港区南青山 4-26-12 B1F,35.662194,139.718313,御料理 宮坂,★★,日本料理,渋谷・原宿・青山,03-6805-0058
港区,南青山４丁目,-,東京都港区南青山 4-3-23 オリエンタル南青山 2F,35.666118,139.720194,オルグイユ,★,フランス料理,渋谷・原宿・青山,03-6804-5942
港区,南青山３丁目,-,東京都港区南青山 3-10-40 フィオラ南青山 2F,35.666478,139.7142495,ミモザ,★,中国料理,渋谷・原宿・青山,03-6804-6885
港区,南青山３丁目,-,東京都港区南青山 3-2-4 セントラル青山 No.6 B1F,35.667819,139.717224,天ぷら 元吉,★,天ぷら,渋谷・原宿・青山,03-3401-0722
港区,南青山３丁目,-,東京都港区南青山 3-2-6 モリヤサンライトビル 2F,35.667603,139.717575,Tani,ビブグルマン,フランス料理,渋谷・原宿・青山,03-6804-2266
港区,南青山３丁目,-,東京都港区南青山 3-4-6,35.667252,139.7172195,いち太,★,日本料理,渋谷・原宿・青山,03-6455-4023
港区,南青山２丁目,-,東京都港区南青山 2-6-15,35.671347,139.721976,Narisawa,★★,イノベーティブ,渋谷・原宿・青山,03-5785-0799
港区,南青山１丁目,-,東京都港区南青山 1-3-21 1-55ビル 2F,35.671005,139.7251575,てのしま,★,日本料理,渋谷・原宿・青山,03-6316-2150
千代田区,内神田１丁目,-,東京都千代田区内神田 1-15-7,35.691921,139.765581,西洋料理 七條,ビブグルマン,洋食,神田・秋葉原・水道橋,03-5577-6184
千代田区,内幸町１丁目,-,東京都千代田区内幸町 1-1-1 帝国ホテル本館 M2F,35.672256,139.7583495,レ セゾン,★,フランス料理,銀座・有楽町・築地,03-3539-8087
港区,東麻布３丁目,-,東京都港区東麻布 3-3-9,35.657127,139.738851,スブリム,★,イノベーティブ,赤坂・六本木・麻布,03-5570-9888
港区,東麻布３丁目,-,東京都港区東麻布 3-3-9 アネックス麻布十番 B1F,35.657127,139.738851,御料理 辻,★,日本料理,赤坂・六本木・麻布,03-6459-1550
港区,東麻布３丁目,-,東京都港区東麻布 3-7-5,35.656254,139.7385315,中国飯店 富麗華,★,中国料理,赤坂・六本木・麻布,03-5561-7788
港区,東麻布１丁目,-,東京都港区東麻布 1-17-9 アネックス東麻布 2F,35.656056,139.743297,ローブ,★,フランス料理,赤坂・六本木・麻布,03-6441-2682
港区,東麻布１丁目,-,東京都港区東麻布 1-24-6,35.655669,139.744368,PST 東麻布店,ビブグルマン,ピッツァ,赤坂・六本木・麻布,03-6277-8064
港区,東麻布１丁目,-,東京都港区東麻布 1-5-4,35.658117,139.743315,野田岩,★,うなぎ,赤坂・六本木・麻布,03-3583-7852
港区,東麻布１丁目,-,東京都港区東麻布 1-7-9,35.657334,139.7434815,東麻布 天本,★★,寿司,赤坂・六本木・麻布,なし
港区,東新橋１丁目,虎ノ門広域,東京都港区東新橋 1-7-1 パークホテル東京 25F,35.663256,139.7597625,タテル ヨシノ ビズ,ビブグルマン,フランス料理,新橋・浜松町・田町,03-6252-1155
渋谷区,東４丁目,-,東京都渋谷区東 4-6-5 ヴァビル 3F,35.656317,139.713822,熟成鮨 万,★,寿司,赤坂・六本木・麻布,03-6712-6744
中央区,築地６丁目,-,東京都中央区築地 6-6-4,35.665488,139.7736405,鮨 桂太,★,寿司,銀座・有楽町・築地,03-6264-2234
中央区,築地３丁目,-,東京都中央区築地 3-16-9 アーバンメイツビル B1F,35.666208,139.7713275,清壽,★,天ぷら,銀座・有楽町・築地,03-3546-2622
中央区,築地１丁目,-,東京都中央区築地 1-12-15,35.66844,139.770522,御座敷てんぷら 三ツ田,★,天ぷら,銀座・有楽町・築地,03-3541-5577
中央区,築地１丁目,-,東京都中央区築地 1-12-16,35.668458,139.770027,つきじ 文化人,ビブグルマン,蕎麦,銀座・有楽町・築地,03-6228-4293
中央区,築地１丁目,-,東京都中央区築地 1-3-2,35.670294,139.7725245,築地 すず木,★,日本料理,銀座・有楽町・築地,03-3543-1711
新宿区,箪笥町,-,東京都新宿区箪笥町 27,35.700102,139.732857,ボルト オー・クリヨー・ド・ヴァン,ビブグルマン,フランス料理,飯田橋・四ツ谷・神楽坂,03-5579-8740
渋谷区,代々木５丁目,-,東京都渋谷区代々木 5-55-7,35.677665,139.692213,ロス レイエス マーゴス,ビブグルマン,スペイン料理,下北沢・明大前・成城学園前,03-3469-8231
渋谷区,代々木５丁目,-,東京都渋谷区代々木 5-66-4,35.671374,139.6905255,ヨヨナム,ビブグルマン,ベトナム料理,下北沢・明大前・成城学園前,03-6407-1545
渋谷区,代々木４丁目,-,東京都渋谷区代々木 4-6-2 宍戸ビル B1F,35.678268,139.6928475,レガーロ,★,イタリア料理,新宿・代々木,03-6383-3384
渋谷区,代官山町,-,東京都渋谷区代官山町 12-19 第3横芝ビル B1F,35.650791,139.7035305,アロセリア サル イ アモール,ビブグルマン,スペイン料理,恵比寿・中目黒・目黒,03-5428-6488
渋谷区,代官山町,-,東京都渋谷区代官山町 14-10 LUZ代官山 B1F,35.650089,139.7042865,ファロ,ビブグルマン,イタリア料理,恵比寿・中目黒・目黒,03-6455-0206
渋谷区,千駄ケ谷３丁目,-,東京都渋谷区千駄ヶ谷 3-7-13 原宿東急アパートメント B1F,35.676846,139.7042865,シンシア,★,フランス料理,渋谷・原宿・青山,03-6804-2006
港区,赤坂９丁目,六本木,東京都港区赤坂 9-7-1 ザ・リッツ・カールトン 45F,35.666145,139.7312325,アジュール フォーティーファイブ,★,フランス料理,赤坂・六本木・麻布,03-6434-8711
港区,赤坂８丁目,赤坂,東京都港区赤坂 8-11-19,35.668548,139.728987,乃木坂 しん,★,日本料理,赤坂・六本木・麻布,03-6721-0086
港区,赤坂６丁目,赤坂,東京都港区赤坂 6-11-11,35.669745,139.7346795,い津み,★,ふぐ,赤坂・六本木・麻布,03-3582-0101
港区,赤坂６丁目,赤坂,東京都港区赤坂 6-13-8,35.669952,139.734036,赤坂 菊乃井,★★,日本料理,赤坂・六本木・麻布,03-3568-6055
港区,赤坂６丁目,赤坂,東京都港区赤坂 6-3-9,35.670816,139.7355255,炭火割烹 白坂,★,日本料理,赤坂・六本木・麻布,03-5797-7066
港区,赤坂６丁目,赤坂,東京都港区赤坂 6-4-15,35.67024,139.734396,コム・ア・ラ・メゾン,ビブグルマン,フランス料理,赤坂・六本木・麻布,03-3505-3345
港区,赤坂５丁目,赤坂,東京都港区赤坂 5-5-9,35.670726,139.7344365,花のれん 花楽,★,日本料理,赤坂・六本木・麻布,03-3585-3030
港区,赤坂３丁目,赤坂,東京都港区赤坂 3-12-18 第八荒井ビル 3F,35.673975,139.737627,鮨 まつもと,★,寿司,赤坂・六本木・麻布,03-5544-8500
港区,赤坂３丁目,赤坂,東京都港区赤坂 3-13-6 国際天野ビル 7F,35.673066,139.737672,赤坂 きた福,★,蟹料理,赤坂・六本木・麻布,050-3503-1323
港区,赤坂１丁目,虎ノ門,東京都港区赤坂 1-12-33 ANA インターコンチネンタルホテル 36F,35.668188,139.7408805,ピエール・ガニェール,★★,フランス料理,赤坂・六本木・麻布,03-3505-1185
港区,西麻布４丁目,-,東京都港区西麻布 4-11-14 Fleg 西麻布 Vierge B1F,35.65836,139.722705,臼杵ふぐ 山田屋,★★,ふぐ,赤坂・六本木・麻布,03-3499-5501
港区,西麻布４丁目,-,東京都港区西麻布 4-11-25 モダンフォルム西麻布ビルパートⅢ 2F,35.659089,139.7223675,常,★,日本料理,赤坂・六本木・麻布,03-6433-5680
港区,西麻布４丁目,-,東京都港区西麻布 4-18-20,35.657982,139.7199375,西麻布 鮨 真,★,寿司,赤坂・六本木・麻布,03-5485-0031
港区,西麻布４丁目,-,東京都港区西麻布 4-2-13 八幡ビル 3F,35.658621,139.723173,霞町 やまがみ,★,日本料理,赤坂・六本木・麻布,03-5466-1270
港区,西麻布４丁目,-,東京都港区西麻布 4-4-12 ニュー西麻布ビル 2F,35.657451,139.723236,キッチン,ビブグルマン,ベトナム料理,赤坂・六本木・麻布,03-3409-5039
港区,西麻布３丁目,-,東京都港区西麻布 3-13-10 パークサイドセピア 2F,35.656875,139.7242575,ランベリー,★,フランス料理,赤坂・六本木・麻布,03-6434-9067
港区,西麻布３丁目,-,東京都港区西麻布 3-3-1,35.658207,139.72725,ル・ブルギニオン,★,フランス料理,赤坂・六本木・麻布,03-5772-6244
港区,西麻布３丁目,-,東京都港区西麻布 3-8-6,35.654742,139.726071,蕎麦 たじま,ビブグルマン,蕎麦,赤坂・六本木・麻布,03-3445-6617
港区,西麻布２丁目,-,東京都港区西麻布 2-11-5,35.661312,139.7222775,西麻布 拓,★,寿司,赤坂・六本木・麻布,03-5774-4372
港区,西麻布２丁目,-,東京都港区西麻布 2-15-1,35.661618,139.720986,ル ブトン,ビブグルマン,フランス料理,赤坂・六本木・麻布,03-3797-3837
港区,西麻布２丁目,-,東京都港区西麻布 2-15-1 三澤ビル B1F,35.661033,139.7222055,豪龍久保,★★,日本料理,赤坂・六本木・麻布,050-3188-0535
港区,西麻布２丁目,-,東京都港区西麻布 2-16-1,35.661888,139.720365,壽修,★★,日本料理,赤坂・六本木・麻布,03-6427-5167
港区,西麻布２丁目,-,東京都港区西麻布 2-17-17 港屋総本店ビル 2F,35.66277,139.7201895,西麻布 き久ち,★,日本料理,赤坂・六本木・麻布,03-6313-5599
港区,西麻布２丁目,-,東京都港区西麻布 2-24-14 Barbizon73 B1F,35.660196,139.722318,上,★,牛肉料理,赤坂・六本木・麻布,03-3486-2929
港区,西麻布２丁目,-,東京都港区西麻布 2-25-24 Nishiazabu FTビル MB1F,35.659836,139.721517,クローニー,★,フランス料理,赤坂・六本木・麻布,03-6712-5085
港区,西麻布２丁目,-,東京都港区西麻布 2-26-4,35.660196,139.7194065,レフェルヴェソンス,★★,フランス料理,赤坂・六本木・麻布,03-5766-9500
港区,西麻布１丁目,-,東京都港区西麻布 1-10-6 Nishiazabu 1106 2F,35.660979,139.724541,料理屋 こだま,★,日本料理,赤坂・六本木・麻布,03-3408-8865
港区,西麻布１丁目,-,東京都港区西麻布 1-11-10,35.660412,139.7242665,Takumi,★,フランス料理,赤坂・六本木・麻布,03-6804-6468
港区,西麻布１丁目,-,東京都港区西麻布 1-15-3,35.661735,139.723245,山﨑,★,日本料理,赤坂・六本木・麻布,03-6812-9848
港区,西麻布１丁目,-,東京都港区西麻布 1-7-2 アデッソ西麻布 2F,35.660826,139.726224,蕎麦 おさめ,ビブグルマン,蕎麦,赤坂・六本木・麻布,03-5775-1636
新宿区,西早稲田３丁目,-,東京都新宿区西早稲田 3-13-4,35.710065,139.71402,らぁ麺 やまぐち,ビブグルマン,ラーメン,大久保・高田馬場,03-3204-5120
港区,西新橋１丁目,虎ノ門,東京都港区西新橋 1-23-7,35.668179,139.751523,新ばし 笹田,★,日本料理,新橋・浜松町・田町,03-3507-5501
渋谷区,西原３丁目,-,東京都渋谷区西原 3-21-2,35.670636,139.6818765,按田餃子,ビブグルマン,餃子,下北沢・明大前・成城学園前,03-6407-8813
渋谷区,西原３丁目,-,東京都渋谷区西原 3-2-3,35.670438,139.6825965,ジーテン,ビブグルマン,中国料理,下北沢・明大前・成城学園前,03-3469-9333
渋谷区,西原２丁目,-,東京都渋谷区西原 2-27-4 升本ビル 2F,35.675217,139.678344,您好,ビブグルマン,餃子,下北沢・明大前・成城学園前,03-3465-0747
千代田区,神田須田町１丁目,-,東京都千代田区神田須田町 1-16-4,35.695332,139.770648,眠庵,ビブグルマン,蕎麦,神田・秋葉原・水道橋,03-3251-5300
千代田区,神田須田町１丁目,-,東京都千代田区神田須田町 1-6-1,35.694918,139.768425,とんかつ 勝漫,ビブグルマン,とんかつ,神田・秋葉原・水道橋,03-3256-5504
千代田区,神田神保町２丁目,-,東京都千代田区神田神保町 2-12-3,35.696556,139.75686,焼鳥 蘭奢待,★,焼鳥,神田・秋葉原・水道橋,03-3263-0596
千代田区,神田神保町２丁目,-,東京都千代田区神田神保町 2-2-32,35.696196,139.7573145,アルテレーゴ,★,イタリア料理,神田・秋葉原・水道橋,03-6380-9390
千代田区,神田神保町１丁目,-,東京都千代田区神田神保町 1-6 サンビル B1F,35.696295,139.759434,共栄堂,ビブグルマン,カレー,神田・秋葉原・水道橋,03-3291-1475
千代田区,神田小川町２丁目,-,東京都千代田区神田小川町 2-8,35.695224,139.763943,ポンチ軒,ビブグルマン,とんかつ,神田・秋葉原・水道橋,03-3293-2110
千代田区,神田錦町１丁目,-,東京都千代田区神田錦町 1-17-5 B1F,35.691138,139.76352,Yaoyu,★,フランス料理,神田・秋葉原・水道橋,03-5577-6783
渋谷区,神宮前６丁目,-,東京都渋谷区神宮前 6-35-3,35.66925,139.7030175,重よし,★,日本料理,渋谷・原宿・青山,03-3400-4044
渋谷区,神宮前５丁目,-,東京都渋谷区神宮前 5-23-3,35.664426,139.7048265,玉笑,★,蕎麦,渋谷・原宿・青山,03-5485-0025
渋谷区,神宮前３丁目,-,東京都渋谷区神宮前 3-1-14,35.669547,139.713345,赤寶亭,★,日本料理,渋谷・原宿・青山,03-5474-6889
渋谷区,神宮前３丁目,-,東京都渋谷区神宮前 3-42-11,35.671806,139.7138625,焼鳥 今井,ビブグルマン,焼鳥,渋谷・原宿・青山,03-6447-1710
渋谷区,神宮前３丁目,-,東京都渋谷区神宮前 3-42-11,35.671806,139.7138625,とんかつ 七井戸,ビブグルマン,とんかつ,渋谷・原宿・青山,080-8190-1331
渋谷区,神宮前３丁目,-,東京都渋谷区神宮前 3-42-12,35.671905,139.7139075,アンディ,ビブグルマン,ベトナム料理,渋谷・原宿・青山,03-6447-5447
渋谷区,神宮前３丁目,-,東京都渋谷区神宮前 3-42-5,35.670933,139.7138265,ブラマソーレ,ビブグルマン,イタリア料理,渋谷・原宿・青山,03-6434-0615
渋谷区,神宮前２丁目,-,東京都渋谷区神宮前 2-13-1,35.674956,139.712445,ビストロ ティロワ,ビブグルマン,フランス料理,渋谷・原宿・青山,03-6804-1269
渋谷区,神宮前２丁目,-,東京都渋谷区神宮前 2-17-6,35.672607,139.710249,ベポカ,ビブグルマン,ペルー料理,渋谷・原宿・青山,03-6804-1377
渋谷区,神宮前２丁目,-,東京都渋谷区神宮前 2-19-12,35.67348,139.7103705,樋口,★★,日本料理,渋谷・原宿・青山,03-3402-7038
渋谷区,神宮前２丁目,-,東京都渋谷区神宮前 2-3-10,35.673165,139.7136465,勢揃坂 蕎 ぎん清,ビブグルマン,蕎麦,渋谷・原宿・青山,03-3479-1911
渋谷区,神宮前２丁目,-,東京都渋谷区神宮前 2-3-18,35.673174,139.71276,傳,★★,イノベーティブ,渋谷・原宿・青山,03-6455-5433
渋谷区,神宮前２丁目,-,東京都渋谷区神宮前 2-3-30,35.674443,139.71339,神宮の蕎麦,ビブグルマン,蕎麦,渋谷・原宿・青山,03-6434-7234
渋谷区,神宮前２丁目,-,東京都渋谷区神宮前 2-5-4 Seizan外苑 B1F,35.672346,139.713615,フロリレージュ,★★,フランス料理,渋谷・原宿・青山,03-6440-0878
渋谷区,神宮前２丁目,-,東京都渋谷区神宮前 2-5-6,35.672436,139.7131605,アミニマ,ビブグルマン,フランス料理,渋谷・原宿・青山,03-6804-2846
新宿区,神楽坂６丁目,-,東京都新宿区神楽坂 6-23,35.703558,139.737195,季彩や ひで,ビブグルマン,居酒屋,飯田橋・四ツ谷・神楽坂,03-6265-3778
新宿区,神楽坂５丁目,-,東京都新宿区神楽坂 5-37,35.701317,139.739202,神楽坂 石かわ,★★★,日本料理,飯田橋・四ツ谷・神楽坂,03-5225-0173
新宿区,神楽坂５丁目,-,東京都新宿区神楽坂 5-43-2,35.702253,139.7393955,エンジン,ビブグルマン,中国料理,飯田橋・四ツ谷・神楽坂,03-6265-0336
新宿区,神楽坂４丁目,-,東京都新宿区神楽坂 4-3-11 神楽坂つなしょうテラス 2F,35.702001,139.7399985,ふしきの,★,日本料理,飯田橋・四ツ谷・神楽坂,03-3269-4556
新宿区,神楽坂４丁目,-,東京都新宿区神楽坂 4-3-7,35.701794,139.7400975,ルグドゥノム ブション リヨネ,★,フランス料理,飯田橋・四ツ谷・神楽坂,03-6426-1201
新宿区,神楽坂３丁目,-,東京都新宿区神楽坂 3-4,35.700768,139.740984,虎白,★★★,日本料理,飯田橋・四ツ谷・神楽坂,03-5225-0807
新宿区,神楽坂３丁目,-,東京都新宿区神楽坂 3-6,35.700975,139.7401965,エスタシオン,ビブグルマン,スペイン料理,飯田橋・四ツ谷・神楽坂,03-5225-3808
新宿区,神楽坂３丁目,-,東京都新宿区神楽坂 3-6,35.700975,139.7401965,蕎楽亭,ビブグルマン,蕎麦,飯田橋・四ツ谷・神楽坂,03-3269-3233
新宿区,神楽坂１丁目,-,東京都新宿区神楽坂 1-11-8,35.70039,139.7420865,中国菜 膳楽房,ビブグルマン,中国料理,飯田橋・四ツ谷・神楽坂,03-3235-1260
中央区,新富２丁目,-,東京都中央区新富 2-5-5,35.67159,139.77405,久丹,★,日本料理,銀座・有楽町・築地,03-5543-0335
中央区,新富１丁目,-,東京都中央区新富 1-8-2,35.672904,139.7744685,鮨 はしもと,★,寿司,銀座・有楽町・築地,03-5541-5578
新宿区,新宿３丁目,-,東京都新宿区新宿 3-32-5 日原ビル B1F,35.690202,139.7039805,新宿割烹 中嶋,★,日本料理,新宿・代々木,03-3356-4534
新宿区,新宿２丁目,-,東京都新宿区新宿 2-4-1,35.688744,139.7082735,Sobahouse 金色不如帰,★,ラーメン,新宿・代々木,03-5315-4733
新宿区,新宿１丁目,-,東京都新宿区新宿 1-24-7,35.690058,139.713705,スクレ・サレ,ビブグルマン,フランス料理,新宿・代々木,03-6457-8664
港区,新橋５丁目,虎ノ門広域,東京都港区新橋 5-32-4,35.662428,139.7547405,荒井商店,ビブグルマン,ペルー料理,新橋・浜松町・田町,03-3432-0368
港区,新橋５丁目,虎ノ門広域,東京都港区新橋 5-8-13,35.663571,139.7551005,Curry and Rice 幸正,ビブグルマン,カレー,新橋・浜松町・田町,03-6450-1221
港区,新橋３丁目,虎ノ門広域,東京都港区新橋 3-6-13,35.666298,139.7552175,ひろ作,★,日本料理,新橋・浜松町・田町,03-3591-0901
港区,新橋２丁目,虎ノ門広域,東京都港区新橋 2-11-5,35.667162,139.7553705,新橋 かま田,ビブグルマン,おでん,新橋・浜松町・田町,03-3502-5133
港区,新橋２丁目,虎ノ門広域,東京都港区新橋 2-15-13,35.66646,139.7562885,ティキ プラカ,ビブグルマン,スペイン料理,新橋・浜松町・田町,03-6206-1125
渋谷区,上原２丁目,-,東京都渋谷区上原 2-48-11 ハニハラビル B1F,35.667765,139.681953,初代 割烹 高橋,ビブグルマン,日本料理,下北沢・明大前・成城学園前,03-6407-0565
渋谷区,上原１丁目,-,東京都渋谷区上原 1-1-20,35.668323,139.687425,四季ごはん 晴れ間。,ビブグルマン,日本料理,下北沢・明大前・成城学園前,03-6804-9980
渋谷区,上原１丁目,-,東京都渋谷区上原 1-29-5 BIT代々木上原 B1F,35.668359,139.6799865,コンチェルト,ビブグルマン,イタリア料理,下北沢・明大前・成城学園前,03-6804-8794
渋谷区,上原１丁目,-,東京都渋谷区上原 1-32-15,35.6688,139.67991,笹吟,ビブグルマン,居酒屋,下北沢・明大前・成城学園前,03-5454-3715
渋谷区,上原１丁目,-,東京都渋谷区上原 1-33-12 ちとせビル 2F,35.669196,139.680747,キガルニワショク弾,ビブグルマン,居酒屋,下北沢・明大前・成城学園前,03-6804-8935
渋谷区,上原１丁目,-,東京都渋谷区上原 1-33-12 ちとせビル 2F,35.669196,139.680747,中戸川,ビブグルマン,居酒屋,下北沢・明大前・成城学園前,03-6416-8086
渋谷区,上原１丁目,-,東京都渋谷区上原 1-35-3,35.669538,139.682115,Sio,★,フランス料理,下北沢・明大前・成城学園前,03-6804-7607
渋谷区,上原１丁目,-,東京都渋谷区上原 1-35-6 第16菊地ビル B1F,35.669655,139.681782,Matsushima,ビブグルマン,中国料理,下北沢・明大前・成城学園前,03-6416-8059
渋谷区,渋谷２丁目,-,東京都渋谷区渋谷 2-2-2 青山ルカビル B1F,35.660763,139.7085345,ラチュレ,★,フランス料理,渋谷・原宿・青山,03-6450-5297
渋谷区,渋谷２丁目,-,東京都渋谷区渋谷2-3-2,35.659809,139.7087955,琉球チャイニーズダイニング Tama,ビブグルマン,沖縄料理,渋谷・原宿・青山,03-3486-5577
渋谷区,渋谷１丁目,-,東京都渋谷区渋谷 1-5-9,35.66106,139.705776,くろ﨑,★,寿司,渋谷・原宿・青山,03-6427-7189
新宿区,住吉町,-,東京都新宿区住吉町 2-18,35.692101,139.72158,曙橋 まる富,★,日本料理,飯田橋・四ツ谷・神楽坂,03-6273-1003
新宿区,舟町,-,東京都新宿区舟町 15,35.691633,139.7208195,すし処 志げる,ビブグルマン,寿司,飯田橋・四ツ谷・神楽坂,03-3226-1588
新宿区,若宮町,-,東京都新宿区若宮町 35-4,35.699265,139.7384055,懐石 小室,★★,日本料理,飯田橋・四ツ谷・神楽坂,03-3235-3332
港区,芝大門１丁目,-,東京都港区芝大門 1-6-5,35.65791,139.754169,レ ジャルダン デ ドディーヌ,ビブグルマン,フランス料理,新橋・浜松町・田町,03-6435-7183
港区,芝公園２丁目,-,東京都港区芝公園 2-3-7 玉川ビル 2F,35.656758,139.7527065,のもと家,ビブグルマン,とんかつ,新橋・浜松町・田町,03-6809-1529
港区,芝公園１丁目,-,東京都港区芝公園 1-8-20,35.657514,139.751001,クレッセント,★,フランス料理,新橋・浜松町・田町,03-3436-3211
港区,芝２丁目,-,東京都港区芝 2-9-13,35.651871,139.7511315,食事 太華,ビブグルマン,日本料理,新橋・浜松町・田町,03-3453-6888
新宿区,四谷１丁目,-,東京都新宿区四谷 1-8 中川ビル B1F,35.686422,139.7284515,おでんや Den,ビブグルマン,おでん,飯田橋・四ツ谷・神楽坂,03-5379-8573
港区,三田３丁目,-,東京都港区三田 3-3-2 豊田ビル 2F,35.647272,139.7435985,焼鳥 嘉とう,ビブグルマン,焼鳥,新橋・浜松町・田町,03-6722-0977
港区,三田２丁目,-,東京都港区三田 2-17-29 グランデ三田 B1F,35.647434,139.740156,晴山,★★,日本料理,新橋・浜松町・田町,03-3451-8320
渋谷区,桜丘町,-,東京都渋谷区桜丘町 28-2,35.655534,139.699206,高太郎,ビブグルマン,日本料理,渋谷・原宿・青山,03-5428-5705
新宿区,高田馬場２丁目,-,東京都新宿区高田馬場 2-13-9,35.7129,139.707513,とんかつ ひなた,ビブグルマン,とんかつ,大久保・高田馬場,03-6380-2424
新宿区,高田馬場２丁目,-,東京都新宿区高田馬場 2-9-12,35.712171,139.707963,ラミティエ,ビブグルマン,フランス料理,大久保・高田馬場,03-5272-5010
新宿区,荒木町,-,東京都新宿区荒木町 1 なかばやしビル 2F,35.688699,139.721841,懐石 大原,★,日本料理,飯田橋・四ツ谷・神楽坂,03-6380-5223
新宿区,荒木町,-,東京都新宿区荒木町 10,35.689833,139.722552,荒木町 たつや,★,日本料理,飯田橋・四ツ谷・神楽坂,03-6709-8087
新宿区,荒木町,-,東京都新宿区荒木町 10-14,35.689527,139.7225745,燗コーヒー 藤々,ビブグルマン,居酒屋,飯田橋・四ツ谷・神楽坂,03-6883-9898
新宿区,荒木町,-,東京都新宿区荒木町 10-17,35.69022,139.7223585,青華 こばやし,★,日本料理,飯田橋・四ツ谷・神楽坂,03-6380-0978
新宿区,荒木町,-,東京都新宿区荒木町 3-21 宮内ビル 2F,35.688555,139.722642,多仁本,★,日本料理,飯田橋・四ツ谷・神楽坂,03-6380-5797
新宿区,荒木町,-,東京都新宿区荒木町 6-39 Garden Tree 2F,35.689329,139.722939,遊猿,ビブグルマン,中国料理,飯田橋・四ツ谷・神楽坂,03-6274-8987
新宿区,荒木町,-,東京都新宿区荒木町 7,35.689293,139.722282,酒肴 タキギヤ,ビブグルマン,居酒屋,飯田橋・四ツ谷・神楽坂,03-3351-1776
新宿区,荒木町,-,東京都新宿区荒木町 8-1,35.689527,139.7219175,四谷 うえ村,★,日本料理,飯田橋・四ツ谷・神楽坂,03-5363-1046
新宿区,荒木町,-,東京都新宿区荒木町 9-1,35.689689,139.722057,焼鳥 おがわ,ビブグルマン,焼鳥,飯田橋・四ツ谷・神楽坂,03-5315-4630
渋谷区,広尾５丁目,-,東京都渋谷区広尾 5-1-32 ST広尾 2F,35.64927,139.719051,オード,★,フランス料理,赤坂・六本木・麻布,03-6447-7480
渋谷区,広尾５丁目,-,東京都渋谷区広尾 5-14-14,35.650278,139.7214765,ラ・トルチュ,ビブグルマン,フランス料理,赤坂・六本木・麻布,03-6459-3713
渋谷区,広尾５丁目,-,東京都渋谷区広尾 5-17-8 アプリシエ広尾 B1F,35.649468,139.720455,ボッテガ,★,イタリア料理,赤坂・六本木・麻布,03-6450-3933
渋谷区,広尾５丁目,-,東京都渋谷区広尾 5-22-3,35.648613,139.71789,中華香彩 ジャスミン,ビブグルマン,中国料理,赤坂・六本木・麻布,03-5421-8525
渋谷区,広尾５丁目,-,東京都渋谷区広尾 5-25-4 宝ビル 1F,35.647884,139.72113,天てんぷら うち津,★★,天ぷら,赤坂・六本木・麻布,03-6408-9591
港区,虎ノ門５丁目,虎ノ門,東京都港区虎ノ門 5-2-8 サクシード虎ノ門 B1F,35.662644,139.744422,おかもと,★★,日本料理,赤坂・六本木・麻布,03-6432-0414
港区,虎ノ門１丁目,虎ノ門,東京都港区虎ノ門 1-11-5 森谷ビル B1F,35.668791,139.750362,シャルキュ,ビブグルマン,フランス料理,新橋・浜松町・田町,03-6205-4177
港区,元麻布３丁目,-,東京都港区元麻布 3-6-34,35.657055,139.7286945,かんだ,★★★,日本料理,赤坂・六本木・麻布,03-5786-0150
渋谷区,元代々木町,-,東京都渋谷区元代々木町 24-1,35.670663,139.6858545,シャントレル,★,フランス料理,下北沢・明大前・成城学園前,03-5465-0919
渋谷区,元代々木町,-,東京都渋谷区元代々木町 8-8,35.670141,139.685346,ル・キャバレ,ビブグルマン,フランス料理,下北沢・明大前・成城学園前,03-3469-7466
港区,元赤坂１丁目,赤坂,東京都港区元赤坂 1-5-8 虎屋第二ビル B1F,35.677467,139.7335995,懐石 辻留,★★,日本料理,赤坂・六本木・麻布,03-3403-3984
中央区,月島３丁目,-,東京都中央区月島 3-9-7,35.663202,139.7814255,矢もり,★,蕎麦,銀座・有楽町・築地,03-6225-0633
渋谷区,恵比寿南１丁目,-,東京都渋谷区恵比寿南 1-17-17 Time Zone テラスビル 4F,35.644788,139.7104155,匠 鮨 おわな,★,寿司,恵比寿・中目黒・目黒,03-5725-2020
渋谷区,恵比寿南１丁目,-,東京都渋谷区恵比寿南 1-17-2 Rホール 3F,35.644581,139.7104695,韓国食堂 入ル 坂上ル,ビブグルマン,韓国料理,恵比寿・中目黒・目黒,03-5734-1699
渋谷区,恵比寿西２丁目,-,東京都渋谷区恵比寿西 2-13-16,35.650872,139.706028,タクボ,★,イタリア料理,恵比寿・中目黒・目黒,03-6455-3822
渋谷区,恵比寿西２丁目,-,東京都渋谷区恵比寿西 2-17-5 サンビレッジ代官山 2F,35.648937,139.7059425,レクテ,★,フランス料理,恵比寿・中目黒・目黒,03-3770-7070
渋谷区,恵比寿西２丁目,-,東京都渋谷区恵比寿西 2-7-2,35.650368,139.707198,ル・コック,★,フランス料理,恵比寿・中目黒・目黒,03-3770-1915
渋谷区,恵比寿西１丁目,-,東京都渋谷区恵比寿西 1-30-12,35.648451,139.7058345,アビス,★,フランス料理,恵比寿・中目黒・目黒,03-6804-3846
渋谷区,恵比寿西１丁目,-,東京都渋谷区恵比寿西 1-3-10 ファイブアネックス B1F,35.648901,139.7082645,翁,★,蕎麦,恵比寿・中目黒・目黒,03-3477-2648
渋谷区,恵比寿西１丁目,-,東京都渋谷区恵比寿西 1-8-13 エムロード戸田 2F,35.647578,139.7082645,鳥佳,ビブグルマン,焼鳥,恵比寿・中目黒・目黒,03-6455-3859
渋谷区,恵比寿２丁目,-,東京都渋谷区恵比寿 2-10-5,35.645679,139.716792,鍈輝,ビブグルマン,焼鳥,恵比寿・中目黒・目黒,03-5422-8611
千代田区,九段北１丁目,-,東京都千代田区九段北 １-9-12,35.697933,139.75083,錦福 香港美食,ビブグルマン,中国料理,飯田橋・四ツ谷・神楽坂,03-3511-2202
千代田区,九段南４丁目,-,東京都千代田区九段南 4-1-10,35.69157,139.741056,シェ オリビエ,★,フランス料理,飯田橋・四ツ谷・神楽坂,03-6268-9933
中央区,銀座８丁目,-,東京都中央区銀座 8-10-2 ルアンビル B1F,35.668026,139.7627145,鮨 あらい,★,寿司,銀座・有楽町・築地,03-6264-5855
中央区,銀座８丁目,-,東京都中央区銀座 8-10-3 銀座三鈴ビル B1F,35.667999,139.7626605,鮨 かねさか,★,寿司,銀座・有楽町・築地,03-5568-4411
中央区,銀座８丁目,-,東京都中央区銀座 8-3-1 銀座時傳 6F,35.669241,139.7592225,青空,★★,寿司,銀座・有楽町・築地,03-3573-1144
中央区,銀座８丁目,-,東京都中央区銀座 8-4-21 保坂ビル B1F,35.669079,139.75992,銀座 やまの辺 江戸中華,★,中国料理,銀座・有楽町・築地,03-3569-2520
中央区,銀座８丁目,-,東京都中央区銀座 8-5-15 スバックス銀座ビル 3F,35.66835,139.7595555,くいもんや すだち,ビブグルマン,おばんざい,銀座・有楽町・築地,03-5568-3321
中央区,銀座８丁目,-,東京都中央区銀座 8-7-2 銀座藤井ビル2 3F,35.668854,139.761405,てんぷら 阿部 8丁目店,ビブグルマン,天ぷら,銀座・有楽町・築地,03-5537-7575
中央区,銀座８丁目,-,東京都中央区銀座 8-7-2 銀座藤井ビル2 5F,35.668854,139.761405,オステリア ダ カッパ,ビブグルマン,イタリア料理,銀座・有楽町・築地,03-6274-6620
中央区,銀座８丁目,-,東京都中央区銀座 8-7-2 堀越ビル 4F,35.668854,139.761405,銀座 いしざき,★,牛肉料理,銀座・有楽町・築地,03-6228-5973
中央区,銀座８丁目,-,東京都中央区銀座 8-7-6 平つかビル 3F,35.66853,139.7612295,鮨 くわ野,★,寿司,銀座・有楽町・築地,03-3573-6577
中央区,銀座８丁目,-,東京都中央区銀座 8-7-7 Juno銀座誠和ビル 3F,35.668368,139.7610855,銀座 一期,★,日本料理,銀座・有楽町・築地,03-3573-2015
中央区,銀座８丁目,-,東京都中央区銀座 8-8-19 伊勢由ビル 5F,35.668521,139.761558,銀座 福樹,★★,日本料理,銀座・有楽町・築地,03-3571-8596
中央区,銀座８丁目,-,東京都中央区銀座 8-8-19 伊勢由ビル 6F,35.668521,139.761558,カーエム,★,フランス料理,銀座・有楽町・築地,03-6252-4211
中央区,銀座７丁目,-,東京都中央区銀座 7-13-2 ティアラグレイス銀座タワー 2F,35.668107,139.7646855,尹家,★★,韓国料理,銀座・有楽町・築地,03-6264-7873
中央区,銀座７丁目,-,東京都中央区銀座 7-2-8 東建ビル B1F,35.670681,139.7603655,銀座 凛 にしむら,★,寿司,銀座・有楽町・築地,03-3575-5677
中央区,銀座７丁目,-,東京都中央区銀座 7-3-13,35.67015,139.7601675,蓮,★,日本料理,銀座・有楽町・築地,03-6265-0177
中央区,銀座７丁目,-,東京都中央区銀座 7-4-5 銀座745ビル 3F,35.670123,139.7611125,銀座 きた福,★,蟹料理,銀座・有楽町・築地,050-3628-6368
中央区,銀座７丁目,-,東京都中央区銀座 7-5-4 La Vialle 銀座ビル 2F,35.670285,139.761711,銀座 とよだ,★,日本料理,銀座・有楽町・築地,03-5568-5822
中央区,銀座７丁目,-,東京都中央区銀座 7-5-5,35.669916,139.761378,ロオジエ,★★★,フランス料理,銀座・有楽町・築地,03-3571-6050
中央区,銀座７丁目,-,東京都中央区銀座 7-6-5 石井紀州屋ビル 2F,35.669745,139.761945,安達直人,★,日本料理,銀座・有楽町・築地,03-3572-7088
中央区,銀座７丁目,-,東京都中央区銀座 7-8-13 Brown Place 9F,35.668881,139.761918,鮨 よしたけ,★★★,寿司,銀座・有楽町・築地,03-6253-7331
中央区,銀座６丁目,-,東京都中央区銀座 6-8-7 交詢ビル 4F,35.670087,139.7627775,スリオラ,★★,スペイン料理,銀座・有楽町・築地,03-3289-5331
中央区,銀座５丁目,-,東京都中央区銀座 5-10-11,35.669862,139.765491,能登 金沢の幸 銀座 ふる田,ビブグルマン,日本料理,銀座・有楽町・築地,03-3574-0252
中央区,銀座５丁目,-,東京都中央区銀座 5-1-8 銀座MSビル B1F,35.672031,139.7617965,レ・コパン ドゥ ドミニク・ブシェ,ビブグルマン,フランス料理,銀座・有楽町・築地,03-6264-6566
中央区,銀座５丁目,-,東京都中央区銀座 5-4-6 ロイヤルクリスタル銀座 7F,35.671662,139.7632815,アジル,★,フランス料理,銀座・有楽町・築地,03-3575-5115
中央区,銀座５丁目,-,東京都中央区銀座 5-4-6 ロイヤルクリスタル銀座 9F,35.671662,139.7632815,エスキス,★★,フランス料理,銀座・有楽町・築地,03-5537-5580
中央区,銀座５丁目,-,東京都中央区銀座 5-4-8 カリオカビル 4F,35.671437,139.7630205,銀座 小十,★★,日本料理,銀座・有楽町・築地,03-6215-9544
中央区,銀座５丁目,-,東京都中央区銀座 5-4-8 カリオカビル B1F,35.671437,139.7630205,銀座 奥田,★,日本料理,銀座・有楽町・築地,03-5537-3338
中央区,銀座５丁目,-,東京都中央区銀座 5-5-13 坂口ビル 9F,35.671203,139.7632095,てんぷら 近藤,★★,天ぷら,銀座・有楽町・築地,03-5568-0923
中央区,銀座５丁目,-,東京都中央区銀座 5-6-10 ミヤコビル 4F,35.670735,139.763646,喰善 あべ,★,日本料理,銀座・有楽町・築地,03-3572-4855
中央区,銀座５丁目,-,東京都中央区銀座 5-9-16 Ginza-A5 2F,35.670096,139.765059,ラフィナージュ,★,フランス料理,銀座・有楽町・築地,03-6274-6541
中央区,銀座５丁目,-,東京都中央区銀座 5-9-19 MCビル 3F,35.670474,139.765284,さわ田,★★,寿司,銀座・有楽町・築地,03-3571-4711
中央区,銀座５丁目,-,東京都中央区銀座 5-9-19 MCビル B1F,35.670474,139.765284,栞庵 やましろ,★,日本料理,銀座・有楽町・築地,03-3571-1333
中央区,銀座４丁目,-,東京都中央区銀座 4-12-2,35.670006,139.768182,木挽町 とも樹,★★,寿司,銀座・有楽町・築地,03-5550-3401
中央区,銀座４丁目,-,東京都中央区銀座 4-13-16 若月ビル 1F,35.669367,139.7685375,魚菜料理 赤井,ビブグルマン,日本料理,銀座・有楽町・築地,03-3248-4567
中央区,銀座４丁目,-,東京都中央区銀座 4-14-6 ギンザエイトビル 2F,35.669061,139.768785,ダルマサーガラ,ビブグルマン,インド料理,銀座・有楽町・築地,03-3545-5588
中央区,銀座４丁目,-,東京都中央区銀座 4-2-15 塚本素山ビル B1F,35.672598,139.7640645,バードランド,★,焼鳥,銀座・有楽町・築地,03-5250-1081
中央区,銀座４丁目,-,東京都中央区銀座 4-3-7 スバルビル B1F,35.672103,139.764456,てんぷら 阿部 本店,ビブグルマン,天ぷら,銀座・有楽町・築地,03-6228-6077
中央区,銀座４丁目,-,東京都中央区銀座 4-8-10 Pias Ginza 12F,35.670645,139.7665125,タテル ヨシノ 銀座,★,フランス料理,銀座・有楽町・築地,03-3563-1511
中央区,銀座４丁目,-,東京都中央区銀座西 2-2 銀座インズ2 2F,35.67086982,139.7666474,バンゲラズ キッチン,ビブグルマン,インド料理,銀座・有楽町・築地,03-3561-5516
中央区,銀座３丁目,-,東京都中央区銀座 3-14-2,35.670573,139.770063,中華そば 銀座 八五,ビブグルマン,ラーメン,銀座・有楽町・築地,03-6228-4141
中央区,銀座３丁目,-,東京都中央区銀座 3-3-6 銀座モリタビル 7F,35.673129,139.765545,銀座 ふじやま,★,日本料理,銀座・有楽町・築地,03-6263-2435
中央区,銀座３丁目,-,東京都中央区銀座 3-5-3 シャネル銀座ビルディング 10F,35.673003,139.766472,ベージュ アラン・デュカス,★★,フランス料理,銀座・有楽町・築地,03-5159-5500
中央区,銀座３丁目,-,東京都中央区銀座 3-7-13 成田屋ビル 7F,35.671932,139.7671245,東家,★,日本料理,銀座・有楽町・築地,03-6228-6182
中央区,銀座３丁目,-,東京都中央区銀座 3-9-18,35.671698,139.767795,王十里 サランチェ,ビブグルマン,韓国料理,銀座・有楽町・築地,03-3543-2525
中央区,銀座２丁目,-,東京都中央区銀座 2-14-8,35.671167,139.7701755,ヨシモリ,ビブグルマン,焼鳥,銀座・有楽町・築地,03-6278-7759
中央区,銀座２丁目,-,東京都中央区銀座 2-6-5 銀座トレシャス 12F,35.673597,139.7672235,アロマフレスカ,★,イタリア料理,銀座・有楽町・築地,03-3535-6667
中央区,銀座２丁目,-,東京都中央区銀座 2-7-12 ブルガリ銀座タワー 9F,35.672922,139.767219,ブルガリ イル・リストランテ ルカ・ファンティン,★,イタリア料理,銀座・有楽町・築地,03-6362-0555
中央区,銀座２丁目,-,東京都中央区銀座 2-8-17 ハビウル銀座Ⅱ B1F,35.672931,139.7678265,銀座 しのはら,★★,日本料理,銀座・有楽町・築地,03-6263-0345
中央区,銀座１丁目,-,東京都中央区銀座 1-15-8,35.67339,139.7701215,アロセリア ラ パンサ,ビブグルマン,スペイン料理,銀座・有楽町・築地,03-6228-6793
中央区,銀座１丁目,-,東京都中央区銀座 1-21-2,35.672769,139.771098,ラ・ベットラ・ダ・オチアイ,ビブグルマン,イタリア料理,銀座・有楽町・築地,03-3567-5656
中央区,銀座１丁目,-,東京都中央区銀座 1-27-8,35.672697,139.7720385,ビストロ・シンバ,ビブグルマン,フランス料理,銀座・有楽町・築地,03-6264-4218
中央区,銀座１丁目,-,東京都中央区銀座 1-5-14,35.674839,139.7670345,すし家 一栁,★,寿司,銀座・有楽町・築地,03-3562-7890
中央区,銀座１丁目,-,東京都中央区銀座 1-5-6 銀座レンガ通り福神ビル 2F,35.674812,139.767327,ドミニク・ブシェ,★★,フランス料理,銀座・有楽町・築地,03-6264-4477
中央区,銀座１丁目,-,東京都中央区銀座 1-7-7 ポーラ銀座ビル 9F,35.674308,139.767867,厲家菜 銀座,★,中国料理,銀座・有楽町・築地,03-6228-6768
中央区,京橋３丁目,日八京,東京都中央区京橋 3-3-11,35.675577,139.7682495,フィオレンツァ,ビブグルマン,イタリア料理,東京駅・丸の内・日本橋,03-6425-7208
中央区,京橋２丁目,日八京,東京都中央区京橋 2-5-2,35.676486,139.770477,京橋 てんぷら 深町,★,天ぷら,東京駅・丸の内・日本橋,03-5250-8777
千代田区,紀尾井町,赤坂,東京都千代田区紀尾井町 1-13,35.680347,139.7359665,紀尾井町 福田家,★★,日本料理,赤坂・六本木・麻布,03-3261-8577
千代田区,紀尾井町,赤坂,東京都千代田区紀尾井町 4-1 ホテルニューオータニ ザ・メイン ロビー階,35.679402,139.735638,トゥールダルジャン,★,フランス料理,赤坂・六本木・麻布,03–3239–3111
千代田区,丸の内１丁目,大丸有,東京都千代田区丸の内 1-1-1 パレスホテル 5F,35.684667,139.7615355,中国飯店 琥珀宮,★,中国料理,東京駅・丸の内・日本橋,03-5221-7788
千代田区,丸の内１丁目,大丸有,東京都千代田区丸の内 1-1-3 日本生命丸の内ガーデンタワー M2F,35.684469,139.7622555,ハインツ ベック,★,イタリア料理,東京駅・丸の内・日本橋,03-3284-0030
千代田区,外神田５丁目,-,東京都千代田区外神田 5-5-2,35.704008,139.7727045,鳥つね 自然洞,ビブグルマン,鳥料理,神田・秋葉原・水道橋,03-5818-3566
千代田区,外神田３丁目,-,東京都千代田区外神田 3-6-8,35.702793,139.769856,いし橋,★,すき焼,神田・秋葉原・水道橋,03-3251-3580
千代田区,外神田１丁目,-,東京都千代田区外神田 1-8-14,35.699148,139.7697165,丸五,ビブグルマン,とんかつ,神田・秋葉原・水道橋,03-3255-6595
新宿区,河田町,-,東京都新宿区河田町 10-10,35.69841,139.71744,小笠原伯爵邸,★,スペイン料理,飯田橋・四ツ谷・神楽坂,03-3359-5830
新宿区,下落合３丁目,-,東京都新宿区下落合 3-15-25,35.722305,139.702347,秋田料理 五城目,ビブグルマン,居酒屋,池袋・巣鴨・駒込,03-3951-1278
新宿区,下落合３丁目,-,東京都新宿区下落合 3-2-16,35.722017,139.704543,田のじ,ビブグルマン,おでん,池袋・巣鴨・駒込,03-3954-3855
新宿区,横寺町,-,東京都新宿区横寺町 37-39,35.701182,139.736196,梅香,ビブグルマン,中国料理,飯田橋・四ツ谷・神楽坂,03-3260-2658
渋谷区,猿楽町,-,東京都渋谷区猿楽町 17-16 代官山フォーラム B1F,35.649585,139.6986705,メゾン ポール・ボキューズ,★,フランス料理,恵比寿・中目黒・目黒,03-5458-6324
渋谷区,猿楽町,-,東京都渋谷区猿楽町 2-3,35.653113,139.7048445,レザンファン ギャテ,★,フランス料理,恵比寿・中目黒・目黒,03-3476-2929
渋谷区,猿楽町,-,東京都渋谷区猿楽町 2-5,35.652978,139.7047725,アタ,ビブグルマン,フランス料理,恵比寿・中目黒・目黒,03-6809-0965
渋谷区,猿楽町,-,東京都渋谷区猿楽町 3-9 アヴェニューサイド代官山1 2F,35.652078,139.704255,サンプリシテ,★,フランス料理,恵比寿・中目黒・目黒,03-6759-1096
渋谷区,宇田川町,-,東京都渋谷区宇田川町 11-2,35.662491,139.6972575,ビストロ ロジウラ,ビブグルマン,フランス料理,渋谷・原宿・青山,03-6416-3083
港区,愛宕２丁目,虎ノ門,東京都港区愛宕 2-3-1 フォレストタワー 2F,35.66349,139.748922,醍醐,★★,精進料理,新橋・浜松町・田町,03-3431-0811
