指標名,ナイトライフ施設,,,,,,,,,,,
出典,TOKYO CLUB MAP,,,,,,,,,,,
年次,2020/2/20取得,,,,,,,,,,,
URL,https://www.tokyo-club.net/,,,,,,,,,,,
備考,,,,,,,,,,,,
,,,,,,,,,,,,
区,町丁,エリア,住所,緯度,経度,施設名,エリア,業種,ジャンル,電話番号,営業時間,定休日
港区,六本木７丁目,六本木,東京都港区六本木7-14-10 山室ビル2F,35.663319,139.731858,GERONIMO SHOT BAR,六本木,Bar ･ Nightclub ･ Party,80s ･ TOP40 ･ Dance ･ Disco ･ HipHop ･ Allmix,03-3478-7449,18:00-05:00,無休
港区,六本木７丁目,六本木,東京都港区六本木7-13-7 1F-B1F,35.664057,139.730616,V2 TOKYO,六本木,CLUB,Allmix ･ House ･ HipHop ･ Live ･ Electro ･ EDM ･ R&B,03-5474-0091,21:00-05:00,無休
港区,六本木７丁目,六本木,東京都港区六本木7-14-23 セントラル六本木1F,35.663589,139.731435,R2 SUPPERCLUB,六本木,ラウンジバー,Soul ･ Jazz ･ Electronic ･ Live ･ Funk ･ Lounge,03-6447-0002,"17:00-05:00 / 日 17:00-03:00
(ハッピーアワー 17:00-20:00)",無休
港区,六本木７丁目,六本木,東京都港区六本木7-8-6 AXALL ROPPONGI B1F,35.664903,139.7297925,SEL OCTAGON TOKYO,六本木,クラブ,EDM ･ Electro ･ Techno ･ House ･ TRAP ･ etc.,03-3405-0088,"木･金･土･祝前 22:00-05:00
月･火･水 ※バー営業",不定 (祝前日でない日曜日は休みとなる場合が多い)
港区,六本木７丁目,六本木,東京都港区六本木7-6-3 喜楽ビル201,35.664633,139.7285595,Funky D,六本木,バー,80s ･ 70s ･ Funk ･ Soul ･ R&B ･ House ･ HipHop,03-3403-5636,平日 20:00-24:00 / 週末 20:00-02:00,日-水 ･ 祝日 (祝前は営業の可能性あり)
港区,六本木７丁目,六本木,東京都港区六本木7-14-5 六本木大和ビル3F,35.663715,139.7314305,TOKYO R Bar&Cafe,六本木,バー,Lounge music ･ Disco ･ House ･ Techno ･ Electronic ･ Jazz ･ Others,03-6434-7325,17:00-03:00 / 週末: 17:00-05:00,日
港区,六本木７丁目,六本木,東京都港区六本木7-5-11 カサグランデミワ2F,35.664876,139.727826,R&B cafe Boo,六本木,カフェ ･ バー,BlackMusic,03-5770-6655,"ランチ 11:00-17:00
ディナー 18:00-23:00
ラウンジ 23:00-05:00 (日･祝 ～23:00)",火
港区,六本木７丁目,六本木,東京都港区六本木7-13-7 2F,35.664057,139.730616,VILLA TOKYO,六本木,CLUB,Allmix ･ EDM ･ House ･ etc.,03-5413-8077,21:00-05:00 変動の可能性あり,
港区,六本木６丁目,六本木,東京都港区六本木6-10-1 六本木ヒルズウェストウォーク1F,35.66043,139.7292615,TUSK,六本木,バー,Allmix,03-3478-9991,"月-土 11:30-05:00
日･祝 11:30-24:00",無休
港区,六本木６丁目,六本木,東京都港区六本木6-1-3 六門ビル6F,35.662707,139.7323395,MAHARAJA,六本木,クラブ ･ ディスコ,Allmix ･ House ･ Disco ･ Dance ･ R&B ･ POPs,03-6804-1798,"月･火 19:00-24:00
水･木 19:00-02:00
金･土･祝前 19:00-05:00
日･祝 イベントにより変動
目安となります。事前にご確認下さい。",無休
港区,六本木６丁目,六本木,東京都港区六本木6-8-22 イケガミビル1F,35.659827,139.732281,THE PUBLIC SIX,六本木,バー,House ･ Allmix,03-5413-3182,17:00-05:00 / 日･祝 ～03:00,無し
港区,六本木５丁目,六本木,東京都港区六本木5-1-6 六本木B&Vビル2F・3F,35.662635,139.7331315,ESPRIT TOKYO,六本木,DJラウンジ ･ CLUB,EDM ･ Allmix ･ R&B ･ HipHop,03-3470-1371,"22:00-05:00
※イベント等により営業時間が変更となる可能性があります。必ず事前にご確認下さい。",無休
港区,六本木５丁目,六本木,東京都港区六本木5-3-1 レーヌ第2ビル3F,35.662077,139.7332755,Bar Quest,六本木,DJバー,Disco ･ Allmix,03-5414-2225,19:00-07:00 / 金･土19:00-10:00頃まで,無休
港区,六本木５丁目,六本木,東京都港区六本木5-1-7 六本木ストリートビル 1F-2F,35.662509,139.733217,MEZZO TOKYO,六本木,ラウンジ ･ バー,House ･ EDM ･ Allmix ･ etc.,03-6438-9711,平日 19:00-01:00 / 金･土･祝前 19:00-03:00,日 ･ 祝
港区,六本木５丁目,六本木,東京都港区六本木5-10-25 R棟,35.659314,139.732578,1OAK Tokyo,六本木,CLUB,HipHop･ R&B･ Electro･ Moombahton･ etc.,03-6447-2002,"23:00-05:00
事情により変更となる場合あり、事前に要確認",日 ･ 月
港区,六本木５丁目,六本木,東京都港区六本木5-9-22 第二千陽ビルB1F,35.661924,139.732983,Electrik神社,六本木,バー,Jazz ･ Funk ･ Live ･ HipHop ･ Others,03-3478-3363,19:00-05:00,日
港区,六本木５丁目,六本木,東京都港区六本木5-16-5 インペリアル六本木ビルB2F,35.661726,139.7353545,THE FIRST HOUSE,六本木,クラブバー,R&B ･ Allmix,03-6277-7229,"19:00-05:00 (ハッピーアワー 22:00まで)
※更新の可能性あり、要確認",日
港区,六本木５丁目,六本木,東京都港区六本木5-16-52 インペリアル六本木2号館 S202,35.661591,139.7353275,F.Y.B TOKYO,六本木,バー,Allmix ･ EDM ･ HipHop ･ etc.,03-6441-2978,21:00又は22:00より ※変動の可能性あり,日
港区,六本木５丁目,六本木,東京都港区六本木5-18-21 FIVEPLAZA B2F,35.660943,139.73697,Club EDGE,六本木,ライブハウス,Live ･ POPs ･ Rock ･ Funk ･ All Genre ･ Others,03-3505-4561,※スケジュールにより異なる,
港区,六本木５丁目,六本木,東京都港区六本木5-18-2 大昌第二ビルB1F,35.661213,139.737258,VARIT.,六本木,ライブハウス ･ クラブ,All Genre,03-6441-0825,スケジュールをご確認下さい,
港区,六本木４丁目,六本木,東京都港区六本木4-5-2 UビルB1F,35.665074,139.7326365,atomage,六本木,バー,Rock ･ R&B ･ TechHouse ･ House ･ Electro ･ Ska ･ Funk ･ Disco,03-3479-0055,19:00-02:00 / 週末 19:00-03:00,日
港区,六本木４丁目,六本木,東京都港区六本木4-11-11 六本木GMビル B1F,35.664237,139.731525,morph-tokyo,六本木,ライブハウス ･ クラブ,Live ･ POPs ･ Others ･ Allmix,03-5414-2683,イベント･ライブにより異なる,
港区,六本木３丁目,六本木,東京都港区六本木3-10-5 マリーナビル1F,35.663184,139.733406,NEW PLANET TOKYO,六本木,CLUB ･ ラウンジ,Allmix ･ HipHop ･ Dance ･ R&B ･ POPs,03-3470-4360,18:00-08:00,無休
港区,六本木３丁目,六本木,東京都港区六本木3-10-5 マリナービル1F/2F,35.663184,139.733406,JUMANJI 55,六本木,バー ･ ラウンジ,House ･ Allmix ･ R&B,03-5410-5455,"19:00～
※最新の情報とは異なる場合があります。必ず事前にご確認下さい。",無休
港区,六本木３丁目,六本木,東京都港区六本木 3-15-24 アリエスビル2F,35.662671,139.7353905,Two Dogs Taproom,六本木,レストラン ･ バー,Others,03-5413-0333,17:00-05:00,無休
港区,六本木３丁目,六本木,東京都港区六本木3-14-12 六本木三丁目ビルB1F,35.662482,139.734342,BLACK HORSE,六本木,クラブ ･ ラウンジバー,Allmix,03-5772-5444,18:00-05:00 ※変わる可能性あり、要確認,無休
港区,六本木３丁目,六本木,東京都港区六本木3-13-12 エルサビル2F,35.662905,139.73382,New Lex Tokyo (Lex Tokyo),六本木,クラブ,Allmix ･ Others,03-6434-7729,22:00～ミッドナイト,無休
港区,六本木３丁目,六本木,東京都港区六本木3-13-10 六本木幸田ビル5F,35.66277,139.733595,Padi’s Tokyo,六本木,バー,Reggae ･ Afrobeat ･ Afro Pop,03-6698-9001,18:00-23:00 / 週末 22:00-05:00,無し ･ 不定
港区,六本木３丁目,六本木,東京都港区六本木3-15-24 ウィン六本木1F,35.662671,139.7353905,EL CAFE LATINO,六本木,バー,Latin ･ Salsa ･ Dance,03-3402-8989,"火-木･日 18:00-24:00
金･土･祝前日 18:00-05:00",無し
港区,六本木３丁目,六本木,東京都港区六本木3-12-5 ステラ六本木B1F,35.663049,139.733577,88 STREET BAR,六本木,DJバー,Allmix ･ HipHop ･ Soul ･ Classics ･ Dance,03-3478-0166,"22:00-06:00 / 週末 20:00-07:00
※改定の可能性あり、要確認",無し
港区,六本木３丁目,六本木,東京都港区六本木3-11-6 21泰明ビル4F,35.663085,139.733046,Motown House,六本木,バー,BlackMusic ･ 80s ･ Allmix ･ etc.,03-5474-4605,18:00-05:00,無し
港区,六本木３丁目,六本木,東京都港区六本木3-8-15 六本木日拓ビル1F-3F,35.663319,139.7341935,DiA tokyo,六本木,CLUB,Allmix ･ R&B ･ EDM ･ House ･ etc.,-,"22:00-05:00
変更となる場合もございます。事前にお確かめ下さい。",不定休
港区,六本木３丁目,六本木,東京都港区六本木3-11-10 ココ六本木ビル4F,35.663292,139.732965,RAKAN TOKYO,六本木,バー,HipHop ･ Latin ･ R&B ･ etc.,03-6812-9492,20:00-07:00 ※貸切等により変動あり。要確認,日 ※祝前日の場合、変わる可能性あり
港区,六本木３丁目,六本木,東京都港区六本木3-13-6 WINDビルB1,35.662896,139.7340315,THE NEW MATRIX BAR,六本木,DJバー,HipHop ･ R&B ･ Reggae ･ Allmix,03-3405-1066,20:00-05:00 ※更新となる場合あり、要確認,日
港区,六本木３丁目,六本木,東京都港区六本木3-15-23 六本木花椿ビル3F,35.662374,139.7352285,ODEON TOKYO,六本木,Club ･ バー,House ･ EDM ･ Allmix ･ Trance,03-3478-4555,"21:00-09:00 / 週末 ～12:00
※変更の可能性あり、要確認",日
港区,六本木３丁目,六本木,東京都港区六本木3-15-23 花椿ビル1F,35.662374,139.7352285,jokers Bar,六本木,ダイニングバー,Allmix ･ Disco ･ R&B,03-6434-0574,"月-木19:00-05:00 / 金･土19:00-06:00
※変更となっている可能性あり、要確認",日
港区,六本木３丁目,六本木,東京都港区六本木3-13-12 エルサビル2F,35.662905,139.73382,MAGNET,六本木,レストランバー,HipHop ･ House ･ EDM ･ R&B ･ Techno,03-6434-7729,23:00-05:00 (レストラン ～22:00),日
港区,六本木３丁目,六本木,東京都港区六本木3-11-6 泰明ビル3F,35.663085,139.733046,Sheyda BAR,六本木,ラウンジバー,House ･ TOP40 ･ Billboard ･ Latin ･ R&B,03-6447-0148,21:00-06:00 / 土 21:00-09:00,日
港区,六本木３丁目,六本木,東京都港区六本木3-15-22 陽光セントラル六本木ビル6F,35.662212,139.7351655,JP Bar,六本木,バー,Latin ･ etc.,03-6886-6286,"19:00～
(23:00までハッピーアワー)
変わる可能性あり確認要",日
港区,六本木３丁目,六本木,東京都港区六本木3-8-15 六本木日拓ビル3F,35.663319,139.7341935,ZEN TOKYO,六本木,CLUB,HipHop ･ etc.,03-6447-4416,木～土･祝前日 22:00-05:00,上記のクラブ営業以外の日は、イベントスペースとして貸切可能
港区,六本木３丁目,六本木,東京都港区六本木3-11-6 21泰明ビル5F,35.663085,139.733046,IBEX TOKYO,六本木,Club ･ ラウンジバー,HipHop ･ R&B ･ Reggae ･ 90s ･ Old school,03-3746-1075,22:00-05:00 / 週末 22:00-08:00 ※変動する場合あり,時間外はレンタルスペースとして利用可
港区,六本木３丁目,六本木,東京都港区六本木3-14-7 アロービルB1F,35.662554,139.734945,7Sense,六本木,ラウンジ,Allmix,03-6804-5196,"火-木 24:00-07:00
金･土 21:00-08:00
※営業時間が変更となる可能性があります。必ず事前にご確認下さい。",月 ･ 日
港区,六本木３丁目,六本木,東京都港区六本木3-15-23 B1F,35.662374,139.7352285,MILWAUKEE BAR,六本木,アミューズメントバー,Allmix ･ Trance ･ 70s ･ 80s ･ 90s,03-3401-7155,18:00-02:00 / 週末･祝前 18:00-06:00,月
港区,六本木３丁目,六本木,東京都港区六本木3-14-8 下条ビルB1F,35.662437,139.734864,SONIDO’S BAR,六本木,バー,HipHop ･ TOP40 ･ Latin ･ EDM ･ R&B ･ Reggae,03-6447-1995,19:00-07:00,火
港区,六本木３丁目,六本木,東京都港区六本木3-13-8 ゾーナンビル2F,35.662599,139.734009,mint,六本木,カフェバー,Others,03-6823-1219,12:00-04:00 (ランチ: 17:00まで),火
港区,六本木３丁目,六本木,東京都港区六本木3-14-7 アロービルB1F,35.662554,139.734945,Seven Tokyo,六本木,クラブ,Allmix,03-6804-5196,(22:00～ ※変動する為要確認),(日 ･ 月 ※要事前確認、祝前の場合変更の可能性あり)
港区,六本木３丁目,六本木,東京都港区六本木3-15-24 アリエスビル 1F/B1F,35.662671,139.7353905,LINE CLUB,六本木,バー ･ ラウンジ,HipHop ･ R&B ･ Reggae ･ Allmix,-,"木･金･土 22:00-09:00
※最新の情報とは異なる場合があります。必ず事前にご確認下さい。",
千代田区,有楽町１丁目,大丸有,東京都千代田区有楽町1-2-14 紫ビルB1F,35.672436,139.7599425,300BAR NEXT,銀座,バー,Techno ･ House ･ Soul ･ Old school ･ HipHop ･ Dance ･ Disco ･ Funk,03-3593-8300,"17:00～
月-木 -02:00 / 金･土･祝前 -04:00 / 日･祝 -23:00",無休
千代田区,有楽町１丁目,大丸有,東京都千代田区有楽町1-1-2 東京ミッドタウン日比谷3F,35.673552,139.7590335,Billboard cafe & dining,銀座,レストラン,All Genre ･ Disco ･ Acoustic ･ TOP40 ･ Others,03-6273-3355,"11:00-23:00
ランチ 11:00～
カフェ 15:00～
ディナー 17:00～",不定休
千代田区,有楽町１丁目,大丸有,東京都千代田区有楽町1-5-2東宝ツインタワービルB2･B3,35.674191,139.760091,CLUB DIANA,銀座,クラブ ･ ディスコ,R&B ･ Disco ･ 90s ･ Allmix ･ HipHop ･ House,-,"日-木･土･祝日18:00-24:00 / 金・祝前日18:00-25:00
※イベントにより異なる場合がございますので事前にご確認下さい。",月 ※貸切りは営業
港区,麻布台３丁目,-,東京都港区麻布台3-4-11 中央飯倉ビルB1F,35.660529,139.7390445,CUBE,六本木,CLUB ･ DISCO,Allmix ･ House ･ Disco ･ Dance ･ R&B ･ HIPHOP ･ Live ･ Electro ･ POPs,03-3589-0933,※イベントにより異なる,無休
港区,麻布十番２丁目,-,東京都港区麻布十番2-5-1 マニヴィア麻布十番8F,35.656362,139.7335995,The Beach Lounge,麻布,ソウルバー ･ ラウンジ,Soul ･ Jazz ･ R&B ･ Disco,03-5772-5745,"平日 ･ 土 20:00-04:00
DJプレイ 21:00～
※変更となる可能性もございます。事前にお確かめ下さい。",日 ･ 祝
港区,麻布十番２丁目,-,東京都港区麻布十番2-8-7 M2K Holdingビル2F,35.655543,139.734747,Cafe del A.R.M,麻布,バー,Techno ･ House ･ Minimal ･ Crossover ･ HipHop ･ etc.,03-6809-3581,"20:00～
月-木 ～02:00
金・土 ～04:00
最新の情報と異なる場合有、要事前確認",日 (事情により日曜営業した場合は、翌日が休み)
港区,麻布十番１丁目,-,東京都港区麻布十番1-4-5 深尾ビル1F / B1F,35.656929,139.735287,ELE TOKYO,麻布,CLUB,Dance Music ･ Electro ･ Allmix ･ EDM ･ Other,03-5572-7535,22:00～,日～水 (祝前日を除く)
港区,北青山１丁目,-,東京都港区北青山1-4-5 VORT青山1丁目Duals B1F,35.672292,139.7217285,青山RizM,青山,ライブハウス,POPs ･ Live ･ Folk ･ Rock ･ Others,03-6804-5925,※公演ごとに異なる,250人
新宿区,百人町２丁目,-,東京都新宿区百人町2-1-1 K-PLAZA1 B2F,35.701515,139.7021985,unique LABORATORY,新宿,CLUB ･ イベントスペース,A-POP ･ K-POP,03-6205-6158,,
新宿区,百人町１丁目,-,東京都新宿区百人町1-17-7 大久保ビルA館B1F,35.701542,139.697604,HOTSHOT,その他,ライブハウス,Blues ･ Folk ･ POPs ･ Jazz ･ HeavyMetal ･ Rock ･ Others,03-5338-8280,"※公演開始はそれぞれ異なる
貸切受付時間
昼 10:00-15:00
夜 17:00-22:00",無し ※不定休
新宿区,百人町１丁目,-,東京都新宿区百人町1-23-3 亀井ビル2F,35.698734,139.697172,Rock Inn DICE,その他,バー,Rock ･ Punk ･ Metal ･ Acoustic ･ Live,03-5937-2043,19:00-05:00,不定休
新宿区,百人町１丁目,-,東京都新宿区百人町1-10-7 一番街ビルB1F,35.700318,139.699935,CLUB Voice,新宿,ライブハウス,Acoustic ･ A-POP ･ Soul ･ Rock ･ Folk ･ etc.,03-5338-0938,15:00-22:00まで ※ライブにより変わる,不定
渋谷区,鉢山町,-,東京都渋谷区鉢山町13-12 OXY有馬B1F,35.651115,139.6967445,LIVE HOUSE LOOP 代官山,恵比寿,ライブハウス,Live ･ Folk ･ Acoustic ･ Funk ･ Jazz ･ Rock ･ POPs ･ Others,03-6277-5032,※スケジュールにより変わる,※ライブスケジュールにより異なる
中央区,八丁堀３丁目,-,東京都中央区八丁堀3-22-9 B1F,35.674749,139.7772675,SOUND&BAR HOWL,その他,バー ･ イベント会場,Allmix ･ 80s ･ 90s ･ Trance ･ Techno ･ Disco,03-5541-3329,18:00-24:00 ※イベントによっては変動,無休
渋谷区,幡ケ谷２丁目,-,東京都渋谷区幡ヶ谷2-8-15 幡ヶ谷K3ビルB1F,35.678007,139.6770885,FORESTLIMIT,その他,イベントスペース ･ カフェ,Live ･ Others ･ Electronic ･ Jazz ･ All Genre,03-6276-2886,イベントスケジュールにより変動,不定休
渋谷区,幡ケ谷１丁目,-,東京都渋谷区幡ヶ谷1-1-5 第一岩田ビルB1F,35.677584,139.678902,SCUBA,その他,ダイニングバー,Allmix ･ Disco ･ R&B ･ 70s ･ 80s,03-3376-2684,月-土 21:00-04:00,日 (祝日の場合営業)
中央区,日本橋本石町４丁目,日八京,東京都中央区日本橋本石町4-4-15 朝日ビル本館 B1F,35.688753,139.7712735,Extrawelt,その他,カフェ ･ バー,HipHop ･ R&B ･ All Genre ･ House ･ Techno,03-3527-9494,カフェ11:00～ / バー18:00～,無休
中央区,日本橋大伝馬町,-,東京都中央区日本橋大伝馬町15-2 B1F,35.69157,139.781358,CITAN,その他,ラウンジ ･ バー,Funk ･ Soul ･ Disco ･ Jazz ･ Ska ･ Live ･ House･ etc.,03-6661-7559,"イベント営業 / 金･土
バー 18:00～ / DJタイム 20:00～ (※日により変動)
要事前確認",
中央区,日本橋室町２丁目,日八京,東京都中央区日本橋室町2-4-3 YUITO/日本橋室町野村ビル4F,35.687403,139.7739195,XEX Nihonbashi,その他,バー ･ ラウンジ,Lounge ･ House ･ Jazz ･ Disco ･ Live,03-3548-0065,"ランチ 11:00-15:00
カフェ 15:00-17:00
ディナー
17:30-26:00 (月～木･祝前)
17:30-29:00 (17:30-29:00)
17:30-23:30 (17:30-23:30)
※最新の情報とは異なる可能性がございます。事前にご確認下さい",無休
港区,南青山６丁目,-,東京都港区南青山6-3-16 ライカビル,35.661168,139.716216,BLUE NOTE TOKYO,青山,ジャズクラブ,Others ･ POPs ･ Jazz,03-5485-0088,月-金 17:00-24:00 / 土･日･祝 15:30-23:00,300人
港区,南青山６丁目,-,東京都港区南青山6-10-12 フェイス南青山1F,35.659296,139.715217,Future SEVEN,青山,イベントスペース,Others,03-6861-7777,,250人
港区,南青山６丁目,-,東京都港区南青山6-2-9 NYKビルB1F / B2F,35.660844,139.715577,ever,青山,CLUB,House ･ Techno ･ HipHop ･ Allmix ･ R&B ･ EDM ･ Electro,03-5774-1380,"23:00-ミッドナイト
※イベントにより異なる場合があります。必ず事前にご確認下さい。",180人
港区,南青山６丁目,-,東京都港区南青山6-7-14 チガー南青山B1,35.65944,139.7172015,REDSHOES,青山,バー,Rock ･ Live,03-3486-1169,"火-土 19:00-04:00 / 日 19:00-24:00
※変更となる可能性あり。事前にご確認下さい",100名以下 (立)
港区,南青山５丁目,-,東京都港区南青山5-6-23 スパイラルB1F,35.663598,139.711752,CAY,青山,ライブレストラン,All Genre ･ Live,03-3498-7840,11:30～24:00,Restaurant営業100名 / LIVE営業300名
港区,南青山５丁目,-,東京都港区南青山5-8-10 コモド南青山ビル8F,35.662518,139.712049,Le Donjon M,青山,バー,Techno ･ Trance ･ House ･ HipHop ･ Jazz ･ R&B,03-3407-7170,18:00-03:00,30人
港区,南青山５丁目,-,東京都港区南青山5-10-1 H2 AOYAMA BLDG B1F･B2F,35.662752,139.7109915,fai aoyama,青山,CLUB,House ･ Techno ･ Jazz ･ Electronic,03-5466-3181,22:00～ ※イベントにより異なる,300人
港区,南青山５丁目,-,東京都港区南青山5-11-9 レキシントン青山ビルB1F,35.661708,139.712346,IDOL,青山,カフェ ･ イベントスペース,House ･ Electronic ･ Others ･ Disco,03-6427-4779,"火-土 11:30-23:00
日 11:30-18:00
※イベント等により変動あり",148坪
港区,南青山４丁目,-,東京都港区南青山4-9-1 シンプル青山ビルB1F,35.667342,139.7181465,月見ル君想フ,青山,ライブハウス,Live ･ POPs ･ R&B ･ Jazz ･ Funk ･ etc.,03-5474-8115,14:00-22:00,150人
港区,南青山３丁目,-,東京都港区南青山3-18-19 フェスタ表参道ビルB1F,35.665128,139.712877,VENT,青山,CLUB,House ･ Techno ･ etc.,03-6804-6652,"23:00～
※イベントによって変動の可能性あり
金曜や土曜日、祝前日等の営業がメイン",300人
港区,南青山３丁目,-,東京都港区南青山3-18-19 フェスタ表参道ビル1F,35.665128,139.712877,cafe ATLANTIS,青山,エンターテインメントラウンジ,Allmix ･ House ･ R&B ･ HipHop ･ Others,03-6434-0069,19:00-03:00,200人
港区,南青山１丁目,-,東京都港区南青山1-15-18 リーラ乃木坂B1F,35.668125,139.726809,Club CACTUS,青山,CLUB,Reggae,03-3408-9577,月-金 18:00-MIDNIGHT / 土 22:00-05:00,120人前後
千代田区,内幸町１丁目,-,東京都千代田区内幸町1-6-5 銀座裏コリドー内,35.66934,139.7588625,club GHQ,銀座,CLUB,Allmix,03-6550-9655,18:00-24:00,日
渋谷区,道玄坂２丁目,-,東京都渋谷区道玄坂2-23-13 SHIBUYA DELITOWER B1,35.660124,139.6961145,EN SOF TOKYO,渋谷,ダイニングバー,Techno ･ House ･ Electro ･ Drum&Bass ･ BassMusic ･ Others,03-5728-5349,19:00～,無休
渋谷区,道玄坂２丁目,-,東京都渋谷区道玄坂2-19-11 中村ビル1F-2F,35.659422,139.696119,Mikkeller Tokyo,渋谷,ビアバー,Others,03-6427-0793,"平日 15:00-24:30
金 15:00-25:30
土 12:00-25:30
日 12:00-24:30",無休
渋谷区,道玄坂２丁目,-,東京都渋谷区道玄坂2-13-5 B1F,35.65836,139.695696,beat cafe,渋谷,ミュージックバー,80s ･ Rock ･ POPs ･ All Genre ･ etc.,-,20:00-05:00,不定休
渋谷区,道玄坂２丁目,-,東京都渋谷区道玄坂2-25-17 カスミビル4F,35.659566,139.697658,RUBY ROOM,渋谷,CLUB ･ バー,House ･ Techno ･ Live ･ Rock ･ etc.,03-3780-3022,20:00～ ※イベントにより異なる,不定休
渋谷区,道玄坂２丁目,-,東京都渋谷区道玄坂2-22-6,35.659656,139.695552,しぶや花魁,渋谷,DJバー ･ レストラン,Allmix,03-5456-8782,18:00-05:00 / 18:00-24:00,不定休
渋谷区,道玄坂２丁目,-,東京都渋谷区道玄坂2-21-7 第八矢澤ビル5F/6F,35.658981,139.6955295,LOUNGE NEO,渋谷,CLUB,HipHop ･ House ･ Techno ･ Allmix ･ Reggae ･ R&B ･ Rock ･ Electro ･ Drum&Bass,03-5458-2551,※イベントにより異なる,不定休
渋谷区,道玄坂２丁目,-,東京都渋谷区道玄坂2-21-7 第八矢澤ビル1F/B1F,35.658981,139.6955295,VUENOS,渋谷,ライブハウス,Live ･ Rock ･ Allmix ･ Others,03-5458-2551,※ライブスケジュールにより異なる,不定休
渋谷区,道玄坂２丁目,-,東京都渋谷区道玄坂2-29-5 渋谷プライム5F,35.659413,139.698324,eplus LIVING ROOM CAFE&DINING,渋谷,ライブカフェバー,Live ･ Acoustic ･ Jazz ･ POPs ･ Folk ･ Blues ･ Others,03-6452-5424,"11:30-23:30 (L.O 23:00)
日･祝 11:30-22:00 (L.O 21:00)",不定休
渋谷区,道玄坂２丁目,-,東京都渋谷区道玄坂2-14-8 (O-EASTと同じ建物)5F,35.658729,139.695597,TSUTAYA O-Crest,渋谷,ライブハウス,All Genre,03-3770-1095,18:00前後から ※スケジュールにより変動,不定
渋谷区,道玄坂２丁目,-,東京都渋谷区道玄坂2-13-5 ハーベストビルB1F,35.65836,139.695696,SHIBUYA DESEO,渋谷,ライブハウス,Live ･ Others ･ All Genre,03-5457-0303,イベント･スケジュールにより異なる,不定
渋谷区,道玄坂２丁目,-,東京都渋谷区道玄坂2-21-7 第8矢澤ビル2F/3F,35.658981,139.6955295,Glad,渋谷,Club,Live ･ Rock ･ HipHop ･ R&B,03-5458-2551,※イベントにより異なる,不定
渋谷区,道玄坂２丁目,-,東京都渋谷区道玄坂2-14-8 O-EASTビル1F,35.658729,139.695597,duo MUSIC EXCHANGE,渋谷,ライブハウス,Jazz ･ Rock ･ POPs ･ Live ･ etc.,03-5459-8716,スケジュールにより異なる,不定
渋谷区,道玄坂２丁目,-,東京都渋谷区道玄坂2-23-12 フォンティスビル2F,35.659998,139.695984,Studio Freedom,渋谷,イベントスペース,Dance ･ Live ･ Electro ･ Techno ･ House ･ HipHop ･ Others,03-5784-5496,"スケジュールにより変動
(レンタル: 日中 12:00-22:00 / 夜 23:00-05:00)",不定
渋谷区,道玄坂２丁目,-,東京都渋谷区道玄坂2-20-9 道玄坂柳光ビル3F,35.659548,139.695912,RECORD BAR analog,渋谷,バー,Popular Song ･ J-POP ･ HipHop ･ R&B ･ 80s ･ 90s,03-6416-1228,20:00-03:00,年末年始
渋谷区,道玄坂２丁目,-,東京都渋谷区道玄坂2-19-3 ライオンズマンション道玄坂1F,35.659071,139.696362,Good Wood Terrace,渋谷,カリブ料理屋,Reggae ･ HipHop ･ R&B ･ etc.,03-5728-7418,17:00-03:00 / ランチ 12:00-15:00,年始
渋谷区,道玄坂２丁目,-,東京都渋谷区道玄坂2-14-8 TSUTAYA O-EAST内2F,35.658729,139.695597,東間屋 (AZUMAYA),渋谷,バー,Techno ･ House ･ Disco ･ Soul ･ Electro,03-6416-4184,21:00-04:30,日 (祝前日の場合を除く)
渋谷区,道玄坂２丁目,-,東京都渋谷区道玄坂2-10-7 新大宗ビルB1F,35.658126,139.6971945,SOUND MUSEUM VISION,渋谷,CLUB,House ･ HipHop ･ Allmix ･ Techno ･ EDM ･ Live ･ Reggae ･ Electro ･ etc.,03-5728-2824,22:00-05:00 ※イベントにより変動,クラブ営業は金曜・土曜・祝前日を軸に開催
渋谷区,道玄坂２丁目,-,東京都渋谷区道玄坂2-10-12 新大宗ビル4号館B2F,35.658351,139.6977975,Contact,渋谷,CLUB,House ･ Techno ･ Electronic ･ DUB ･ etc.,03-6427-8107,22:00～ ※イベントにより異なる,(木曜が休みとなる場合がある ※要確認)
渋谷区,道玄坂２丁目,-,東京都渋谷区道玄坂2-17-2 トップ美奄B1F,35.658747,139.6966365,THE WU DJ's bar,渋谷,バー,Allmix ･ House ･ HipHop ･ POPs ･ Bass ･ R&B ･ Trap ･ A-POP ･ etc.,050-1037-1978,23:00-05:00,(火 ･ 水 ※祝前日を除く)
渋谷区,道玄坂２丁目,-,東京都渋谷区道玄坂2-29-12 吉田ビルB1F,35.659566,139.6978605,Yellow Blank Market (YBM),渋谷,DJバー,BassMusic ･ Electro ･ Techno ･ House ･ etc.,-,"金･土 21:00-09:00 / 日 18:00-24:00
※変更の可能性あり、要確認",
渋谷区,道玄坂２丁目,-,東京都渋谷区道玄坂2-14-8 2F-4F,35.658729,139.695597,TSUTAYA O-EAST,渋谷,ライブハウス,Live ･ All Genre ･ Others,03-5458-4681,イベント･スケジュールにより異なる,
渋谷区,道玄坂２丁目,-,東京都渋谷区道玄坂2-23-12 フォンティスビルB1F,35.659998,139.695984,DAIA,渋谷,パーティースペース,Others,03-5489-3750,,
渋谷区,道玄坂２丁目,-,東京都渋谷区道玄坂2-23-12 フォンティスビル3F,35.659998,139.695984,Icon,渋谷,ラウンジ ･ イベントスペース,Techno ･ House ･ Electronic ･ Lounge,03-6277-5987,ランチ(月〜金) 11:30-15:30 / 貸切パーティー 24時間対応可能 / ※イベント時は異なる,
渋谷区,道玄坂１丁目,-,東京都渋谷区道玄坂1-17-12 野々ビル2F,35.657199,139.696965,Edge End,渋谷,DJBAR,Lounge ･ Live ･ Rock,03-5458-6385,20:00～ ※スケジュールにより変動,不定休
渋谷区,道玄坂１丁目,-,東京都渋谷区道玄坂1-6-7 SUSAビル5F,35.657685,139.6991025,Bar Music,渋谷,カフェ ･ バー,Jazz ･ BlackMusic ･ Soul ･ Folk ･ Acoustic ･ Live ･ etc.,03-6416-3307,"19:00～
日 / 16:00-24:00",不定休
渋谷区,道玄坂１丁目,-,東京都渋谷区道玄坂1-2-3 渋谷フクラス(東急プラザ渋谷)17F-18F,35.657631,139.700232,CE LA VI TOKYO,渋谷,レストラン ･ クラブ,House ･ Electro ･ etc.,0800-111-3065,18:00-05:00 / 日 18:00-23:00 (セラヴィクラブラウンジ),"不定
※1月1日は休業の可能性あり"
渋谷区,道玄坂１丁目,-,東京都渋谷区道玄坂1-6-3 山路ビルB1F,35.657838,139.6992555,ZUBAR,渋谷,DJバー,HipHop ･ House ･ Techno ･ Allmix ･ Jazz ･ Disco ･ Lounge ･ Latin ･ etc.,03-6712-5050,"18:00-24:00 ※深夜営業許可申請中の為、当面の間
(ランチ: 12:00-15:00)",日 ･ 祝
渋谷区,道玄坂１丁目,-,東京都渋谷区道玄坂1-22-12 長島第一ビルB1F,35.656587,139.6957545,翠月,渋谷,CLUB,House ･ Techno ･ Disco ･ Soul ･ Ambient ･ etc.,03-6455-0140,21:00-05:00 ※変動の可能性あり,日
渋谷区,道玄坂１丁目,-,東京都渋谷区道玄坂1-17-9 SKプラザビルB1F,35.65701,139.6970505,LAUREL TOKYO,渋谷,CLUB,House ･ Techno ･ Electro ･ EDM ･ etc.,03-6277-5503,"21:00-05:00
※イベントにより変動の可能性あり",火
渋谷区,道玄坂１丁目,-,東京都渋谷区道玄坂1-16-8 常磐ビル2F,35.656551,139.697541,Music Bar Boogie Back,渋谷,バー,HipHop ･ Jazz ･ Reggae ･ Soul ･ Funk ･ etc.,03-6427-0464,(20:00 又は 19:00から),(日 ※要確認)
渋谷区,道玄坂１丁目,-,東京都渋谷区道玄坂1-6-5 東静ビルB1F,35.657748,139.699197,OATH,渋谷,バー,House ･ Techno,03-3461-1225,20:00-05:00,
渋谷区,道玄坂１丁目,-,東京都渋谷区道玄坂1-13-2 宝ビルB1F,35.657568,139.698594,NOSTYLE,渋谷,CLUB,Allmix ･ Techno ･ HipHop ･ House ･ Electronic ･ Jazz,03-3462-4375,※イベントにより異なる,
渋谷区,道玄坂１丁目,-,東京都渋谷区道玄坂1-15-3 プリメーラ道玄坂B1F,35.657307,139.6976895,La.mama,渋谷,ライブハウス,Live ･ POPs ･ Folk ･ Rock ･ R&B,03-3464-0801,,
渋谷区,道玄坂１丁目,-,東京都渋谷区道玄坂1-17-6 プロスペクトB1F,35.656866,139.697073,GUILTY,渋谷,ライブハウス,Live ･ POPs ･ R&B ･ Rock ･ All Genre,03-3770-1130,,
渋谷区,道玄坂１丁目,-,東京都渋谷区道玄坂1-18-3 プレミア道玄坂ビルB1F,35.657424,139.696911,SHIBUYA REX,渋谷,ライブハウス,V-ROCK ･ HeavyMetal ･ POPs,03-5728-4911,※公演ごとに変動,
渋谷区,東３丁目,-,東京都渋谷区東3-16-6 リキッドルーム2F,35.649135,139.7105325,TimeOut Café & Diner,恵比寿,ラウンジ ･ カフェ,Live ･ Lounge ･ Others,03-5774-0440,11:30-23:30 / 土13:00-23:30 / 日･祝13:00-22:00,無休
渋谷区,東３丁目,-,東京都渋谷区東3-14-19 オークヒルズ B1F,35.651349,139.709502,自由空間 CreAto,恵比寿,ライブホール,Others,03-6427-5273,ALL TIME,不定休
渋谷区,東３丁目,-,東京都渋谷区東3-16-6 LIQUIDROOM 2F,35.649135,139.7105325,KATA,恵比寿,ギャラリー ･ イベントスペース,Allmix ･ Others,-,※イベント･スケジュールにより異なる,
渋谷区,東３丁目,-,東京都渋谷区東3-16-6,35.649135,139.7105325,LIQUIDROOM,恵比寿,ライブハウス,Live ･ All Genre,03-5464-0800,ライブにより異なる,
渋谷区,東２丁目,-,東京都渋谷区東2-20-13 シャトレー渋谷B1F,35.653365,139.7090115,dining&bar KITSUNE,渋谷,ダイニングバー,House ･ HipHop ･ Electronic ･ Others,03-5766-5911,日-木･祝 18:00-24:00 / 金･土･祝前 18:00-05:00,無し (年始は休業となる)
渋谷区,東２丁目,-,東京都渋谷区東2-24-4 荒井ビル2F,35.651763,139.708764,Suree,恵比寿,バー,House ･ Techno ･ Jazz ･ Disco ･ Soul ･ HipHop ･ etc.,03-3400-1383,"平日･日･祝 20:00-02:00 / 金･土 20:00-05:00
ランチ 11:30-15:00",
渋谷区,東１丁目,-,東京都渋谷区東1-25-2 マルハシビルB1F,35.654607,139.708431,CLUB CRAWL,渋谷,ライブハウス ･ CLUB,Rock ･ Acoustic ･ Live ･ Others,03-3498-3113,All Night event 23:30～ ※イベントにより異なる,
新宿区,大久保２丁目,-,東京都新宿区大久保2-5-19 シティプラザ大久保B1F,35.702973,139.708116,HEAD POWER,新宿,ライブハウス,Rock ･ POPs ･ Hardcore ･ R&B ･ A-POP ･ Folk ･ Others,03-6380-3769,"15:00-22:00
貸切可能 09:00-22:00 / 深夜23:00-05:00",不定
新宿区,大久保２丁目,-,東京都新宿区大久保2-32-3 リスボンビルB1F,35.701434,139.7025495,EARTHDOM,新宿,ライブハウス,Psychedelic ･ Others ･ Rock ･ punk ･ Hardcore ･ Live,03-3205-4469,開演時間により変動,
渋谷区,代々木２丁目,-,東京都渋谷区代々木2-26-2 第二桑野ビル1-C,35.685234,139.69926,Spincoaster Music Bar,その他,バー,BlackMusic ･ All Genre ･ Disco ･ POPs ･ ChillOut ･ House ･ HipHop ･ etc.,03-6300-9211,19:00-02:00,日 (貸切は可能)
渋谷区,代々木１丁目,-,東京都渋谷区代々木1-45-3 セントオフィスビル2F,35.682237,139.6983645,shirokuma,その他,バー ･ イベントスペース,House ･ HipHop ･ Funk ･ Jazz ･ Others,03-3375-8275,20:00-24:00,不定休
渋谷区,代々木１丁目,-,東京都渋谷区代々木1-28-9 代々木VILLAGE,35.681697,139.7011545,Village Music Bar,その他,ミュージックバー,Techno ･ Electronic ･ R&B ･ Jazz ･ Disco ･ etc.,03-6276-8440,18:00-03:00 / 日･祝18:00-24:00,不定休
渋谷区,代々木１丁目,-,東京都渋谷区代々木1-31-12 日綜代々木ビルB1F,35.681472,139.702329,LIVE labo YOYOGI,その他,ライブハウス,Rock ･ POPs ･ Folk ･ Live ･ Others,03-5354-3120,"※ライブごとに変動
貸切 昼10:00-14:00 / 夜14:30-22:30",
渋谷区,代々木１丁目,-,東京都渋谷区代々木1-30-1 代々木パークビルB1F,35.682228,139.7017575,Zher the ZOO YOYOGI,その他,ライブハウス,Rock ･ Acoustic ･ POPs ･ Others,03-5358-4491,日により変動,
渋谷区,代官山町,-,東京都渋谷区代官山町20-20 モンシェリー代官山B2F,35.648082,139.7022345,晴れたら空に豆まいて,恵比寿,イベントスペース,POPs ･ Acoustic ･ All Genre ･ Others,03-5456-8880,"18:00～ ※公演ごとに開催時間は変動
(貸切: 日中10:00-15:00 / 夜15:00-22:00)",無休
渋谷区,代官山町,-,東京都渋谷区代官山町11-12 日進ヒルズ代官山B1F,35.650917,139.7037015,Debris,恵比寿,ミュージックバー,Techno ･ House ･ Disco ･ Others,03-6416-4334,19:00-24:00 / 日 18:00-23:00,月
新宿区,早稲田町,-,東京都新宿区早稲田町74 オアシスビルB1F,35.705862,139.7225385,RiNen,その他,ライブハウス,Acoustic ･ Folk ･ POPs ･ Rock ･ Others,03-6273-8832,"公演開始時間は日により変動
(貸切: 平日 15:00-22:00 / 土･日･祝 10:00-22:00)",
港区,赤坂７丁目,赤坂,東京都港区赤坂7-9-7 バルビゾン74 1F,35.669844,139.73301,dot & blue,赤坂,バー,Piano ･ Jam session ･ Jazz ･ Disco ･ House,03-3568-3188,18:00-02:00,日 ･ 祝
港区,赤坂５丁目,赤坂,東京都港区赤坂5-3-1 赤坂Bizタワー1F,35.67321,139.73643,P.C.A. PUB CARDINAL AKASAKA,赤坂,バー ･ ラウンジ,Jazz ･ Soul ･ Funk ･ Lounge ･ All Genre,03-5545-7767,月-土 11:00-04:00 / 日･祝 11:00-23:00,不定休
港区,赤坂３丁目,赤坂,東京都港区赤坂3-21-10 赤坂青明会館B1F,35.676423,139.7358945,Graffiti,赤坂,ライブハウス,Acoustic ･ Rock ･ POPs ･ etc.,-,"※ライブ開演は日程による
貸切対応時間 10:00-22:00",不定休
港区,赤坂３丁目,赤坂,東京都港区赤坂3-1-11 鈴木ビル3F,35.676855,139.736799,鶴千,赤坂,バー,80s ･ 70s ･ Eurobeat ･ Funk ･ Soul ･ Disco,03-3583-2207,19:00-04:00,日 ･ 祝
港区,赤坂３丁目,赤坂,東京都港区赤坂3-14-1 コンチネンタルIVビルB1F,35.674038,139.7373345,The Great Journey,赤坂,バー,R&B ･ Jazz ･ Disco ･ Soul ･ Funk ･ 70s ･ 80s ･ HipHop,03-5545-5169,19:00-03:00,日 ･ 祝
港区,赤坂３丁目,赤坂,東京都港区赤坂3-20-2 赤坂第3福富ビルB1F,35.67618,139.736349,Bar Luther,赤坂,バー,Black Contemporary ･ AOR ･ smooth jazz,03-6277-8016,19:00-04:00,日
港区,赤坂３丁目,赤坂,東京都港区赤坂3-11-7 ソシアル赤坂地下,35.674551,139.7375685,CRAWFISH,赤坂,ライブバー,Rock ･ Jazz ･ Folk ･ Blues ･ POPs ･ Others,03-3584-2496,19:00前後-24:00,
港区,赤坂２丁目,赤坂,東京都港区赤坂2-14-1 赤坂山王会館B1F,35.672877,139.737888,CLUB TENJIKU,赤坂,ライブハウス,Allmix ･ POPs ･ Live ･ Rock ･ All Genre ･ EDM,03-3560-2040,※イベント･スケジュールにより異なる,
港区,西麻布４丁目,-,東京都港区西麻布4-1-1 麻布霞町マンションB1F,35.659476,139.7232675,西麻布MUSE,麻布,CLUB ･ バー,House ･ R&B ･ Allmix,03-5467-1188,"22:00～
クラブ営業: 水･木･金･土･祝前
バー営業: 火
※特別なイベントなどで営業時間が変更となる可能性があります。必ず事前にご確認下さい。",日 ･ 月 (※祝前日を除く)
港区,西麻布３丁目,-,東京都港区西麻布3-1-25 B1F,35.660763,139.7275155,SuperDeluxe,麻布,CLUB,All Genre ･ Live ･ Others,-,※イベントスケジュールにより異なる,不定休
港区,西麻布３丁目,-,東京都港区西麻布3-2-9 サンライズ六本木B1F,35.660151,139.7277675,BASECAMP,六本木,バー ･ イベントスペース,All Genre ･ Others,03-6434-7800,19:00-24:00 ※イベント開始はそれぞれ異なる,日 ･ 月 (※要確認)
港区,西麻布１丁目,-,東京都港区西麻布1-12-5 1F,35.660088,139.7240865,BAR BLUE,麻布,DJバー,Others,03-6804-3193,18:00-05:00,無休
港区,西麻布１丁目,-,東京都港区西麻布1-8-4 三保谷硝子B1F,35.6607,139.7258235,新世界,麻布,ライブハウス ･ イベントスペース,Live ･ Others,03-5772-6767,※イベントスケジュールにより異なる,不定休
港区,西麻布１丁目,-,東京都港区西麻布1-8-10 1F,35.66043,139.725,PULPLISM,麻布,ハンバーガーショップ,Others,03-3401-8350,"11:30-24:00
金･土 11:30-02:00
日 11:30-18:00",不定
港区,西麻布１丁目,-,東京都港区西麻布1-14-17 WAVE西麻布1F-2F,35.661285,139.7233485,Trip Bar,麻布,ダイニングバー,TOP40 ･ 80s ･ HipHop ･ BlackMusic ･ etc.,03-6447-0333,"月-土 18:00-04:00 (2階: 05:00まで)
日･祝 17:00-24:00",不定
港区,西麻布１丁目,-,東京都港区西麻布1-7-2,35.660826,139.726224,A-LIFE,六本木,CLUB,House ･ Allmix ･ R&B ･ EDM ･ Electro ･ etc.,03-3408-1111,21:00-05:00,日 ･ 祝
新宿区,西早稲田２丁目,-,東京都新宿区西早稲田2-1-19 YKビルB1F,35.706645,139.7173005,Sabaco,その他,カフェバー,Techno ･ House ･ Others ･ Live ･ Electronic ･ A-POP,03-5272-7385,"18:30-23:30 ※日により変動
貸切可能: 平日18:00-24:00 / 土･日･祝14:00-24:00",月
新宿区,西新宿６丁目,-,東京都新宿区西新宿6-6-2 ヒルトン東京2F,35.693019,139.6908495,バー&ラウンジ ZATTA,新宿,バー,R&B ･ Jazz ･ POPs ･ HipHop ･ House ･ Allmix ･ Electro ･ NewAge ･ Live ･ Acoustic,03-3344-5111,"11:00-25:00 / 週末 11:00-26:00
(DJ･ライブ: 18:30～)",無し
新宿区,西新宿６丁目,-,東京都新宿区西新宿6-5-1 アイランドホール2F,35.693082,139.6931445,ReNY,新宿,ライブハウス,All Genre ･ Live,03-5990-5561,公演ごと変動,
新宿区,西新宿３丁目,-,東京都新宿区西新宿3-15-8 西新宿パールビルB1F,35.683902,139.689693,WALL,その他,ライブハウス,Live ･ Others ･ POPs ･ Rock ･ All Genre,03-5351-6241,ライブスケジュールにより異なる,
渋谷区,西原２丁目,-,東京都渋谷区西原2-27-4 B1,35.675217,139.678344,CLUB HEAVY SICK,その他,CLUB ･ ライブハウス,HipHop ･ Rock ･ Reggae ･ Live,03-3466-1445,※スケジュールにより異なる,不定休
渋谷区,神南１丁目,-,東京都渋谷区神南1-12-14 星ビル301,35.662842,139.700565,TRUMPROOM,渋谷,CLUB,House ･ Techno ･ Electronic ･ DUBSTEP,03-3770-2325,,無休
渋谷区,神南１丁目,-,東京都渋谷区神南1-15-7 COENビルB1,35.663661,139.6993725,UNDERBAR,渋谷,CLUB,HipHop ･ House ･ R&B ･ Electronic,03-3780-0858,16:00-21:00 / 22:00-05:00,無休
渋谷区,神南１丁目,-,東京都渋谷区神南1-3-4 神南ビル B1F,35.664723,139.7012445,UNDER DEER LOUNGE,渋谷,ミュージックラウンジ,Live ･ POPs ･ Soul ･ Funk ･ All Genre,03-5728-2655,17:00-24:00,無休
渋谷区,神南１丁目,-,東京都渋谷区神南1-18-2 神南坂フレームB2/B3,35.662662,139.6997955,Club Camelot,渋谷,クラブ,House ･ R&B ･ EDM ･ Allmix ･ HipHop,03-5728-5613,"金･土･日･祝前: 21:00-04:30
月-木: 22:00-04:30
※イベントにより変動
※最新の情報とは異なる場合があります。必ず事前にご確認下さい。",無休
渋谷区,神南１丁目,-,東京都渋谷区神南1-7-9 北谷マンションB1F,35.664111,139.6992915,Green Lounge,渋谷,パーティースペース,Others,03-6455-3308,10:00～,不定休
渋谷区,神南１丁目,-,東京都渋谷区神南1-9-11 インタービルⅡ 5F,35.66493,139.7015415,Cafe Apres-midi,渋谷,バー ･ カフェ,Soul ･ Disco ･ House ･ Live ･ Others,03-5428-5121,"金 19:00-25:00
土 11:30-23:30
日 11:30-19:00",月-木
渋谷区,神南１丁目,-,東京都渋谷区神南1-9-11 インタービルⅡB1F,35.66493,139.7015415,Bar SUBTERRANEANS,渋谷,バー,Techno ･ Live ･ Others,03-6416-3967,20:00-05:00,月
渋谷区,神南１丁目,-,東京都渋谷区神南1-23-10 マグネット内 7F,35.659899,139.700961,MAG7 (MAGNET by SHIBUYA109),渋谷,飲食施設,House ･ Allmix ･ J-POP ･ Disco ･ BassMusic ･ Others,03-3477-5111,"飲食店舗営業: 11:00-23:00
(金曜: DJパーティ 20:30-22:30) ※要確認",MAGNETの営業日に準ずる
渋谷区,神南１丁目,-,東京都渋谷区神南1-6-8 B1F,35.664399,139.699386,eggman,渋谷,ライブハウス,Live ･ All Genre,03-3496-1561,※イベントにより異なる,
渋谷区,神南１丁目,-,東京都渋谷区神南1-13-15 光立ビルB1F,35.663994,139.7003985,KOARA,渋谷,DJバー,Techno ･ House ･ Allmix ･ Disco,03-6423-0644,"月-木21:00-05:00
金･土21:00-06:00
日17:00-23:00
※最新の情報とは異なる場合があります。必ず事前にご確認下さい。",
渋谷区,神南１丁目,-,東京都渋谷区神南1-15-8 引き出しのような家にB1F,35.663751,139.699368,nagomix,渋谷,イベントスペース,Others,03-6809-0833,"スケージュールによる
DJブース開放日あり (17:00-22:00)
貸切可能時間 10:00-23:00",
千代田区,神田佐久間町２丁目,-,東京都千代田区神田佐久間町2-11 アオイビル2F,35.697825,139.776399,あるけみすと,その他,DJバー,A-POP ･ Game Music,03-3863-4766,"19:00-05:00
土･日･祝: カフェ営業 14:00～",無休
千代田区,神田佐久間河岸,-,東京都千代田区神田佐久間河岸55 ASビルB1F,35.697141,139.776462,CLUB GOODMAN,その他,ライブハウス,All Genre ･ POPs ･ Rock ･ Acoustic ･ Folk ･ Live ･ Others,03-3862-9010,"※開始は日程より異なる
貸切対応 10:00-22:00",無休
千代田区,神田紺屋町,-,東京都千代田区神田紺屋町20-1 神保ビルB1F,35.692047,139.773429,ISOLDE,その他,バー,Rock ･ Blues ･ Folk ･ POPs,03-5294-6282,18:00-24:00 / 土･日･祝は、日により変動,不定休
渋谷区,神宮前６丁目,-,東京都渋谷区神宮前6-28-6 キュープラザ原宿10F-11F,35.667099,139.703823,Sankeys PENTHOUSE,その他,バーラウンジ,TechHouse ･ BassMusic ･ House ･ Techno ･ Disco ･ Electronic ･ HipHop ･ etc.,03-6419-7531,12:00-24:00,無し
渋谷区,神宮前６丁目,-,東京都渋谷区神宮前6-18-8 ニュー関口ビルB1F,35.664354,139.7026035,CROCODILE,渋谷,ライブハウス,Live ･ Others,03-3499-5205,18:00-25:00,
渋谷区,神宮前５丁目,-,東京都渋谷区神宮前5-31 TRUNK HOTEL内1F,35.664435,139.7039715,TRUNK (LOUNGE),渋谷,バー＆カフェ (ホテル),HipHop ･ House ･ Chill out ･ Live ･ R&B ･ Disco ･ Acoustic,03-5766-3210,09:00-23:00 / 金･土 09:00-24:00,無し
渋谷区,神宮前５丁目,-,東京都渋谷区神宮前5-47-6 B1F,35.663895,139.7079495,Tokyo Salon,青山,パーティーラウンジ ･ バー,Live ･ Allmix ･ Others,-,火-土19:00～,300人
渋谷区,神宮前５丁目,-,東京都渋谷区神宮前5-27-7 B1F,35.664804,139.7035215,Galaxy Gingakei,渋谷,ミュージックスペース ･ ギャラリー,Others,03-6427-2099,※イベント･スケジュールにより異なる,
渋谷区,神宮前３丁目,-,東京都渋谷区神宮前3-29-5,35.671779,139.7096955,Deus Ex Machina,その他,カフェ,House ･ Others,03-5413-3949,"バー営業: 金19:00-23:00
カフェ: 09:00-20:00",無し
渋谷区,神宮前２丁目,-,東京都渋谷区神宮前2-23-4,35.674542,139.7110725,bar bonobo,その他,DJバー,House ･ Electronic ･ Lounge ･ All Genre,03-6804-5542,,不定休
新宿区,神楽坂６丁目,-,東京都新宿区神楽坂6-48 TOMOSビルB1F,35.703288,139.736007,KGR(n) / 神楽音,その他,クラブ,Ambient ･ Minimal ･ Deep House ･ Techno,03-6265-3523,※イベントごとに変動,不定
新宿区,新宿５丁目,-,東京都新宿区新宿5-17-13 オリエンタルウェーブ 8/9F,35.692929,139.7052765,Christon Cafe,新宿,ダイニングバー,House ･ Electronic ･ Trance ･ Techno,03-5287-2426,17:00-23:30,無休
新宿区,新宿５丁目,-,東京都新宿区新宿5-4-1 新宿Qフラットビル B1F,35.691813,139.710609,FUTURE NATURE VALVE,新宿,ライブハウス,House ･ Live ･ Others ･ POPs ･ Rock ･ All Genre,03-5879-8145,"※イベントにより異なる
貸切: 日中 14:30-22:00 / 夜間 22:00-05:00",
新宿区,新宿４丁目,-,東京都新宿区新宿4-3-15 レイフラット新宿B1F,35.68851,139.7036025,ANTIKNOCK,新宿,ライブハウス,Hardcore ･ Punk ･ HeavyMetal ･ HardRock ･ Rock ･ HipHop ･ etc.,03-3350-5670,"※ライブ時間は変動
貸切可能 (目安)
昼 9:00-14:00
夜 15:00-22:00(平日)
深夜 24:00-05:00",無し
新宿区,新宿３丁目,-,東京都新宿区新宿3-35-1 小宮ビル5F,35.68986,139.7029995,新宿ドゥースラー,新宿,カフェバー,DUBSTEP ･ Jungle ･ Dub ･ Bass ･ Reggae,03-3356-5674,月-木18:00-02:00 / 金･土18:00-04:00 / 日18:00-24:00,無休
新宿区,新宿３丁目,-,東京都新宿区新宿3-10-7 馬酔木ビル2F,35.691417,139.70646,Bar BaoBab,新宿,バー,80s ･ Jazz ･ Soul ･ Funk ･ HipHop ･ Reggae ･ Rare groove,03-5368-0636,18:00-05:00 / 日 18:00-24:00,無し
新宿区,新宿３丁目,-,東京都新宿区新宿3-1-32 新宿ビル2号館3F,35.689752,139.706379,BAR 3R,新宿,バー,Soul ･ Funk ･ Oldies ･ Others,03-6380-5850,17:00-26:00 ※日により変動する可能性あり,不定休
新宿区,新宿３丁目,-,東京都新宿区新宿3-8-5 イオヤビル4F,35.690877,139.706523,CURTIS,新宿,バー,BlackMusic ･ Funk ･ Soul ･ Jazz ･ Reggae ･ Afrobeat ･ etc.,03-3351-2714,19:00-06:00 ※変更となる場合あり、要確認,日
新宿区,新宿３丁目,-,東京都新宿区新宿3-10-9 FBビル1F,35.691309,139.7065365,Soul Stream,新宿,バー,Soul ･ Funk ･ AOR ･ 70s ･ acid jazz ･ Fusion ･ Disco ･ Rare groove ･ etc.,03-3356-9600,19:00-03:00 / 週末 19:00-05:00 / 日･祝 19:00-01:00,火
新宿区,新宿２丁目,-,東京都新宿区新宿2-12-16 セントフォービル1F,35.690445,139.707909,AISOTOPE LOUNGE,新宿,ラウンジ,Allmix ･ Disco ･ HipHop ･ House ･ POPs ･ Others,03-6380-1504,バー20:00～ / イベント22:00～,無休
新宿区,新宿２丁目,-,東京都新宿区新宿2-12-1 ガーネットビル1F,35.69031,139.7078775,ALAMAS CAFE,新宿,カフェ ･ バー,Crossover ･ Techno ･ House ･ Disco ･ Dance ･ POPs ･ Others,03-6914-9215,月-木18:00-02:00 / 金･土18:00-05:00 / 日15:00-24:00,無休
新宿区,新宿２丁目,-,東京都新宿区新宿2-11-4 ストークビル長崎1F,35.690265,139.7072565,DRAGON MEN,新宿,ミュージックバー,All Genre,03-3341-0606,18:00-03:00 / 金･土 18:00-06:00,無し
新宿区,新宿２丁目,-,東京都新宿区新宿2-12-4 アコードビルB1F,35.690562,139.7073285,Live Freak,新宿,ライブハウス,Hardcore ･ Rock ･ Punk ･ POPs ･ Others,03-3351-7542,"※日程ごとに変動
貸可能 13:00-22:00 / 深夜23:00-05:00",無し
新宿区,新宿２丁目,-,東京都新宿区新宿2-11-2 CASA VERDE 1F-B1F,35.690085,139.7076255,EAGLE TOKYO BLUE,新宿,ラウンジバー,Electro ･ HipHop ･ POPs ･ R&B ･ etc.,03-6876-8450,平日 21:00-04:00 / 金･土･日 18:00-04:00,無し
新宿区,新宿２丁目,-,東京都新宿区新宿2-18-1 第7天香ビル1F,35.690751,139.7082825,AiiRO CAFE,新宿,バー,House ･ Allmix ･ POPs ･ Electro,03-6273-0740,"18:00-02:00
金･土 05:00まで
日 24:00まで",不定休
新宿区,新宿２丁目,-,東京都新宿区新宿2-14-16 タラクビル3F,35.690688,139.7095065,DJ&VJ Bar A-UN,新宿,バー,Allmix ･ Techno ･ House ･ HipHop ･ EDM,070-6612-9014,金･土･祝前 20:00-05:00,不定休
新宿区,新宿２丁目,-,東京都新宿区新宿2-19-9 カドビルB1F,35.691723,139.707369,DJ BAR Heart,新宿,DJバー,Disco ･ HipHop ･ House ･ Techno ･ Allmix ･ etc.,03-6384-1053,20:00-05:00,日
新宿区,新宿２丁目,-,東京都新宿区新宿2-16-8 新宿北斗ビルB1F,35.691534,139.7085705,NeoMasquerade,新宿,DJBAR ･ CLUB,Allmix ･ House ･ Soul ･ Disco ･ Rock ･ Funk ･ Dance ･ R&B,03-5925-8680,"火-木 19:00-24:00 / バー 24:00-05:00
金･土･祝前 19:00-05:00
日･祝 15:00-22:00
※イベントにより変更の場合有",月 ※貸切除く
新宿区,新宿２丁目,-,東京都新宿区新宿2-12-11 林ビル1F,35.690553,139.7076795,BAR GOLDFINGER,新宿,バー,Allmix,03-6383-4649,"月･水･木･日18:00-02:00
金･土18:00-04:00",火
新宿区,新宿２丁目,-,東京都新宿区新宿2-18-5 石川ビル2F,35.691075,139.707999,NEW SAZAE,新宿,バー ･ ディスコ,Soul ･ Funk ･ 70s ･ 80s ･ Disco ･ House ･ R&B ･ EUROBEAT ･ etc.,03-3354-1745,22:00-07:00 (週末･祝前),(日-木 ※2018年6月以降)
新宿区,新宿２丁目,-,東京都新宿区新宿2-5-15 第一山興ビルB1F,35.689212,139.707243,REGGAE CLUB OPEN,新宿,ミュージックバー,Reggae ･ Live,03-3226-8855,"18:00～
※スケジュールにより異なる。必ず事前にご確認下さい。",
新宿区,新宿２丁目,-,東京都新宿区新宿2-11-7 第33宮廷ビル2F,35.690427,139.7072925,ARTY FARTY,新宿,バー,All Genre,03-5362-9720,19:00-5:00,
新宿区,新宿１丁目,-,東京都新宿区新宿1-34-13 貝塚ビルB1F,35.691255,139.7108655,Wild Side Tokyo,新宿,ライブハウス,Live ･ POPs ･ Rock ･ All Genre ･ HeavyMetal,03-5919-8847,"※ライブ開始時刻は変動
箱貸 14:00-22:00",
新宿区,上落合３丁目,-,東京都新宿区上落合3-9-10 三笠ビルB1F,35.710875,139.683906,soup,新宿,CLUB,Others,03-6909-3000,※イベントにより異なる,
渋谷区,渋谷４丁目,-,東京都渋谷区渋谷4-5-9 青山ビル1F,35.658639,139.709196,RED BAR,青山,バー,Techno ･ House ･ etc.,03-5888-5847,平日 20:00-05:00 / 週末 20:00-08:00 ※変動する場合あり,40名未満
渋谷区,渋谷４丁目,-,東京都渋谷区渋谷4-5-9 青山ビルB1,35.658639,139.709196,Aoyama Tunnel,青山,ラウンジ,Jazz ･ Techno ･ House ･ Disco,-,月-木19:00-03:00 / 金-土20:00-06:00,2800円
渋谷区,渋谷４丁目,-,東京都渋谷区渋谷4-5-9 青山ビルディング2F-4F,35.658639,139.709196,AOYAMA HACHI,青山,ナイトクラブ,House ･ Techno ･ HipHop ･ Allmix ･ Jazz ･ Crossover ･ Electro,03-5766-4887,イベントごとに変動 (終了23:30),200人
渋谷区,渋谷３丁目,-,東京都渋谷区渋谷3-1-9 第3KKビルB1F,35.65773,139.707837,Test Flight,渋谷,バー兼カフェ,Acoustic ･ POPs ･ Classics ･ Soul ･ 90s ･ Lounge ･ etc.,03-6427-4010,12:00-24:00 ※変動の可能性あり、要事前確認,不定
渋谷区,渋谷３丁目,-,東京都渋谷区渋谷3-21-3 4F,35.657163,139.70322,Bar&Dining TORRENT,渋谷,バー＆ダイニング,Lounge ･ HipHop ･ House ･ Techno ･ R&B ･ BassMusic ･ Disco ･ etc.,03-6427-1358,"バー営業: 17:00-24:00
(DJ: 20:30-23:30 ※変動の為、要確認)",無し
渋谷区,渋谷３丁目,-,東京都渋谷区渋谷3-15-2 MTエステートビル4F,35.655939,139.7054655,POINT･66,渋谷,サウンドバー,Allmix,03-3498-6113,19:00-05:00,日 ･ 祝
渋谷区,渋谷３丁目,-,東京都渋谷区渋谷3-15-5 パールビル B1F,35.655588,139.705902,bar SHIFTY,渋谷,CLUB ･ バー,HipHop ･ Disco ･ Soul ･ Techno ･ House ･ Allmix,03-3407-0725,22:00-05:00 ※スケジュールにより異なる,
渋谷区,渋谷３丁目,-,東京都渋谷区渋谷3-18-7 渋谷東1号館5F,35.657181,139.7037645,OTO,渋谷,CLUB,Disco ･ Lounge ･ Allmix ･ Techno ･ House ･ HipHop ･ Jazz ･ Electronic ･ R&B,03-3486-8477,※スケジュールにより異なる,
渋谷区,渋谷３丁目,-,東京都渋谷区渋谷3-26-16,35.654139,139.705569,CIRCUS TOKYO,渋谷,イベントスペース,House ･ Techno ･ Electro ･ etc.,03-6419-7520,※イベントによって異なる,
渋谷区,渋谷２丁目,-,東京都渋谷区渋谷2-9-13 AiiA ANNEXビルB1F,35.660673,139.707378,0 Zero,青山,クラブ ･ カフェ,House ･ Techno ･ Crossover ･ Electronic ･ Others,03-3797-9933,11:30-05:00 / カフェバータイム11:30-21:00 / CLUBタイム22:00-05:00,100人前後
渋谷区,渋谷１丁目,-,東京都渋谷区渋谷1-27-1 高架下1F,35.659602,139.701186,Cafe & Bar SCRAMBLE,渋谷,カフェ ･ バー,Allmix,03-5468-1200,09:00-02:00 / 金･土･祝前 09:00-05:00,無休
渋谷区,渋谷１丁目,-,東京都渋谷区渋谷1-5-6 ラ･コリーナ渋谷B1F,35.661042,139.706001,INC COCKTAILS,渋谷,バー,Jazz ･ Blues ･ Soul ･ etc.,03-6805-1774,19:00-03:00,無し
渋谷区,渋谷１丁目,-,東京都渋谷区渋谷1-10-2 志水ビルB1F,35.660673,139.705056,club bar FAMILY,渋谷,CLUB,BlackMusic ･ HipHop ･ Techno ･ Allmix ･ R&B,03-3400-9182,HP参照,不定休
渋谷区,渋谷１丁目,-,東京都渋谷区渋谷1-25-6 パークサイド共同ビル10F,35.659665,139.7014785,DJ BAR Bridge,渋谷,バー,House ･ Disco ･ Reggae ･ DUBSTEP ･ HipHop ･ Jazz,03-6427-6568,月-土 20:00-05:00,不定 (祝前でない日曜は休みとなる場合が多い)
渋谷区,渋谷１丁目,-,東京都渋谷区渋谷1-11-1 COI西青山bldg.B1F,35.661024,139.7044485,THE GUINGUETTE by MOJA,渋谷,バル,Live ･ Others ･ POPs ･ Electronic ･ Jazz ･ HipHop ･ etc.,03-6418-8984,17:00-02:00 / 週末 17:00-03:00 ※変動する場合あり,不定
渋谷区,渋谷１丁目,-,東京都渋谷区渋谷1-15-16 ソシアルビル4F,35.660511,139.702914,BLOODY ANGLE,渋谷,ミュージックバー,Popular Song ･ Rare groove ･ Afro Funk ･ POPs ･ Disco ･ Others,03-6427-5178,21:00-03:00,日 ･ 祝
渋谷区,渋谷１丁目,-,東京都渋谷区渋谷1-6-3,35.660853,139.7057175,COZMO’S,渋谷,カフェ ･ バー ･ イベントスペース,Others ･ Live ･ All Genre,03-3407-5166,18:00～,日
渋谷区,渋谷１丁目,-,東京都渋谷区渋谷1-25-6 渋谷パークサイド共同ビル9F,35.659665,139.7014785,DJ Bar&Lounge WREP,渋谷,DJバー,HipHop,03-3409-6580,20:00-05:00 (月～土),(日曜日は休みとなる場合がある)
渋谷区,渋谷１丁目,-,東京都渋谷区渋谷1-10-7 グローリア宮益坂III B1F,35.660484,139.7049525,LUSH,渋谷,CLUB ･ ライブハウス,Live ･ All Genre ･ Others,03-5467-3071,クラブタイム 23:00-05:00,
渋谷区,渋谷１丁目,-,東京都渋谷区渋谷1-10-7 グローリア宮益坂III B1F,35.660484,139.7049525,Shibuya HOME,渋谷,ライブハウス,All Genre ･ Live,03-5774-5822,※スケジュールにより異なる,
港区,芝公園１丁目,-,東京都港区赤阪8-10-22 ニュー新坂ビルB1F,35.65801708,139.7515459,EDITION,青山,CLUB,House ･ Techno ･ Electro ･ EDM ･ Dance Music,03-6721-1945,,500人
港区,芝５丁目,-,東京都港区芝5-36-7 三田ベルジュビルB1F,35.644725,139.744935,GUARDIAN DININGBAR & SOUL,その他,ダイニングバー,Soul ･ Jazz ･ Lounge ･ Live ･ Others,03-5419-6718,"ランチ 平日11:00-14:30
ディナー 月-木 18:00-23:30 / 金 18:00-03:00",土 ･ 日 ･ 祝 (貸切は営業)
新宿区,四谷２丁目,-,東京都新宿区四谷2-10 第2太郎ビルB1F,35.6877,139.7248965,OUTBREAK,その他,ライブハウス,POPs ･ Live ･ Rock ･ Others,03-5368-0852,※イベントスケジュールにより異なる,
渋谷区,桜丘町,-,東京都渋谷区桜丘町17-10 吉野ビル3F,35.656245,139.701069,Bar star star,渋谷,バー,Rock ･ Allmix ･ POPs ･ Live,03-6427-0186,19:00-03:00,無休
渋谷区,桜丘町,-,東京都渋谷区桜丘町16-7 鈴木ビルB1F,35.656389,139.701096,Shibuya Aurra,渋谷,イベントスペース,HipHop ･ House ･ Trance ･ Reggae ･ R&B ･ Soul,03-3770-8644,24時間,無し
渋谷区,桜丘町,-,東京都渋谷区桜丘町16-7 鈴木ビルB1F,35.656389,139.701096,Woodstock,渋谷,バー,Live ･ Rock ･ etc.,03-6712-7963,19:00-03:00,日
渋谷区,桜丘町,-,東京都渋谷区桜丘町15-19 第8東都ビルB1F,35.656461,139.7016045,THE ROOM,渋谷,CLUB,House ･ Crossover ･ Disco ･ Jazz ･ etc.,03-3461-7167,スケジュールにより異なる,
渋谷区,桜丘町,-,東京都渋谷区桜丘町16-12 MUSIC LAND KEY B1F,35.656794,139.7011005,RUIDO K2,渋谷,ライブハウス ･ CLUB,Live ･ Others ･ POPs ･ Rock ･ Jazz ･ All Genre,03-3462-5310,※スケジュールにより異なる,
渋谷区,桜丘町,-,東京都渋谷区桜丘町26-1 セルリアンタワー東急ホテル2F,35.656353,139.699593,JZ Brat SOUND OF TOKYO,渋谷,ダイニングクラブ,Jazz ･ Soul ･ House ･ POPs ･ R&B ･ Rock,03-5728-0168,17:30-23:30 (クラブイベント開催時は05:00まで営業),
港区,高輪４丁目,-,東京都港区高輪4-10-30 品川プリンスホテルメインタワー39F,35.627625,139.7367045,TABLE 9 TOKYO (NINE BAR),その他,レストラン (NINE BAR: DJバー),Lounge Music ･ House ･ Techno ･ Jazz ･ Disco ･ Soul ･ Black Music,03-5421-1114,"ナインバー: 17:00-04:00
(DJタイム: 火-土 21:00-23:45)",無し
新宿区,高田馬場３丁目,-,東京都新宿区高田馬場3-3-8 B1F,35.713548,139.7017395,AREA,新宿,ライブハウス,Live ･ HardRock ･ Rock ･ POPs ･ HeavyMetal ･ etc.,03-3361-1069,公演により異なる,
新宿区,高田馬場１丁目,-,東京都新宿区高田馬場1-17-16 スタープラザB1F,35.711946,139.7071935,DJ Bar SIGNAL,新宿,DJバー,HipHop ･ Old school ･ Reggae ･ Allmix,03-3203-5954,20:00-05:00,無休
渋谷区,恵比寿南３丁目,-,東京都渋谷区恵比寿南3-1-2 サウスビル4F,35.645805,139.706847,Cafe&Dining nurikabe,恵比寿,ダイニングバー,Others,03-6451-2022,"12:00-15:00 / 17:00-24:00
イベント時22:00～",無休
渋谷区,恵比寿南３丁目,-,東京都渋谷区恵比寿南3-1-25 ICE CUBE1F/2F,35.646066,139.7063115,Batica,恵比寿,ライブハウス ･ CLUB,Live ･ Techno ･ Allmix ･ House ･ Bass ･ Jazz ･ Rock,03-5734-1995,※イベントにより異なる,不定休
渋谷区,恵比寿南２丁目,-,東京都渋谷区恵比寿南2-3-14 CONZE EBISU B1F,35.645472,139.7075355,NOS EBISU,恵比寿,ダイニングバー,Allmix ･ Live ･ Techno ･ R&B,03-5773-1727,月-木18:00-02:00 / 金･土18:00-05:00 / 日･祝17:00-23:00,無休
渋谷区,恵比寿南２丁目,-,東京都渋谷区恵比寿南2-3-3 B1F,35.645364,139.707927,LIFE IS BEAUTIFUL,恵比寿,バー,Others,03-6303-2353,21:00～,無休
渋谷区,恵比寿西２丁目,-,東京都渋谷区恵比寿西2-9-9 代官山テクノビル2Ｆ,35.649162,139.707198,enjoy!house,恵比寿,バー,House ･ HipHop ･ Techno ･ Allmix ･ Others ･ Jazz ･ Disco ･ Soul ･ TechHouse,03-5489-1591,火-木18:00-02:00 / 金18:00-05:00 / 土15:00-05:00 / 日15:00-02:00,月
渋谷区,恵比寿西１丁目,-,東京都渋谷区恵比寿西1-34-17 ZAHOUSEビル B3F,35.647047,139.7024685,SALOON,恵比寿,ナイトクラブ,Allmix ･ House ･ Techno ･ Drum&Bass ･ All Genre ･ DUBSTEP ･ Others ･ Live,03-5459-8633,※イベントにより異なる,不定休
渋谷区,恵比寿西１丁目,-,東京都渋谷区恵比寿西1-34-17 ZaHOUSEビル,35.647047,139.7024685,UNIT,恵比寿,CLUB ･ ライブハウス,Live ･ House ･ Techno ･ Allmix ･ Electronic ･ Others,03-5459-8630,※ライブ ･ イベントにより異なる,不定
渋谷区,恵比寿西１丁目,-,東京都渋谷区恵比寿西1-34-17 ザ･ハウスビルB1F,35.647047,139.7024685,B1FLAT,恵比寿,イベントスペース,Others ･ All Genre,03-5459-8631,11:30-24:00 ※要確認,不定
渋谷区,恵比寿西１丁目,-,東京都渋谷区恵比寿西1-13-3 ROOB6ビル4F,35.647623,139.7079315,What the Dickens,恵比寿,ライブバー,Rock ･ POPs ･ Blues ･ Folk ･ Oldies ･ Jazz ･ IndieRock ･ ChillOut ･ Metal,03-3780-2099,17:00～,月
渋谷区,恵比寿西１丁目,-,東京都渋谷区恵比寿西1-8-2 ウエストパレス205,35.647776,139.708368,INDUSTRIAL LOUNGE,恵比寿,ラウンジ,Others,03-3461-1989,19:00-04:00,
渋谷区,恵比寿４丁目,-,東京都渋谷区恵比寿4-22-7 イーストスクエアビルB1F,35.645049,139.7147535,club aim,恵比寿,ライブハウス,Live ･ Rock ･ POPs ･ Others,03-5422-6657,"※スタートは日程により変動
貸切 12:00-23:00",
中央区,銀座８丁目,-,東京都中央区銀座8-3-12 第2銀座コラムビルB1F,35.66916,139.759164,ThreeHundred Bar GINZA8,銀座,スタンディングバー,Allmix ･ Trance ･ House ･ R&B ･ Electronic,03-3571-8300,17:00-02:00 / 日･祝17:00-23:00,無休
中央区,銀座８丁目,-,東京都中央区銀座8-6-18 銀座カレラ弐番館B2F,35.668359,139.76037,CYGNUS,銀座,ライブバー,Chanson ･ BossaNova ･ Jazz ･ Disco ･ R&B ･ etc.,03-3289-0986,18:30-23:30,日
中央区,銀座８丁目,-,東京都中央区銀座8-12-6 小野商ビルB1F,35.667351,139.762854,Las Risas,銀座,ラテンバー,Latin ･ Salsa,03-3541-3303,19:00-24:00,
中央区,銀座７丁目,-,東京都中央区銀座7-8-13 ブラウンプレイス4F,35.668881,139.761918,GINZA MUSIC BAR,銀座,バー,Jazz ･ Disco ･ Soul ･ Minimal ･ NewWave ･ HipHop ･ Techno ･ Rock ･ 80s ･ 90s ･ Oldies ･ etc.,03-3572-3666,18:00-28:00,日 ･ 祝
中央区,銀座７丁目,-,東京都中央区銀座7-7-9 銀座山市ビル1/2F,35.669106,139.7618955,GINZA MAGIC,銀座,ソウルダイニング,Soul ･ Disco ･ 70s ･ 80s,03-3575-0511,19:00-04:00,日 ･ 祝
中央区,銀座７丁目,-,東京都中央区銀座7-5-5 長谷第一ビルB1F,35.669916,139.761378,The Soul Garden,銀座,ミュージックバー,Soul ･ Funk ･ Disco ･ R&B ･ AOR,03-6280-6012,18:00-27:00,日 ･ 祝
中央区,銀座６丁目,-,東京都中央区銀座6-4-8 ニューギンザビル3号館 B1F,35.671059,139.7613465,333,銀座,スポーツバー,Others ･ Allmix,03-3572-1333,"月-木 17:00-03:00
金･土･祝前 17:00-04:00
日･祝 17:00-24:00",無休
中央区,銀座６丁目,-,東京都中央区銀座6-9-15 TACT1ビルB1F,35.669961,139.7630745,TACT,銀座,ライブハウス,Live ･ Blues ･ Folk ･ Acoustic ･ Oldies ･ Jazz ･ Rock ･ POPs ･ Hawaiian ･ Country ･ Ballade ･ Others,03-3571-3939,スケジュールによる,無し
中央区,銀座６丁目,-,東京都中央区銀座6-4-6 / 646ビル3F-6F,35.671338,139.761666,GENIUS TOKYO,銀座,CLUB ･ ディスコ,Allmix ･ HipHop ･ Disco ･ Others,03-3571-5830,"火-木 20:00-01:00
金 20:00-04:00
土 20:00-03:00",日曜と月曜はパーティーイベントのみ
中央区,銀座４丁目,-,東京都中央区銀座4-3-5 ハトリビル4F,35.672364,139.764753,POP INN,銀座,バー,R&B ･ HipHop ･ 90s ･ 80s ･ Funk ･ Soul ･ Classics ･ Disco ･ Reggae ･ Allmix,03-6271-0785,月-木 18:00-24:00 / 週末 18:00-02:00,日
中央区,銀座４丁目,-,東京都中央区銀座4-2-17 銀座111レジャービル B1F-1F,35.672625,139.7639925,LAPIS TOKYO,銀座,CLUB,Allmix ･ R&B ･ EDM ･ HipHop ･ etc.,03-6228-6516,"日～木: 18:00-24:00
金･土･祝前日: 19:00-04:30
特別なイベント等の事情により変動の場合あり、予めご確認下さい",月
中央区,銀座２丁目,-,東京都中央区銀座2-4-18 アルボーレ銀座7F,35.674281,139.766445,Ginza Roots Tokyo,銀座,ラウンジ ･ ダイニングバー,Allmix ･ Soul ･ Jazz ･ 70s ･ 80s ･ 90s,03-5579-9330,月-木･土18:00-05:00 / 金18:00-05:00 / 日･祝18:00-00:00,無休
中央区,銀座１丁目,-,東京都中央区銀座1-8-19 キラリトギンザ12F･RF,35.674254,139.7686095,PLUSTOKYO,銀座,クラブ ･ ラウンジ,Techno ･ House ･ Drum&Bass ･ Electro ･ EDM ･ DUBSTEP ･ Disco ･ BassMusic ･ Trap ･ etc.,03-3563-3776,"月-木 17:00-24:00
金･土･祝前 17:00-04:00 更新の可能性あり、要事前確認",日
千代田区,丸の内２丁目,大丸有,東京都千代田区丸の内2-7-3 東京ビルTOKIA1F,35.678574,139.7649105,P.C.M. PUB CARDINAL MARUNOUCHI,その他,バー ･ ラウンジ,Lounge ･ Allmix ･ etc.,03-5222-1251,月-土11:00-04:00 / 日･祝11:00-23:00,無休
千代田区,丸の内２丁目,大丸有,東京都千代田区丸の内2-7-3 東京ビルTOKIA 2F,35.678574,139.7649105,COTTON CLUB,その他,ライブレストラン,Others ･ Live ･ Jazz,03-3215-1555,月-金 17:00-23:00 / 土･日･祝 16:00-22:30,不定休
千代田区,丸の内１丁目,大丸有,東京都千代田区丸の内1-5-1 新丸ビル7F,35.682714,139.764249,(marunouchi)HOUSE,その他,レストランフロア,Jazz ･ Disco ･ 80s ･ Lounge ･ HipHop ･ House ･ Techno ･ Allmix ･ Live ･ Others,03-5218-5100,11:00-04:00 / 日･祝 11:00-23:00,不定休 (新丸の内ビルディングの営業日に準ずる)
港区,海岸２丁目,-,東京都港区海岸2-7-104,35.650962,139.7604825,JICOO,その他,船上バーラウンジ,Allmix ･ Techno ･ Others ･ Electronic ･ Jazz,0120-049-490,木･金･土 20:00-23:00,
新宿区,歌舞伎町２丁目,-,東京都新宿区歌舞伎町2-37-3 丸友ビルB1F,35.696034,139.701888,TOKYO LOOSE,新宿,バー ･ クラブ,Reggae ･ R&B ･ Techno ･ Trance ･ House ･ HipHop ･ Soul ･ Latin,03-3207-5677,20:00～,無休
新宿区,歌舞伎町２丁目,-,東京都新宿区歌舞伎町2-45-4 第2与三郎ビル3F,35.696448,139.700484,あるけみすたぁ,新宿,バー,A-POP,03-6302-1724,19:00-24:00 / 金･土･祝前 19:00-05:00,無し
新宿区,歌舞伎町２丁目,-,東京都新宿区歌舞伎町2-27-12 Lee2ビル4F-E,35.695791,139.703211,HONEY BEE,新宿,バー,HipHop ･ Reggae ･ Soul ･ etc.,-,20:00-05:00 ※変動する可能性あり、要事前確認,
新宿区,歌舞伎町２丁目,-,東京都新宿区歌舞伎町2-45-1 第1トキワビルB1F,35.69634,139.700574,MARZ,新宿,ライブハウス,Rock ･ All Genre ･ Others ･ House ･ Techno ･ Live,03-3202-8248,※スケジュールにより異なる,
新宿区,歌舞伎町２丁目,-,東京都新宿区歌舞伎町2-36-3 アシベ会館B2F,35.695908,139.70241,ACB HALL,新宿,ライブハウス,Rock ･ POPs ･ Acoustic ･ All Genre,03-3205-0901,"公演により変動
貸切対応 9:00-23:00",
新宿区,歌舞伎町２丁目,-,東京都新宿区歌舞伎町2-1-2 HANROKUビルB1F,35.695008,139.7063925,NINE SPICES,新宿,ライブハウス,All Genre ･ Live,03-3205-1439,,
新宿区,歌舞伎町２丁目,-,東京都新宿区歌舞伎町2-45-2 ジャストビル5F,35.696358,139.70043,Motion,新宿,ライブハウス,POPs ･ Rock ･ All Genre ･ Others,03-3209-1278,※毎ライブごとに変動,
新宿区,歌舞伎町２丁目,-,東京都新宿区歌舞伎町2-45-2 カイダ第3ジャストビルB1F,35.696358,139.70043,Marble,新宿,ライブハウス,Rock ･ POPs ･ Live ･ Others,03-5272-3558,,
新宿区,歌舞伎町２丁目,-,東京都新宿区歌舞伎町2-42-16 第二大滝ビルB1F,35.697861,139.7017755,SAMURAI,新宿,ライブハウス,POPs ･ Rock ･ Others ･ Live ･ etc.,03-5287-3390,※スケジュールによる,
新宿区,歌舞伎町２丁目,-,東京都新宿区歌舞伎町2-24-3 興和ビルB2F,35.695719,139.7036925,HOLIDAY SHINJUKU,新宿,ライブハウス,Rock ･ Live ･ etc.,03-5292-0591,※スケジュールにより異なる,
新宿区,歌舞伎町２丁目,-,東京都新宿区歌舞伎町2-25-6 永和第6ビルB1F,35.695476,139.703571,club SCIENCE,新宿,ライブハウス,Rock ･ POPs ･ Live,03-6233-9006,,
新宿区,歌舞伎町２丁目,-,東京都新宿区歌舞伎町2-28-16 ウィザードセブンB1F,35.696106,139.703409,FATE,新宿,ライブハウス,POPs ･ V-ROCK ･ A-POP ･ Others,03-6278-9332,※ライブにより変動,
新宿区,歌舞伎町１丁目,-,東京都新宿区歌舞伎町1-6-13 良川ビル7 B1F,35.693928,139.7029545,AL,新宿,イベント会場,HipHop ･ All Genre,03-3207-9664,"15:00-05:00
(営業時間外の貸切も応相談)",無休
新宿区,歌舞伎町１丁目,-,東京都新宿区歌舞伎町1-14-7 新宿ハヤシビル3F,35.694594,139.7021805,DREAM STORE,新宿,ダイニングバー ･ イベントスペース,All Genre ･ Others ･ Live,03-5287-2286,17:00-25:00,無休
新宿区,歌舞伎町１丁目,-,東京都新宿区歌舞伎町1-15-9 B1F,35.694162,139.702293,BE-WAVE,新宿,カフェ ･ バー,All Genre ･ Others,03-5292-0853,17:00-05:00,無休
新宿区,歌舞伎町１丁目,-,東京都新宿区歌舞伎町1-7-1 J2ビルディングB1-B2F,35.694207,139.702761,CASABLANCA ex. CROSSOVER,新宿,クラブバー,R&B ･ POPs ･ Reggae ･ HipHop ･ House ･ Trance ･ Allmix ･ Electro,03-6457-6501,20:00-05:00,無休
新宿区,歌舞伎町１丁目,-,東京都新宿区歌舞伎町1-13-7 Tokyo19ビルB1F,35.694567,139.7025495,MUSIC BAR L.G,新宿,バー,HipHop ･ rap ･ J-POP ･ etc.,-,20:00-06:00,無し
新宿区,歌舞伎町１丁目,-,東京都新宿区歌舞伎町1-16-10 第27東京ビルB2F,35.693847,139.702176,GOLDEN EGG,新宿,ライブバー,Jazz ･ POPs ･ Soul ･ Funk ･ Rock ･ Others,03-3203-0405,"平日 19:00前後から
土日 ライブにより変動",無し
新宿区,歌舞伎町１丁目,-,東京都新宿区歌舞伎町1-2-5 東陽ビルB2F,35.693685,139.703994,Zirco Tokyo,新宿,ライブハウス,All Genre ･ Rock ･ POPs ･ Others,03-6278-9190,※ライブにより変わる,不定
新宿区,歌舞伎町１丁目,-,東京都新宿区歌舞伎町1-21-1 第二東亜会館B1-B2F,35.695242,139.7012625,WARP SHINJUKU,新宿,CLUB,Allmix ･ EDM ･ House ･ Techno ･ HipHop ･ Trap ･ DUBSTEP ･ BassMusic ･ etc.,03-6278-9197,19:00～ラスト,不定
新宿区,歌舞伎町１丁目,-,東京都新宿区歌舞伎町1-13-11 甲斐ビルB1F,35.694315,139.702608,CLUB23 TOKYO,新宿,バー,HipHop ･ Allmix ･ Reggae ･ R&B ･ EUROBEAT ･ etc.,03-6380-2006,20:00-05:00,不定
新宿区,歌舞伎町１丁目,-,東京都新宿区歌舞伎町1-23-13 第1大滝ビル5F,35.69427,139.701024,カブキラウンジ,新宿,バー,HipHop ･ Disco ･ Soul ･ Funk ･ Techno ･ R&B,03-6205-5125,18:00-24:00 / 週末 18:00-05:00,年末年始
新宿区,歌舞伎町１丁目,-,東京都新宿区歌舞伎町1-2-13 新光ビル2F B号室,35.694693,139.7044215,CLUB & DJ BAR BUMP,新宿,CLUB ･ DJバー,ALL Genre,03-6457-3765,"18:00～翌朝7:00
Dinner Time 18:00～21:00
Club Time 21:00～Last
→Happy Hour 21:00～23:00
(但し、イベント開催時は除く)",年中無休
新宿区,歌舞伎町１丁目,-,東京都新宿区歌舞伎町1-3 梅村ビル5F,35.694639,139.703814,ORIZURU,新宿,クラブ,House ･ Techno ･ Dub ･ etc.,03-6273-9519,"木 21:00-05:00
金･土 21:00-05:00 / 06:00-10:00
※変更の可能性がある為、事前に要確認",日
新宿区,歌舞伎町１丁目,-,東京都新宿区歌舞伎町1-1-7 マルハビル3F,35.694135,139.7044935,URACUE,新宿,バー,Reggae ･ HipHop ･ Soul ･ Funk ･ Jazz ･ Techno ･ House ･ etc.,-,20:00-06:00,
新宿区,歌舞伎町１丁目,-,東京都新宿区歌舞伎町1-20-1 ヒューマックスパビリオン新宿歌舞伎町7F,35.695836,139.7014605,SHINJUKU FACE,新宿,イベントホール,Others ･ Live ･ All Genre,03-3200-1300,スケジュールによる,
新宿区,歌舞伎町１丁目,-,東京都新宿区歌舞伎町1-16-6 ポールスタービル7F,35.693946,139.701789,Garam,新宿,クラブ,Reggae ･ HipHop ･ Disco,03-3205-8668,※スケジュールにより異なる,
新宿区,歌舞伎町１丁目,-,東京都新宿区歌舞伎町1-21-7 ヒューマックスパビリオン新宿アネックスB2F,35.695323,139.7009925,BLAZE,新宿,ライブハウス,Live ･ POPs ･ Rock ･ Others,03-5155-5990,スケジュールにより変動,
新宿区,歌舞伎町１丁目,-,東京都新宿区歌舞伎町1-12-9 タテハナビルB2F,35.695341,139.7025765,LOFT,新宿,ライブハウス,POPs ･ Live ･ Rock ･ Jazz ･ Crossover ･ etc.,03-5272-0382,※イベント･スケジュールにより異なる,
新宿区,歌舞伎町１丁目,-,東京都新宿区歌舞伎町1-2-13 新光ビル5F,35.694693,139.7044215,DECABAR Z,新宿,バー,Allmix ･ Techno ･ Electro ･ EDM ･ Others,03-6273-8415,17:00～,
渋谷区,猿楽町,-,東京都渋谷区猿楽町3-9 アベニューサイド代官山3F,35.652078,139.704255,NOMAD,渋谷,ライブハウス,Live ･ Others,03-3770-3723,"ライブ開始は変動
(公演可能時間: 10:00-15:00 / 15:30-22:00)",不定
渋谷区,猿楽町,-,東京都渋谷区猿楽町2-11 B1-B2F,35.653293,139.7045115,SPACE ODD,恵比寿,イベント会場,All Genre ･ POPs ･ Live,03-6452-5671,公演ごとに変動,不定
渋谷区,円山町,-,東京都渋谷区円山町2-4 ドクタージーカンズビル4F-6F,35.658288,139.6952685,ATOM TOKYO,渋谷,CLUB ･ イベントスペース,Allmix ･ Electro ･ R&B ･ HipHop ･ House ･ Trance ･ J-POP,03-3464-0703,22:00-04:30 ※イベントにより変動,無休
渋谷区,円山町,-,東京都渋谷区円山町2-3 2F,35.658486,139.695246,TSUTAYA O-WEST,渋谷,ライブハウス,Others ･ POPs ･ Rock ･ Jazz ･ Live,03-5784-7088,※スケジュールにより異なる,無休
渋谷区,円山町,-,東京都渋谷区円山町1-8,35.659035,139.695327,club asia,渋谷,CLUB,House ･ HipHop ･ Trance ･ Techno ･ Drum&Bass ･ Live ･ Reggae ･ Electro,03-5458-2554,※イベントにより異なる,無し
渋谷区,円山町,-,"東京都渋谷区円山町2-4 Dr.ジーカンズ2,3F",35.658288,139.6952685,HARLEM,渋谷,CLUB,HipHop ･ Reggae ･ R&B,03-3461-8806,22:00～ ※イベントにより変動する,不定休
渋谷区,円山町,-,東京都渋谷区円山町2-16 スタジオアリアス1F-4F,35.658405,139.6950435,WOMB,渋谷,CLUB,House ･ Techno ･ Minimal ･ Drum&Bass ･ Electro ･ HipHop ･ TRAP ･ Allmix ･ Trance ･ DUBSTEP ･ etc.,03-5459-0039,22:00-04:30 ※イベントにより変動の為、要確認,不定休
渋谷区,円山町,-,東京都渋谷区円山町2-16 1F,35.658405,139.6950435,WOMB LOUNGE,渋谷,ラウンジ ･ イベントスペース,Techno ･ House ･ Electronic ･ Bass ･ etc.,03-5459-1383,22:00～ ※イベントにより異なる,不定休
渋谷区,円山町,-,東京都渋谷区円山町2-3 6F-5F,35.658486,139.695246,TSUTAYA O-nest,渋谷,ライブハウス,All Genre,03-3462-4420,※スケジュールによる,不定
渋谷区,円山町,-,東京都渋谷区円山町2-20 農場協会ビル1F,35.658747,139.694931,White Space Lab,渋谷,カフェ＆バー,Others,03-6416-3973,"19:00-24:00
※最新の情報とは異なる場合がございます。必ず事前にご確認下さい。",日 ･ 月
渋谷区,円山町,-,東京都渋谷区円山町1-3 猪鼻ビルB1F,35.659602,139.69539,nob,渋谷,バー ･ 貸切,Live ･ Others,03-3464-9593,"18:00～
※イベント時は要確認",祝日
渋谷区,円山町,-,東京都渋谷区円山町2-4 Dr.ジーカンズ1F,35.658288,139.6952685,A BAR,渋谷,CLUB,Allmix ･ EDM ･ HipHop ･ R&B,-,ATOMの営業に準ずる,
渋谷区,円山町,-,東京都渋谷区円山町2-3 O-WESTビル7F,35.658486,139.695246,7th FLOOR,渋谷,ライブハウス ･ バー,Live ･ Others ･ POPs ･ Rock,03-3462-4466,"ライブ ※スケジュールにより異なる (ランチライブ営業もあり)
バータイム 23:00-05:00 (ライブ終了後)",
渋谷区,円山町,-,東京都渋谷区円山町5-3 荻原ビルB1F,35.657019,139.695561,Dimension,渋谷,イベントスペース,Electro ･ All Genre ･ Others,03-6455-1239,※イベントによる,
渋谷区,宇田川町,-,東京都渋谷区宇田川町36-2 ノア渋谷ビルB1F,35.662023,139.6972125,Coins Bar,渋谷,ダイニングバー,Allmix ･ Others,03-3463-3039,16:00-23:30,無休
渋谷区,宇田川町,-,東京都渋谷区宇田川町33-1 グランド東京渋谷ビルB1F-B2F,35.660727,139.697415,Veats Shibuya,渋谷,ライブハウス,POPs ･ All Genre,03-5467-6390,スケジュールによる,不定
渋谷区,宇田川町,-,東京都渋谷区宇田川町11-6 渋谷宇田川KKビル3F,35.662329,139.697424,ROOTS,渋谷,DJバー,Reggae ･ House ･ Trance ･ Allmix ･ HipHop ･ Techno,03-6273-2345,19:00-05:00 ※日により変わる,不定
渋谷区,宇田川町,-,東京都渋谷区宇田川町20-15 ヒューマックスパビリオン渋谷公園通りB1F,35.661141,139.700205,GRANDE,渋谷,ラグジュアリーレストラン,Others,0120-926-428,12:00-06:00,無休
渋谷区,宇田川町,-,東京都渋谷区宇田川町21-7 不二ビルB1F,35.659989,139.700079,GASPANIC Center-Gai,渋谷,DJバー,Allmix,03-3462-9099,18:00-05:00,無休
渋谷区,宇田川町,-,東京都渋谷区宇田川町36-3 渋谷営和ビル5F,35.661942,139.697361,CAFE&DINNER スタジオ,渋谷,カフェ,House ･ Techno ･ Allmix ･ R&B,03-3770-7723,月-木12:00-24:00 / 金･土･祝前 12:00-05:00,無休
渋谷区,宇田川町,-,東京都渋谷区宇田川町13-8 ちとせ会館B1F,35.661105,139.698522,TK SHIBUYA,渋谷,CLUB,EDM ･ Allmix ･ House ･ HipHop ･ Disco ･ BassMusic ･ etc.,03-5456-2400,22:00-04:30,無休
渋谷区,宇田川町,-,東京都渋谷区宇田川町4-9 クレタケビル3F,35.662473,139.6977165,Organ Bar,渋谷,CLUB,HipHop ･ House ･ Allmix ･ Techno ･ Reggae ･ R&B ･ Disco ･ Old school ･ Soul ･ Funk,03-5489-5460,21:00～ ※詳細はHPでご確認ください。,無休
渋谷区,宇田川町,-,東京都渋谷区宇田川町10-1 パークビル2F,35.662662,139.6970865,虎子食堂,渋谷,レストラン ･ バー,Allmix ･ All Genre,03-6416-1197,"月-土･祝日前 18:00-04:00 / 日･祝 18:00-01:00
※イベント時の営業時間は、各イベントにより異なる。",無休
渋谷区,宇田川町,-,東京都渋谷区宇田川町11-1 柳光ビル別館B1F,35.662635,139.697289,ROCKAHOLIC,渋谷,ミュージックバー,Rock ･ Metal ･ Punk,03-6416-9469,19:00-05:00,無休
渋谷区,宇田川町,-,東京都渋谷区宇田川町15-1 渋谷PARCO内 B1F,35.662032,139.698945,QUATTRO LABO,渋谷,カフェバー,Jazz ･ Soul ･ AOR ･ 70s ･ 80s ･ World ･ R&B ･ Rock ･ etc.,03-6455-3001,"月-土・祝前: カフェ11:00-17:00 / バー18:00-26:00
日曜・祝日: 23:30まで",無し・パルコの営業日に準ずる
渋谷区,宇田川町,-,東京都渋谷区宇田川町10-2 渋谷宇田川町テナント1F,35.662716,139.696938,FLAMINGO,渋谷,カフェ ･ バー,Others,03-6416-5513,"月-土 11:30-05:00
ランチ 11:30-15:00 / アイドル 15:00-18:00 / ディナー 18:00-23:00 / 深夜 23:00～
日 11:30-24:00",無し
渋谷区,宇田川町,-,東京都渋谷区宇田川町13-16 コクサイビルA館B1F,35.661447,139.69854,JUMANJI 33,渋谷,CLUB,Allmix ･ House ･ HipHop ･ etc.,03-6452-5833,"20:00-04:30 ※変動の可能性あり
(ハッピーアワー 20:00-24:00)",無し
渋谷区,宇田川町,-,東京都渋谷区宇田川町3-7 ヒューリック渋谷公園通りビル1F,35.662527,139.698981,koe space (hotel koe tokyo),渋谷,イベントスペース,Techno ･ House ･ HipHop ･ Electro ･ Funk ･ Disco ･ Soul ･ Live,03-6712-7251,※催し物による (DJイベントの場合 20:00-24:00 が多い),無し
渋谷区,宇田川町,-,東京都渋谷区宇田川町13-17 ライズビル地下,35.661465,139.698711,WWW,渋谷,ライブハウス,Live ･ All Genre,03-5458-7685,※イベントにより異なる,不定休
渋谷区,宇田川町,-,東京都渋谷区宇田川町4-3 ホテルユニゾ渋谷B1F,35.66259,139.6983375,NOS ORG,渋谷,ダイニングバー,Others,03-5459-1717,18:00-02:00 / 日･祝 17:00-23:00,不定休
渋谷区,宇田川町,-,東京都渋谷区宇田川町10-1 パークビル 3F,35.662662,139.6970865,Rock no Cocoro,渋谷,ミュージックバー,Rock ･ 70s ･ 80s ･ Punk ･ Metal,03-5459-5326,19:00～,不定休
渋谷区,宇田川町,-,東京都渋谷区宇田川町3-10 いちごフィエスタ渋谷4F,35.6625,139.69872,gee-ge.,渋谷,ライブバー,Acoustic ･ POPs ･ Folk ･ Rock,03-6416-3468,"18:00～ ※ライブは日ごと変動
バー 23:00-05:00",不定休
渋谷区,宇田川町,-,東京都渋谷区宇田川町30-5 JOWビルB1F,35.660871,139.697955,Club Malcolm,渋谷,DJ＆ライブスペース,All Genre ･ POPs ･ Live ･ A-POP,03-6455-0225,"※イベントにより変わる
(箱貸: 09:00-15:00 / 15:00-23:00 / 深夜 23:00-05:30)
バー / 19:00-02:00 ※要確認",不定休
渋谷区,宇田川町,-,東京都渋谷区宇田川町4-7 トーセン宇田川ビル6F /7F,35.662464,139.6978695,R Lounge,渋谷,クラブ,House ･ Techno ･ Electronic ･ EDM ･ Allmix ･ Reggae ･ R&B ･ HipHop ･ TOP40,03-5459-7988,※イベントにより異なる,不定
渋谷区,宇田川町,-,東京都渋谷区宇田川町12-3 ニュー渋谷コーポラス1F,35.661744,139.698045,CLUB VIZEL,渋谷,CLUB,Allmix ･ HipHop ･ House ･ R&B ･ EDM ･ BlackMusic ･ Reggae ･ etc.,03-6455-3131,19:00-04:30 ※イベントにより変動,不定
渋谷区,宇田川町,-,東京都渋谷区宇田川町33-10 J+Rビル Jside 3F,35.660997,139.6966815,MILLIBAR,渋谷,ミュージックバー,Reggae ･ Soul ･ Rock ･ POPs ･ etc.,03-5458-0989,"月-木･土 18:00-02:00
金 18:00-04:00",日 ･ 祝
渋谷区,宇田川町,-,東京都渋谷区宇田川町11-1 柳光ビル別館1F,35.662635,139.697289,rhythmcafe,渋谷,バー,Soul ･ POPs ･ Others ･ 80s ･ Latin ･ Techno,03-3770-0244,18:00-02:00,"第1,3火曜"
渋谷区,宇田川町,-,東京都渋谷区宇田川町13-16 国際ビルA館B2F,35.661447,139.69854,CYCLONE,渋谷,ライブハウス,Rock ･ Live,03-3463-0069,18:00～ ※スケジュールにより異なる,
渋谷区,宇田川町,-,東京都渋谷区宇田川町13-16 国際ビルB館B1F,35.661447,139.69854,GARRET udagawa,渋谷,ライブハウス,POPs ･ Rock ･ Live ･ Others,03-3463-0169,※スケジュールにより異なる,
渋谷区,宇田川町,-,東京都渋谷区宇田川町4-9 くれたけビル4F,35.662473,139.6977165,Club BALL,渋谷,ミュージックバー,House ･ Soul ･ Jazz ･ Funk ･ Disco ･ HipHop ･ Reggae ･ Others,03-3476-6533,スケジュールにより変動,
渋谷区,宇田川町,-,東京都渋谷区宇田川町32-13-4 クアトロビル5F,35.661024,139.6975365,CLUB QUATTRO,渋谷,ライブハウス,Live ･ Others ･ POPs ･ Rock,03-3477-8750,※スケジュールにより異なる,
渋谷区,宇田川町,-,東京都渋谷区宇田川町4-7 トウセン宇田川ビル B1F,35.662464,139.6978695,CHELSEA HOTEL,渋谷,ライブハウス ･ クラブ,Techno ･ DUBSTEP ･ Live ･ Allmix ･ Others,03-3770-1567,※イベントスケジュールにより異なる,
渋谷区,宇田川町,-,東京都渋谷区宇田川町32-12 アソルティ渋谷B1F,35.661087,139.6973745,TAKE OFF 7,渋谷,ライブハウス,POPs ･ Rock ･ Jazz ･ Acoustic ･ Folk ･ Blues ･ Live,03-3770-7755,"※開始時間は公演により変動
貸切 昼10:00-15:00 / 夜15:00-22:00",
渋谷区,宇田川町,-,東京都渋谷区宇田川町4-7 トウセン宇田川町ビル2F,35.662464,139.6978695,shibuya THE GAME,渋谷,Club,HipHop ･ R&B ･ Reggae,03-5456-5038,※イベントにより異なる,
渋谷区,宇田川町,-,東京都渋谷区宇田川町13-17 ライズビル2F / 4F,35.661465,139.698711,WWW X,渋谷,ライブハウス,Live ･ POPs ･ Techno ･ Electro ･ Rock ･ Folk ･ etc.,03-5458-7688,※公演による,
渋谷区,宇田川町,-,東京都渋谷区宇田川町4-7 トウセン宇田川ビル1F,35.662464,139.6978695,STAR LOUNGE,渋谷,ライブハウス,HipHop ･ Allmix ･ Live ･ R&B ･ DUBSTEP ･ All Genre,03-6277-5373,※ライブスケジュールにより異なる,
渋谷区,宇田川町,-,東京都渋谷区宇田川町4-7 トウセン宇田川町ビル3F,35.662464,139.6978695,Milkyway,渋谷,ライブハウス ･ バー,Live ･ All Genre,03-6416-3227,※イベント･スケジュールにより異なる,
渋谷区,宇田川町,-,東京都渋谷区宇田川町11-11 柳光ビル本館3F,35.662572,139.697208,喫茶SMiLE,渋谷,カフェバー,Live ･ Allmix ･ House ･ Jazz ･ Others,03-6416-3998,18:00-24:00 ※土日は変動する為、要確認,
渋谷区,宇田川町,-,東京都渋谷区宇田川町10-1 パークビルB1F,35.662662,139.6970865,JUMP,渋谷,DJバー,HipHop ･ Reggae ･ House ･ Techno ･ Rock ･ Electro,03-6416-9203,20:00-05:00 ※イベントにより異なる,
