指標名,保育園,,,認可保育所,https://www.fukushihoken.metro.tokyo.lg.jp/kiban/fukushi_shisetsu/shs_list/shisetsuitiran.html,,,,
出典,東京都福祉保健局,,,認証保育所,https://www.fukushihoken.metro.tokyo.lg.jp/kodomo/hoiku/ninsyo/ichiran.html,,,,
年次,2020/3/11取得,,,こども園,https://www.fukushihoken.metro.tokyo.lg.jp/kodomo/hoiku/n_kodomoen/shisetsuichiran.html,,,,
URL,複数あり、右に記載,,,認可外保育施設,https://www.fukushihoken.metro.tokyo.lg.jp/kodomo/hoiku/ninkagai/index.html,,,,
備考,,,,,,,,,
,,,,,,,,,
区,町丁,エリア,住所,緯度,経度,施設名,種別,定員,定員備考
港区,六本木６丁目,六本木,東京都港区六本木6-10-1  六本木ヒルズ  ウエストウォ-ク6F,35.66043,139.7292615,キッズスクウェア  六本木ヒルズ,認可外,45,
港区,六本木６丁目,六本木,東京都港区六本木6-7-6六本木アネックス4F,35.662185,139.731975,東京チルドレンズ・センター,認可外,10,
港区,六本木５丁目,六本木,東京都港区六本木５－１６－４６,35.661249,139.735035,麻布保育園,認可,154,
港区,六本木１丁目,虎ノ門,東京都港区六本木１－９－１０　アークヒルズ仙石山森タワー,35.663625,139.7418165,まちの保育園六本木,認可,70,
港区,六本木１丁目,虎ノ門,東京都港区六本木一丁目3-41,35.665875,139.7402325,グローバルキッズアークヒルズ園,認可外,26,
千代田区,六番町,-,東京都千代田区六番町５－１６,35.686908,139.7346975,グローバルキッズ六番町園,認可,60,
新宿区,矢来町,-,東京都新宿区矢来町９８－１　スキップビル１階,35.702289,139.73445,アスク神楽坂保育園,認可,79,
中央区,明石町,-,東京都中央区明石町１２－１,35.666622,139.776768,明石町保育園,認可,128,
中央区,明石町,-,東京都中央区明石町2-14,35.668593,139.7772225,聖路加国際病院  聖路加ナーサリー,認可外,53,
中央区,明石町,-,東京都中央区明石町７番１５号　ぱぱす明石町ビル２・３階,35.667702,139.7790855,ぽけっとランド明石町保育園,認可,91,
中央区,湊３丁目,-,東京都中央区湊3-12-11  マンション築地101,35.669295,139.779351,キッズルームひかり  新富町園,認可外,15,
港区,麻布台２丁目,-,東京都港区麻布台2-1-2,35.658702,139.740237,一般社団法人東京アメリカンクラブチャイルドケアセンター,認可外,21,
港区,麻布十番１丁目,-,東京都港区麻布十番１－１０－３　モンテプラザ２階,35.656236,139.736448,ニチイキッズさわやか白金高輪保育園,認証A,30,
渋谷区,本町６丁目,-,東京都渋谷区本町6-6-2,35.682174,139.679703,本町そよかぜこども園,認定こども園,121,
渋谷区,本町６丁目,-,東京都渋谷区本町6-16-4,35.682723,139.678002,コミュニティハウス保育室ポッポ,認証B,21,
渋谷区,本町５丁目,-,東京都渋谷区本町５－３５－１２,35.683218,139.676094,幡ヶ谷保育園,認可,92,
渋谷区,本町３丁目,-,東京都渋谷区本町3-38-10,35.688726,139.681242,本町きらきらこども園,認定こども園,123,
渋谷区,本町２丁目,-,東京都渋谷区本町2-6-14-2F,35.683155,139.68342,はぐあんどまみー,認可外,3,
渋谷区,本町２丁目,-,東京都渋谷区本町２－６－３　２階,35.682975,139.683366,あい・あい保育園初台本町園,認可,49,
渋谷区,本町１丁目,-,東京都渋谷区本町１－１９－３,35.679132,139.679793,グローバルキッズ幡ヶ谷園,認可,81,
渋谷区,本町１丁目,-,東京都渋谷区本町１－５－５,35.68122,139.6842255,本町第三保育園,認可,117,
新宿区,本塩町,-,東京都新宿区四谷本塩町４－８  パーシモンビルＢ１,35.688393,139.729473,ＫＩＤＳ  ＥＤＵ  インターナショナルプリスクール＆アカデミー,認可外,30,
新宿区,北町,-,東京都新宿区北町17,35.699274,139.7344365,新宿区立あいじつ子ども園,幼保連携型認定こども園,186,
港区,北青山３丁目,-,東京都港区北青山３－４－１４－１０１,35.668188,139.71402,青山保育園,認可,99,
港区,北青山２丁目,-,東京都港区北青山2-3-1,35.672058,139.719996,I-Kids,認可外,15,
新宿区,北新宿４丁目,-,東京都新宿区北新宿四丁目２１番１４号,35.707365,139.692096,東京母子愛育会保育園,認可,100,
新宿区,北新宿３丁目,-,東京都新宿区北新宿3-20-2,35.70282,139.689324,新宿区立北新宿子ども園,認定こども園,116,
新宿区,北新宿３丁目,-,東京都新宿区北新宿3-2-1レグノ・セレーノ１F,35.703045,139.694535,北新宿雲母保育園,認証A,40,
新宿区,北新宿３丁目,-,東京都新宿区北新宿３－９－２０,35.702163,139.692636,ほっぺるランド北新宿,認可,72,
新宿区,北新宿２丁目,-,東京都新宿区北新宿2‐3‐7,35.6985,139.6902465,新宿区立柏木子ども園,認定こども園,121,
新宿区,北新宿２丁目,-,東京都新宿区北新宿２－４－１１,35.699094,139.6897875,アスク北新宿保育園,認可,72,
新宿区,弁天町,-,東京都新宿区弁天町５０,35.703549,139.7268315,弁天町保育園,認可,148,
新宿区,払方町,-,東京都新宿区払方町１９－１　エムジー市ヶ谷ビル２階、３階,35.696628,139.734792,ポピンズナーサリースクール市ヶ谷,認可,80,
千代田区,富士見２丁目,-,東京都千代田区富士見2-14-23,35.696925,139.742379,NPO法人ひまわり育児室,認可外,26,
千代田区,富士見２丁目,-,東京都千代田区富士見２－１４－３６　富士見ウエスト２・３階,35.697411,139.743657,グローバルキッズ飯田橋園,認可,138,
千代田区,富士見２丁目,-,東京都千代田区富士見２－１４－３７,35.697258,139.743909,グローバルキッズ飯田橋こども園,認定こども園,137,
千代田区,富士見２丁目,-,東京都千代田区富士見町1-6-1富士見ビルB1,35.698125,139.7437259,ハイブリッドマムプリスクールナーサリー千代田富士見,認可外,40,
千代田区,富士見１丁目,-,東京都千代田区富士見１－１０－３,35.697231,139.7464335,ふじみこども園,認可,55,
新宿区,富久町,-,東京都新宿区富久町14-1,35.692497,139.7141235,富久ソラのこども園ちいさなうちゅう,認定こども園,244,
新宿区,富久町,-,東京都新宿区富久町13番1号ローレルコート新宿タワー2階,35.692299,139.714686,エデュケアセンター・新宿,認証A,22,
新宿区,富久町,-,東京都新宿区富久町２２－２１,35.694072,139.7156355,富久町保育園,認可,154,
渋谷区,富ケ谷２丁目,-,東京都渋谷区富ヶ谷２－３０－８,35.665209,139.6850715,富ヶ谷保育園,認可,94,
渋谷区,富ケ谷２丁目,-,東京都渋谷区富ヶ谷2-7-4リッチバレ-2F,35.665065,139.6875015,キラキラキッズナーサリー代々木園,認可外,41,
渋谷区,富ケ谷２丁目,-,東京都渋谷区富ヶ谷２－９－１３  ワイズファースト１ ０２,35.66466,139.686453,クレッシュ富ヶ谷,認可外,10,
渋谷区,富ケ谷１丁目,-,東京都渋谷区富ヶ谷１－３１－３,35.666082,139.688388,富ヶ谷ちとせ保育園,認可,79,
渋谷区,富ケ谷１丁目,-,東京都渋谷区富ヶ谷1－5－3岸ビル2階,35.669547,139.690143,PRINCETON  ACADEMY INTERNATIONAL  SCHOOL,認可外,20,
港区,浜松町１丁目,-,東京都港区浜松町1-21-2  礎会館2階,35.657748,139.7572245,ひかるほし保育園,認可外,18,
港区,浜松町１丁目,-,東京都港区浜松町１－３－１,35.659863,139.7570445,小鳩ナーサリースクール浜離宮,認可,20,
港区,浜松町１丁目,-,東京都港区浜松町１－６－７,35.658792,139.7575665,神明保育園,認可,170,
新宿区,百人町３丁目,-,東京都新宿区百人町３－２１－１４,35.704989,139.699863,新栄保育園,認可,148,
新宿区,百人町２丁目,-,東京都新宿区百人町2-11-24,35.70192,139.6991385,愛嬰幼保学園新宿園,認可外,65,
新宿区,百人町２丁目,-,東京都新宿区百人町２－１８－２１,35.70327,139.698171,百人町保育園,認可,85,
新宿区,百人町２丁目,-,東京都新宿区百人町2-21-22,35.702721,139.6971765,ベビーサロン  きこり,認可外,8,
新宿区,百人町２丁目,-,東京都新宿区百人町２－２２－６,35.703378,139.697253,クオリスキッズおおくぼ保育園,認可,60,
千代田区,飯田橋３丁目,-,東京都千代田区飯田橋3-10-3,35.700039,139.750119,東京しごとセンター託児室,認可外,12,
中央区,八丁堀４丁目,-,東京都中央区八丁堀４－５－１０,35.673993,139.7758635,中央区立八丁堀保育園,認可,79,
渋谷区,幡ケ谷３丁目,-,東京都渋谷区幡ヶ谷3-31-3,35.67834,139.672107,ヤクルト幡ケ谷保育園,認可外,15,
渋谷区,幡ケ谷３丁目,-,東京都渋谷区幡ヶ谷３－４－１,35.679789,139.67595,幡ヶ谷第二保育園,認可,75,
渋谷区,幡ケ谷３丁目,-,東京都渋谷区幡ヶ谷3-49-1中幡小学校内,35.680752,139.673313,渋谷区立のぞみ保育室,認可外,33,
渋谷区,幡ケ谷２丁目,-,東京都渋谷区幡ヶ谷2-17-15,35.677539,139.675257,カナリー保育園,認可外,29,
渋谷区,幡ケ谷２丁目,-,東京都渋谷区幡ヶ谷２－４２－１５,35.678106,139.6743795,まなびの森保育園幡ヶ谷,認可,102,
渋谷区,幡ケ谷２丁目,-,東京都渋谷区幡ヶ谷２－５６－６,35.67789,139.671621,幡ヶ谷第三保育園,認可,73,
港区,白金台５丁目,-,東京都港区白金台5－13－28  白金台102号,35.637678,139.722498,Ａｙｌａ  Ｉｎｔｅｒｎａｔｉｏｎａｌ  Ｓｃｈｏｏｌ（ｱｲﾗ ｲﾝﾀｰﾅｼｮﾅﾙｽｸｰﾙ）,認可外,30,
港区,白金台５丁目,-,東京都港区白金台5-13-29  矢島マンション1Ｆ,35.63766,139.722336,はっぴっぴ！白金台園,認可外,12,
港区,白金台５丁目,-,東京都港区白金台5-13-39,35.638812,139.722192,Ｋ space,認可外,123,
港区,白金台５丁目,-,東京都港区白金台５－１５－５  ユーネックストウワインデール２階,35.638011,139.722912,ズー・フォニックス・アカデミー白金校,認可外,,
港区,白金台５丁目,-,東京都港区白金台5－17－1,35.637642,139.723362,HS Care,認可外,20,
港区,白金台５丁目,-,東京都港区白金台5－17－1,35.637642,139.723362,Hayama International School Shirokane,認可外,6,
港区,白金台４丁目,-,東京都港区白金台4-10-8,35.637606,139.724109,ファミリアプリスクール,認可外,60,
港区,白金台４丁目,-,東京都港区白金台4-6-1,35.639883,139.7251395,東大白金ひまわり保育園,認可外,15,
港区,白金台４丁目,-,東京都港区白金台４－６－２,35.639145,139.7267685,みなと保育サポート白金台,認可外,20,
港区,白金台４丁目,-,東京都港区白金台4丁目8番16号ダリアコート白金台1階101号室,35.637579,139.7247435,ポピンズナーサリースクール白金台,認証A,30,
港区,白金台３丁目,-,東京都港区白金台3-16-8  クレール白金台2F,35.636157,139.723245,キッズインターナショナル白金台,認可外,51,
港区,白金台３丁目,-,東京都港区白金台3-4-17,35.635797,139.7275515,ローラスインターナショナルスクールオブサイエンス,認可外,80,
港区,白金台３丁目,-,東京都港区白金台三丁目15番6号2階,35.636499,139.7242845,コンビプラザ白金台保育園,認証A,50,
港区,白金台２丁目,-,東京都港区白金台２－１１－３,35.633196,139.7306925,えほんのもり白金台保育園,認可,21,
港区,白金台２丁目,-,東京都港区白金台２－２６－１０　グリーンオーク高輪台２階,35.631702,139.729995,ニチイキッズ白金台保育園,認可,70,
港区,白金４丁目,-,東京都港区白金４－７－２,35.642871,139.727637,みつばち保育園,認可,30,
港区,白金３丁目,-,東京都港区白金３－１０－１２,35.644896,139.731021,白金保育園,認可,107,
港区,白金３丁目,-,東京都港区白金3-10-12  2階,35.644896,139.731021,みなと保育サポート白金,認可外,27,
港区,白金３丁目,-,東京都港区白金3-13-13  ラ・エスペラーレ1F,35.645049,139.7286405,はっぴっぴ！白金高輪園,認可外,8,
港区,白金３丁目,-,東京都港区白金3-17-17  タイムズコ-ト白金206,35.64414,139.728276,白金キッズワールド,認可外,30,
港区,白金３丁目,-,東京都港区白金3-18-2,35.644437,139.7292525,港区三光保育室,認可外,14,
港区,白金３丁目,-,東京都港区白金３－２－３,35.64666,139.7313225,マリー保育園白金高輪,認可,28,
港区,白金３丁目,-,東京都港区白金3-7-13,35.645913,139.7296485,港区白金三丁目保育室,認可外,14,
港区,白金１丁目,-,東京都港区白金1-11-16,35.64567,139.7333295,港区志田町保育室,認可外,124,
港区,白金１丁目,-,東京都港区白金１－２５－２５,35.643834,139.731462,ニチイキッズさわやか港南保育園,認証A,20,
港区,白金１丁目,-,東京都港区白金１－２６－１０　白金Ｋ－ＦＬＡＴ１階、２階の一部,35.643897,139.7335095,ゆらりん白金保育園,認可,50,
中央区,入船３丁目,-,東京都中央区入船３－５－１０　藤和入船ビル２階,35.670834,139.7762865,ブライト保育園東京入船,認可,50,
中央区,入船１丁目,-,東京都中央区入船１－１－１３,35.673732,139.778154,桜川保育園,認可,115,
中央区,入船１丁目,-,東京都中央区入船1-1-24,35.673435,139.7771055,はぐみっく保育園  八丁堀園,認可外,17,
中央区,日本橋本町３丁目,日八京,東京都中央区日本橋本町３－８－３,35.689356,139.7761245,KIDS  GARDEN  にほんばし,認可外,,
中央区,日本橋堀留町２丁目,-,東京都中央区日本橋堀留町二丁目８番４号　日本橋コアビル１階,35.68851,139.781358,ほっぺるランド日本橋堀留町,認可,70,
中央区,日本橋堀留町１丁目,-,東京都中央区日本橋堀留町１－１－１　２階,35.687538,139.778982,中央区立堀留町保育園,認可,81,
中央区,日本橋富沢町,-,東京都中央区日本橋富沢町１０－１８　ユニゾ東日本橋ビル２階,35.68941,139.7820465,かふう保育園日本橋,認可,70,
中央区,日本橋富沢町,-,東京都中央区日本橋富沢町14-1  北祥ビル1F,35.689545,139.783077,FUTURE児童園・日本橋,認可外,26,
中央区,日本橋富沢町,-,東京都中央区日本橋富沢町２－６,35.687907,139.783743,さくらさくみらい人形町,認可,74,
中央区,日本橋富沢町,-,東京都中央区日本橋富沢町4-1  ミズホビル2階,35.687808,139.782807,まちのてらこや保育園,認可外,34,
中央区,日本橋富沢町,-,東京都中央区日本橋富沢町6-5  アソルティ人形町 １階,35.688258,139.7831355,みらいえインターナショナルスクール人形町,認可外,19,
中央区,日本橋富沢町,-,東京都中央区日本橋富沢町９－１０　稲村ビル１階,35.689473,139.7828385,あい保育園日本橋,認可,60,
中央区,日本橋浜町３丁目,-,東京都中央区日本橋浜町3-3-1トルナーレ日本橋浜町2階,35.684802,139.78836,ニチイキッズさわやか日本橋浜町保育園,認証A,29,
中央区,日本橋浜町３丁目,-,東京都中央区日本橋浜町３－３７－１,35.685477,139.791285,浜町保育園,認可,125,
中央区,日本橋浜町２丁目,-,東京都中央区日本橋浜町2-1-1  田辺浜町ビル1階,35.685405,139.7871225,野菜を好きになる保育園  ベジ・キッズ,認可外,19,
中央区,日本橋浜町２丁目,-,東京都中央区日本橋浜町２－４４－４　第１７村上ビル１・２階,35.687583,139.788126,キッズハウス浜町公園,認可,60,
中央区,日本橋浜町１丁目,-,東京都中央区日本橋浜町１－９－２　日本橋プラヤビル２階,35.690202,139.7877165,あい・あい保育園日本橋浜町園,認可,50,
中央区,日本橋浜町１丁目,-,東京都中央区日本橋浜町1-3-13栗田ビル1F,35.689824,139.786137,コトナキッズ保育園,認可外,21,
中央区,日本橋箱崎町,-,東京都中央区日本橋箱崎町１７番９号　箱崎升喜ビル１・２階,35.680509,139.7851335,コビープリスクールはこざき,認可,70,
中央区,日本橋箱崎町,-,東京都中央区日本橋箱崎町19-21IBM箱崎ビル内1階,35.678673,139.7870955,日本IBM  こがも保育園～ TheWildDucklingNurserySchool～,認可外,3,
中央区,日本橋箱崎町,-,東京都中央区日本橋箱崎町44-7箱崎ＹＭビル,35.681796,139.7889045,グローバルキッズ水天宮前園,認証A,40,
中央区,日本橋大伝馬町,-,東京都中央区日本橋大伝馬町7番３号  ５階,35.689968,139.779558,大伝馬ふれあい保育園,認可外,,
中央区,日本橋人形町３丁目,-,東京都中央区日本橋人形町3-2-5-１F,35.686413,139.7801835,スプリング保育所,認可外,14,
中央区,日本橋人形町３丁目,-,東京都中央区日本橋人形町3-4-14　KDX人形町ビル2階,35.686125,139.7813355,アスク人形町駅前保育園,認証A,40,
中央区,日本橋人形町３丁目,-,東京都中央区日本橋人形町３－５－９  山喜ビル３階,35.686656,139.7810295,アウルインターナショナルスクール  日本橋校,認可外,,
中央区,日本橋人形町３丁目,-,東京都中央区日本橋人形町三丁目７番５号　ＩＫＴビル１～４階,35.686602,139.781349,モニカ人形町園,認可,60,
中央区,日本橋人形町２丁目,-,東京都中央区日本橋人形町２－１４－５,35.684595,139.784823,人形町保育園,認可,105,
中央区,日本橋小伝馬町,-,東京都中央区日本橋小伝馬町１３－７　銀泉日本橋小伝馬町ビル1～４階,35.691165,139.7796075,にじいろ保育園小伝馬町,認可,72,
中央区,日本橋小伝馬町,-,東京都中央区日本橋小伝馬町５－１,35.691093,139.7769255,十思保育園,認可,94,
中央区,日本橋室町２丁目,日八京,東京都中央区日本橋室町2-1-1三井二号館2階,35.686935,139.7730555,キッズスクウェア日本橋室町,認可外,19,
中央区,日本橋久松町,-,東京都中央区日本橋久松町９－４,35.688789,139.7853765,ナーサリールーム　ベリーベアー日本橋,認可,60,
中央区,日本橋茅場町１丁目,-,東京都中央区日本橋茅場町1-13-21,35.680365,139.7807685,花王株式会社メリーズガーデン,認可外,30,
中央区,日本橋蛎殻町２丁目,-,東京都中央区日本橋蛎殻町２－１５－５ 水天宮ＣＰビル１～４階,35.684325,139.7869065,学栄ナーサリー日本橋蛎殻町保育園,認可,156,
中央区,日本橋蛎殻町１丁目,-,東京都中央区日本橋蛎殻町１－１－２,35.680869,139.7834955,日本橋保育園,認可,91,
中央区,日本橋蛎殻町１丁目,-,東京都中央区日本橋蛎殻町一丁目１６番１１号　ユニゾ蛎殻町一丁目ビル１・２階,35.683128,139.7825235,グローバルキッズかきがら園,認可,45,
中央区,日本橋蛎殻町１丁目,-,東京都中央区日本橋蛎殻町一丁目２９番９号 ネオテック水天宮ビル１～２階,35.683137,139.7839005,あい保育園水天宮,認可,90,
千代田区,二番町,-,東京都千代田区二番町２－１　二番町ＴＳビル,35.686818,139.7375955,アスク二番町保育園,認可,100,
千代田区,二番町,-,東京都千代田区二番町７－５,35.685495,139.7351745,二番町ちとせ保育園,認可,100,
港区,南麻布５丁目,-,東京都港区南麻布5-10-24  第2佐野ビル2Ｆ,35.6526,139.72239,広尾キッズワールド,認可外,44,
港区,南麻布５丁目,-,東京都港区南麻布5-1-11Ｑｉｚ広尾3階,35.655084,139.72275,ポピンズナーサリースクール広尾,認証A,33,
港区,南麻布５丁目,-,東京都港区南麻布5-16-13グリーンコア広尾1階,35.651574,139.723623,キッズガーデン広尾,認可外,30,
港区,南麻布５丁目,-,東京都港区南麻布5-6-8,35.653563,139.7266425,ナーサリールーム,認証A,35,
港区,南麻布４丁目,-,東京都港区南麻布４－１１－３０　南麻布渋谷ビル２階,35.647002,139.7271375,太陽の子南麻布保育園,認可,70,
港区,南麻布４丁目,-,東京都港区南麻布４－２－２９－１０１,35.64774,139.724154,南麻布保育園,認可,105,
港区,南麻布４丁目,-,東京都港区南麻布４－６－７,35.650989,139.727385,本村保育園,認可,112,
港区,南麻布３丁目,-,東京都港区南麻布3-11-4,35.648883,139.729167,Ivy  Prep  International School,認可外,-,設定なし
港区,南麻布３丁目,-,東京都港区南麻布3-5-15,35.651061,139.730436,港区緊急暫定保育施設  港区南麻布三丁目保育室,認可外,76,
港区,南麻布２丁目,-,東京都港区南麻布２－１１－１０　ＯＪビル３階,35.647704,139.7357685,あい保育園南麻布,認可,128,
港区,南麻布２丁目,-,東京都港区南麻布2-8-18,35.648451,139.7355885,シャトーデバンビーニモンテッソーリスクール,認可外,60,
港区,南麻布１丁目,-,東京都港区南麻布１－８－１１　東町小学校内,35.650917,139.735872,まなびの森保育園麻布,認可,60,
新宿区,南町,-,東京都新宿区南町２０番地３,35.698356,139.735134,アスク新宿南町保育園,認可,89,
港区,南青山６丁目,-,東京都港区南青山6-13-14,35.65926,139.7148885,ローラスインターナショナルスクールオブ  サイエンス  青山校,認可外,120,
港区,南青山４丁目,-,東京都港区南青山4-1-15  ベルテ南青山Ⅰ104,35.666703,139.7199465,ステラプリスクール南青山,認可外,25,
港区,南青山４丁目,-,東京都港区南青山４－１５－８　南青山２４６ビル,35.664948,139.718304,小学館アカデミー南青山保育園,認可,50,
港区,南青山４丁目,-,東京都港区南青山４－１－６　セブン南青山１階、２階,35.667279,139.7191275,太陽の子南青山保育園,認可,60,
港区,南青山４丁目,-,東京都港区南青山4-19-18,35.663913,139.71654,港区青南保育室,認可外,120,
港区,南青山４丁目,-,東京都港区南青山4-19-5,35.664174,139.7167785,港区第二青南保育室,認可外,94,
港区,南青山４丁目,-,東京都港区南青山4－20－3メゾン・ド・ラーク,35.664579,139.7160855,南青山たんぽぽ保育所,認可外,15,
港区,南青山４丁目,-,東京都港区南青山4-7-11-101,35.665794,139.7189835,COMO EN CASA  青山キッズクラブ,認可外,12,
港区,南青山３丁目,-,東京都港区南青山3-9-5,35.665965,139.7156985,クラレンスインターナショナルスクール,認可外,40,
港区,南青山２丁目,-,東京都港区南青山2-1-1,35.672292,139.7236905,本田技研工業株式会社  一時保育,認可外,18,
港区,南青山２丁目,-,東京都港区南青山2-18-11ARUMAKAN101,35.669133,139.7198025,SOH,認可外,10,
港区,南青山２丁目,-,東京都港区南青山2-7-7,35.670366,139.7227365,MOEGI HOUSE,認可外,10,
港区,南青山２丁目,-,東京都港区南青山2-9-23,35.67024,139.721373,ドリームキッズ  ネットワーク,認可外,42,
港区,南青山１丁目,-,東京都港区南青山１－３－１　パークアクシス青山一丁目タワー２階,35.671788,139.7255175,あい保育園青山一丁目,認可,60,
港区,南青山１丁目,-,東京都港区南青山１－３－１５,35.671509,139.725441,南青山保育園,認可,142,
新宿区,南元町,-,東京都新宿区南元町４,35.681589,139.723713,二葉南元保育園,認可,110,
千代田区,内神田２丁目,-,東京都千代田区内神田２－１－１３,35.689014,139.7683935,ベネッセ内神田保育園,認可,60,
千代田区,内神田２丁目,-,東京都千代田区内神田2-5-2,35.690094,139.7675295,マミーズエンジェル神田駅前保育園,認証A,35,
千代田区,内幸町１丁目,-,東京都千代田区内幸町1-1-1  帝国本館4階,35.672256,139.7583495,帝国ホテルベビールーム,認可外,24,
千代田区,内幸町１丁目,-,東京都千代田区内幸町1-1-5,35.670591,139.7574045,みずほキッズがじゅまる,認可外,33,
渋谷区,道玄坂１丁目,-,東京都渋谷区道玄坂1-14-6  2F,35.657289,139.698315,よつば保育室,認可外,3,
渋谷区,道玄坂１丁目,-,東京都渋谷区道玄坂1－22－12長島第一ビル5階,35.656587,139.6957545,TKヘアメイク＆ネイルスクール,認可外,6,
港区,東麻布２丁目,-,東京都港区東麻布２－１－１,35.658144,139.742568,東麻布保育園,認可,170,
港区,東麻布２丁目,-,東京都港区東麻布2-1-1  4階,35.658144,139.742568,みなと保育サポート東麻布,認可外,20,
港区,東麻布２丁目,-,東京都港区東麻布２－３２－７,35.655957,139.740534,あい・あい保育園麻布十番園,認可,50,
港区,東麻布１丁目,-,東京都港区東麻布１－２１－２,35.655867,139.743549,飯倉保育園,認可,140,
港区,東麻布１丁目,-,東京都港区東麻布1-26-2SERAPH10AZABU1・2階,35.655471,139.744773,ゆらりん東麻布保育園,認証A,47,
港区,東麻布１丁目,-,東京都港区東麻布1-26-2セラフデアザブ3F,35.655471,139.744773,東京international kindercare,認可外,51,
港区,東麻布１丁目,-,東京都港区東麻布１－５－６,35.657874,139.743189,ふたばクラブ東麻布保育園,認可,39,
港区,東麻布１丁目,-,東京都港区東麻布1-8-14  日下部ビル1階,35.65692,139.743171,のぱるキッズ  東麻布,認可外,12,
中央区,東日本橋３丁目,-,東京都中央区東日本橋３－６－１５,35.690535,139.7837655,さくらさくみらい東日本橋,認可,47,
中央区,東日本橋１丁目,-,東京都中央区東日本橋1-3-13,35.690454,139.786011,こどもの王国保育園  東日本橋園,認可外,24,
中央区,東日本橋１丁目,-,東京都中央区東日本橋１－４－６　東日本橋一丁目ビル１・２階,35.691021,139.7861775,テンダーラビング保育園東日本橋,認可,70,
中央区,東日本橋１丁目,-,東京都中央区東日本橋１－５－１３　セイワ東日本橋ビル１～４階,35.691264,139.7860965,日生東日本橋保育園ひびき,認可,90,
千代田区,東神田２丁目,-,東京都千代田区東神田2-3-3  東神田藤和ビル1階,35.696592,139.7796435,かけはし保育園,認可外,12,
千代田区,東神田２丁目,-,東京都千代田区東神田２－６－５　東神田ビル２・３階,35.695845,139.780287,あい保育園東神田,認可,63,
港区,東新橋１丁目,虎ノ門広域,東京都港区東新橋1-1-16  汐留FSビル1F,35.665632,139.760037,カンガルーム汐留,認可外,40,
新宿区,東五軒町,-,東京都新宿区東五軒町５－２４,35.706762,139.740111,東五軒町保育園,認可,174,
渋谷区,東４丁目,-,東京都渋谷区東４－７－８,35.655984,139.713381,渋谷東ちとせ保育園,認可,90,
渋谷区,東３丁目,-,東京都渋谷区東3-18-5  1F,35.649666,139.7095695,LOVE  HUG,認可外,15,
渋谷区,東２丁目,-,東京都渋谷区東２－２０－１８,35.653662,139.709106,氷川保育園,認可,64,
渋谷区,東１丁目,-,東京都渋谷区東1-29-1,35.653509,139.707117,渋谷東しぜんの国こども園,認定こども園,114,
新宿区,天神町,-,東京都新宿区天神町22-3  ルート神楽坂2階,35.705277,139.7310525,繭の糸神楽坂保育園,認可外,30,
中央区,佃３丁目,-,東京都中央区佃３－２－１０  オーケンビル３階,35.66538,139.7865285,ブロッサムズインターナショナルスクール,認可外,-,設定なし
中央区,佃２丁目,-,東京都中央区佃２－１０－９　ライオンズタワー月島　１階,35.666145,139.784436,保育所まぁむ月島駅前園,認可,80,
中央区,佃２丁目,-,東京都中央区佃２－２－２,35.666865,139.7869605,つくだ保育園,認可,131,
中央区,佃２丁目,-,東京都中央区佃二丁目２２番２号,35.666496,139.7867715,みちてる保育園,認可,66,
中央区,佃１丁目,-,東京都中央区佃１－１１－８　ピアウエストスクエアノースウイング２階,35.669709,139.784373,ほっぺるランド佃,認可,92,
中央区,佃１丁目,-,東京都中央区佃1-11-8-251,35.669709,139.784373,オレンジ・インターナショナル・プリスクール,認可外,25,
新宿区,中落合４丁目,-,東京都新宿区中落合４－２５－１９,35.719047,139.6821645,新宿こだま保育園,認可,105,
新宿区,中落合２丁目,-,東京都新宿区中落合２－７－２４,35.717976,139.6939635,中落合第ニ保育園,認可,136,
新宿区,中落合２丁目,-,東京都新宿区中落合２－７－５,35.717886,139.6945755,下落合そらいろ保育園,認可,80,
新宿区,中井２丁目,-,東京都新宿区中井２－８－６,35.71767,139.6861875,獅子吼保育園,認可,80,
新宿区,中井１丁目,-,東京都新宿区中井1-8-12,35.714691,139.683969,新宿区立おちごなかい子ども園,認定こども園,128,
中央区,築地６丁目,-,東京都中央区築地6-19-20  ニチレイ東銀座ビル2階,35.663661,139.774392,MIRAIterrace,認可外,32,
中央区,築地５丁目,-,東京都中央区築地5-1-1  築地宿舎  1Ｆ,35.665542,139.7681055,独立行政法人国立がん研究センターどんぐり保育園,認可外,30,
中央区,築地４丁目,-,東京都中央区築地４－１５－１,35.66646,139.7681325,築地保育園,認可,123,
中央区,築地２丁目,-,東京都中央区築地2-11-5 大倉ビル,35.668728,139.7723535,"サンシャインキッズアカデミー
（Kindergarten&Afterschool）",認可外,60,
中央区,築地１丁目,-,東京都中央区築地1-5-5  クニビル,35.669979,139.771818,サンシャインキッズアカデミー,認可外,55,
中央区,築地１丁目,-,東京都中央区湊１－２－９　ＴＫオフィスビルディング１～４階・地下１階,35.67057158,139.7719876,ＴＫチルドレンズファーム湊校,認可,60,
千代田区,鍛冶町２丁目,-,東京都千代田区鍛治町2-4-2,35.691687,139.7731185,グローバルキッズ神田駅前保育園,認可外,40,
千代田区,大手町２丁目,大丸有,東京都千代田区大手町2-6-2,35.684856,139.7693835,パソナファミリー保育園,認可外,18,
千代田区,大手町１丁目,大丸有,東京都千代田区大手町1-1-1  2F,35.686755,139.7625615,ポピンズナーサリースクール大手町,認可外,30,
千代田区,大手町１丁目,大丸有,東京都千代田区大手町1-5-1  大手町ファーストスクエアWESTタワー1階,35.685594,139.7637945,ワイナKids大手町保育園,認可外,15,
千代田区,大手町１丁目,大丸有,"東京都千代田区大手町1-7-1
読売新聞東京本社3階",35.687133,139.764501,よみかきの森保育園,認可外,15,
千代田区,大手町１丁目,大丸有,東京都千代田区大手町1-9-4  大手町フィナンシャルシティノースタワー,35.688321,139.7656215,クローバー保育園,認可外,10,
渋谷区,大山町,-,東京都渋谷区大山町３９－２０,35.670015,139.676247,Daizawa International School Oyama Campus,認可外,56,
新宿区,大京町,-,東京都新宿区大京町11-22  レジデンス大京町  地下1階,35.684595,139.7181375,慶應義塾保育所,認可外,15,
新宿区,大京町,-,東京都新宿区大京町２９番地,35.682093,139.715514,新宿三つの木保育園もりさんかくしかく,認可,80,
新宿区,大京町,-,東京都新宿区大京町31  マンションヴィップ新宿御苑102,35.681535,139.7146095,ブルジョンキッズスペース,認可外,19,
新宿区,大久保３丁目,-,東京都新宿区大久保３－１１－１,35.708355,139.7060865,大久保第一保育園,認可,116,
新宿区,大久保３丁目,-,東京都新宿区大久保3-4-1  早稲田大学60号館2階,35.70606,139.705821,早稲田大学  学生教職員用託児室,認可外,,
新宿区,大久保３丁目,-,東京都新宿区大久保三丁目８番４号　住友不動産新宿ガーデンタワーアネックス２階,35.708139,139.702941,にじいろ保育園高田馬場南,認可,20,
新宿区,大久保２丁目,-,東京都新宿区大久保2-4-1ヴィルラフィーネ東新宿1階,35.703909,139.7083095,コスモス保育園,認証A,26,
新宿区,大久保２丁目,-,東京都新宿区大久保二丁目１１番５号,35.702433,139.7068695,エイビイシイ保育園,認可,90,
新宿区,大久保１丁目,-,東京都新宿区大久保1-4-1,35.699859,139.706883,大久保わかくさ子ども園,認定こども園,129,
新宿区,大久保１丁目,-,東京都新宿区大久保１－１６－２０,35.700615,139.703013,ほっぺるランド新大久保,認可,57,
新宿区,大久保１丁目,-,東京都新宿区大久保１－８－８  3階,35.698905,139.7046195,あんしんつぼみ保育園,認可外,19,
港区,台場２丁目,-,東京都港区台場2-2-3,35.630019,139.7804175,アスクお台場保育園,認証A,30,
港区,台場１丁目,-,東京都港区台場１－５－１,35.629965,139.777065,台場保育園,認可,131,
渋谷区,代々木神園町,-,東京都渋谷区代々木神園町２-１,35.671788,139.691736,まちのこども園 代々木公園,認定こども園,128,
渋谷区,代々木５丁目,-,東京都渋谷区代々木5-14-16,35.673804,139.688055,代々木至誠こども園,認定こども園,135,
渋谷区,代々木５丁目,-,東京都渋谷区代々木５－１６－４,35.674695,139.688658,聖ヨゼフ保育園,認可,114,
渋谷区,代々木５丁目,-,東京都渋谷区代々木５－７－２,35.669979,139.6884555,グローバルキッズ代々木八幡園,認可,79,
渋谷区,代々木４丁目,-,東京都渋谷区代々木４－２７－６,35.682777,139.691358,太陽の子代々木西参道保育園,認可,131,
渋谷区,代々木４丁目,-,東京都渋谷区代々木４－３７－１５,35.680833,139.6892205,みんなのみらいをつくる保育園初台,認可,30,
渋谷区,代々木４丁目,-,東京都渋谷区代々木４－５０－１３,35.678484,139.691493,参宮橋ちとせ保育園,認可,100,
渋谷区,代々木４丁目,-,東京都渋谷区代々木四丁目31番4号キャッスル新宿2階,35.682687,139.689135,パレット保育園・初台,認証A,40,
渋谷区,代々木３丁目,-,東京都渋谷区代々木3-24-3  新宿スリーケービル1階,35.685225,139.6928745,ダンデライオン保育園,認可外,13,
渋谷区,代々木３丁目,-,東京都渋谷区代々木3-32-13,35.68311,139.69278,渋谷区山谷かきのみ園,認可外,28,
渋谷区,代々木３丁目,-,東京都渋谷区代々木３－５１－８,35.681976,139.6959795,代々木保育園,認可,95,
渋谷区,代々木２丁目,-,東京都渋谷区代々木2-11-2,35.687646,139.6976355,さくら保育園,認可外,3,
渋谷区,代々木２丁目,-,東京都渋谷区代々木2-1-3JR東京総合病院院内保育所,35.685711,139.699773,ぽっぽランドしいの木,認可外,14,
渋谷区,代々木２丁目,-,東京都渋谷区代々木2-1-5  JR南新宿ビル,35.686179,139.699404,キッズハーモニー・新宿,認可外,12,
渋谷区,代々木２丁目,-,東京都渋谷区代々木２ー３５ー１,35.684442,139.697883,キッズハーモニー・よよぎの杜,認可,194,
渋谷区,代々木１丁目,-,東京都渋谷区代々木1-31-1,35.682057,139.702419,ピュア・テンプ代々木,認証A,30,
渋谷区,代官山町,-,東京都渋谷区代官山町17-6  代官山アドレス・ディセ１F,35.649315,139.702842,RISE Japan 代官山,認可外,10,
渋谷区,代官山町,-,東京都渋谷区代官山町７－９,35.650773,139.7050335,代官山保育園,認可,84,
新宿区,早稲田南町,-,東京都新宿区早稲田南町５０,35.705079,139.7222685,早稲田南町保育園,認可,218,
新宿区,早稲田鶴巻町,-,東京都新宿区早稲田鶴巻町５７５－１　早稲田鶴巻町パーク・ホームズ１階,35.708967,139.727781,ほっぺるランド早稲田鶴巻町,認可,60,
渋谷区,千駄ケ谷５丁目,-,東京都渋谷区千駄ヶ谷5-27-11  アグリスクエア新宿12階,35.685711,139.7030535,わ～まま Style Kids ルーム,認可外,19,
渋谷区,千駄ケ谷５丁目,-,東京都渋谷区千駄ヶ谷５ー２４ー５５,35.688654,139.701231,キッズハーモニー・ＮＥＷｏＭａｎ,認可,39,
渋谷区,千駄ケ谷４丁目,-,東京都渋谷区千駄ヶ谷４－２８－８,35.680914,139.703418,鳩の森保育園,認可,67,
渋谷区,千駄ケ谷３丁目,-,東京都渋谷区千駄ヶ谷3-15-3  フィル・パーク北参道Ⅱ  3階,35.676468,139.7069685,マフィス北参道,認可外,27,
渋谷区,千駄ケ谷３丁目,-,東京都渋谷区千駄ヶ谷３－２０－１,35.676972,139.708962,未来のピース保育園,認可外,12,
渋谷区,千駄ケ谷３丁目,-,東京都渋谷区千駄ヶ谷３－２１－５,35.677089,139.7088315,美希保育園北参道,認可,80,
渋谷区,千駄ケ谷３丁目,-,東京都渋谷区千駄ヶ谷３－３４－９,35.677521,139.7070045,千駄ケ谷保育園,認可,76,
渋谷区,千駄ケ谷２丁目,-,東京都渋谷区千駄ヶ谷2-10-5  IBビル1階102,35.675982,139.7101635,こもれび保育園  千駄ヶ谷園,認可外,19,
渋谷区,千駄ケ谷１丁目,-,東京都渋谷区千駄ヶ谷1-25-11,35.679789,139.7092365,きっともっと保育園  千駄ヶ谷,認可外,60,
港区,赤坂９丁目,六本木,東京都港区赤坂9-2-16,35.667765,139.732362,EtonHouseInternational Preschool,認可外,96,
港区,赤坂９丁目,六本木,東京都港区赤坂９－４－２  パークコート赤坂檜町ザタワー２階,35.668206,139.7296755,みなと保育サポート赤坂,認可外,20,
港区,赤坂８丁目,赤坂,東京都港区赤坂８－１２－１６　ＮＯＺＹ　ＡＫＡＳＡＫＡ１階、２階、３階,35.669898,139.730598,太陽の子赤坂保育園,認可,60,
港区,赤坂７丁目,赤坂,東京都港区赤坂7-7-5  赤坂セブンビル１F,35.670798,139.732812,Universal Childcare Akasaka,認可外,18,
港区,赤坂６丁目,赤坂,東京都港区赤坂6-3-18  赤坂パークプラザ1階,35.671023,139.7359125,はなさかす保育園,認可外,19,
港区,赤坂５丁目,赤坂,東京都港区赤坂５－５－２６－１０１,35.671059,139.7340315,赤坂保育園,認可,105,
港区,赤坂４丁目,赤坂,東京都港区赤坂４－７－１５　陽栄光和ビル１階,35.675469,139.7340495,赤坂ちとせ保育園,認可,50,
港区,赤坂１丁目,虎ノ門,東京都港区赤坂1-12-32  アーク森ビル20F,35.667243,139.739994,WithKids,認可外,35,
港区,赤坂１丁目,虎ノ門,東京都港区赤坂1-8-1赤坂インターシティAIR2階,35.670051,139.742703,ポピンズナーサリースクール赤坂,認証A,30,
新宿区,西落合３丁目,-,東京都新宿区西落合3-10-18-104,35.722881,139.681107,NYこどものくに<東京>,認可外,13,
新宿区,西落合３丁目,-,東京都新宿区西落合３－１９－９,35.725356,139.6796175,グローバルキッズ西落合保育園,認可,96,
新宿区,西落合２丁目,-,東京都新宿区西落合２－７－１６　伊勢光ビル３階,35.720352,139.678524,キッズガーデン新宿西落合,認可,50,
新宿区,西落合１丁目,-,東京都新宿区西落合1-31-24,35.719749,139.679595,新宿区立西落合子ども園,認定こども園,115,
港区,西麻布４丁目,-,東京都港区西麻布4－10－1MFビル2階,35.657964,139.7229795,リトルスターキッズクラブ,認可外,20,
港区,西麻布４丁目,-,東京都港区西麻布4-17-2  ヤマグチハウス101,35.659044,139.720104,幼児ルーム  マンマ・マーノ,認可外,15,
港区,西麻布４丁目,-,東京都港区西麻布4-8-12,35.656947,139.7213865,広尾シュタイナーこども園,認可外,24,
港区,西麻布３丁目,-,東京都港区西麻布3-13-1,35.657937,139.724136,さくらインターナショナルスクール麻布校,認可外,18,
港区,西麻布３丁目,-,東京都港区西麻布3-17-3,35.658612,139.7266335,CHATEAU SCHOOL,認可外,130,
港区,西麻布２丁目,-,東京都港区西麻布２－１３－３,35.660799,139.7227275,西麻布保育園,認可,133,
港区,西麻布２丁目,-,東京都港区西麻布２－２－２　ＮＫホームズ１階Ｂ,35.664039,139.7202885,コスモス西麻布保育園,認可,30,
港区,西麻布１丁目,-,東京都港区西麻布1-4-46,35.662149,139.726044,ホームデイケア六本木,認証B,25,
港区,西麻布１丁目,-,東京都港区西麻布1-5-22,35.661726,139.725612,フェニックスキッズ西麻布,認可外,19,
港区,西麻布１丁目,-,東京都港区西麻布１－８－１２  ＭＰＧ西麻布ビル １階,35.660547,139.724964,保育所ちびっこランド西麻布園,認可外,15,
新宿区,西早稲田１丁目,-,東京都新宿区西早稲田1-1-7,35.707446,139.719078,ポピンズナーサリースクール早稲田,認証A,60,
新宿区,西早稲田１丁目,-,東京都新宿区西早稲田１－９－３０,35.710407,139.721265,西早稲田保育園,認可,79,
千代田区,西神田３丁目,-,東京都千代田区西神田３－５－２　千代田ファーストビル西館１階,35.698284,139.752819,ほっぺるランド西神田,認可,70,
千代田区,西神田２丁目,-,東京都千代田区西神田２－６－２,35.698977,139.7548485,西神田保育園,認可,99,
新宿区,西新宿８丁目,-,東京都新宿区西新宿8-12-1  サンパレス新宿ビル 2Ｆ,35.695026,139.6920645,東京医科大学病院  つくしんぼ保育園,認可外,9,
新宿区,西新宿８丁目,-,東京都新宿区西新宿8-3-23-101,35.69733,139.695165,Kid'sroom Puananala,認可外,10,
新宿区,西新宿８丁目,-,東京都新宿区西新宿8-9-16  ＳＲビル（旧フジビル） 1F,35.695755,139.693293,ヤクルト西新宿保育園,認可外,,
新宿区,西新宿７丁目,-,東京都新宿区西新宿7-18-1ＴＯＭＯＥビル2階,35.695566,139.696731,ルーチェ保育園,認証A,30,
新宿区,西新宿６丁目,-,東京都新宿区西新宿6-20-7コンシェリア西新宿タワーズウェスト1Ｆ,35.69265,139.6873575,アスク西新宿保育園,認証A,35,
新宿区,西新宿６丁目,-,東京都新宿区西新宿６－７－３９,35.694279,139.6915605,新宿成子坂愛育園,認可,130,
新宿区,西新宿５丁目,-,東京都新宿区西新宿5-25-11,35.689932,139.6843425,認定こども園新宿ベアーズ,認定こども園,92,
新宿区,西新宿５丁目,-,東京都新宿区西新宿５－５－１,35.693748,139.6869615,グローバルキッズ西新宿園,認可,51,
新宿区,西新宿４丁目,-,東京都新宿区西新宿4-2-15  シティタワー新宿新都心711号,35.690283,139.6860975,医療法人社団  慶潤会  西新宿保育所,認可外,3,
新宿区,西新宿４丁目,-,東京都新宿区西新宿4-35‐5,35.686161,139.687911,新宿区立西新宿子ども園,幼保連携型認定こども園,140,
新宿区,西新宿４丁目,-,東京都新宿区西新宿4-4-1-302,35.690031,139.6853235,ティンクファミリー,認可外,4,
新宿区,西新宿３丁目,-,東京都新宿区西新宿3－19－2,35.683425,139.6878885,DAI★KIDS  初台,認可外,,
新宿区,西新宿２丁目,-,東京都新宿区西新宿2-1-1新宿三井ビル1階,35.691903,139.69395,ポピンズナーサリースクール新宿三井ビル,認可外,19,
新宿区,西新宿２丁目,-,東京都新宿区西新宿2-2-1  京王プラザホテル本館 30階,35.690085,139.694211,リトル・メイト（京王プラザ内）,認可外,15,
新宿区,西新宿１丁目,-,東京都新宿区西新宿1-26-1,35.692722,139.696029,SOMPO KIDS PARK,認可外,30,
港区,西新橋３丁目,虎ノ門,東京都港区西新橋3-13-7  vont虎ノ門1階,35.664462,139.7507985,虎ノ門保育園,認可外,9,
港区,西新橋２丁目,虎ノ門,東京都港区西新橋2-14-1  興和西新橋ビルB棟2階,35.667243,139.7509335,Mori-Kids保育園,認可外,8,
渋谷区,西原３丁目,-,東京都渋谷区西原３－１５－１０,35.670087,139.6796535,グローバルキッズ代々木上原園,認可,79,
渋谷区,西原２丁目,-,東京都渋谷区西原2-46-4,35.672787,139.678623,西原りとるぱんぷきんず,認定こども園,170,
渋谷区,西原２丁目,-,東京都渋谷区西原２－３３－１７,35.674551,139.6764855,さくらさくみらい西原,認可,70,
渋谷区,西原２丁目,-,東京都渋谷区西原2-53-13  代々木大山公園内,35.671356,139.676049,渋谷区立おおやま保育室,認可外,54,
渋谷区,西原１丁目,-,東京都渋谷区西原１ー２２ー２０,35.676396,139.67838,西原保育園ゆめ,認可,106,
渋谷区,西原１丁目,-,東京都渋谷区西原1-40-12,35.675838,139.6814355,渋谷区立西原ほほえみ保育室,認可外,74,
渋谷区,西原１丁目,-,東京都渋谷区西原１－４７－２,35.673876,139.684761,聖ヨゼフ保育園西原,認可,59,
中央区,晴海３丁目,-,東京都中央区晴海３－６－８　スカイリンクタワー２階,35.655687,139.779054,小学館アカデミー晴海保育園,認可,78,
中央区,晴海３丁目,-,東京都中央区晴海三丁目１０番１号　グラスシティ晴海１階,35.654022,139.7792205,アスク晴海３丁目保育園,認可,45,
中央区,晴海２丁目,-,東京都中央区晴海2-4-31,35.654868,139.7839275,中央区立晴海こども園,認定こども園,150,
中央区,晴海２丁目,-,東京都中央区晴海２－５－２４　晴海センタービル１階,35.655444,139.7827215,さくらさくみらい晴海,認可,26,
中央区,晴海２丁目,-,東京都中央区晴海二丁目１番４０号　晴海フロント２階,35.656011,139.7837925,ポピンズナーサリースクール晴海,認可,96,
中央区,晴海１丁目,-,東京都中央区晴海１－５－１５,35.659656,139.784445,晴海保育園,認可,107,
中央区,晴海１丁目,-,東京都中央区晴海1-8-2トリトンスクエア内2階,35.658018,139.7827935,アオバジャパン・バイリンガルプリスクール,認可外,156,
中央区,晴海１丁目,-,東京都中央区晴海1-8-2晴海トリトン3F-15a,35.658018,139.7827935,住友商事チャイルドケア「トリトンすくすくスクエア」,認可外,-,設定なし
中央区,晴海１丁目,-,東京都中央区晴海1-8ー16晴海トリトン2階,35.65755,139.782357,アスク晴海保育園,認証A,60,
新宿区,水道町,-,東京都新宿区水道町1-28  江戸川小学校内,35.707149,139.7364885,保育ルームえどがわ園,認可外,30,
千代田区,神田和泉町,-,東京都千代田区神田和泉町１,35.699157,139.776534,いずみこども園,認可,36,
千代田区,神田淡路町２丁目,-,東京都千代田区神田淡路町２－１０９,35.696808,139.7670075,神田保育園,認可,120,
千代田区,神田淡路町２丁目,-,東京都千代田区神田淡路町２－１２,35.697636,139.7687805,神田淡路町保育園大きなおうち,認可,99,
千代田区,神田須田町１丁目,-,東京都千代田区神田須田町1-25ＪＲ神田万世橋ビル2階,35.696682,139.770117,ココファン・ナーサリー神田万世橋,認証A,35,
千代田区,神田須田町１丁目,-,東京都千代田区神田須田町1-34-1  神田須田町千歳ビル1階,35.694513,139.7699055,神田ミレーネ保育園,認可外,20,
千代田区,神田神保町３丁目,-,東京都千代田区神田神保町3-27,35.694378,139.754862,共立女子学園内託児所,認可外,30,
千代田区,神田神保町２丁目,-,東京都千代田区神田神保町2-20ＳＰ神保町第2ビル1階,35.697141,139.7565585,小学館アカデミー神保町保育園,認証A,40,
千代田区,神田神保町２丁目,-,東京都千代田区神田神保町2-24-6-2F,35.697447,139.757094,もり保育園,認可外,19,
千代田区,神田神保町２丁目,-,東京都千代田区神田神保町2-38  いちご九段ビル202,35.697591,139.754817,Delight保育園,認可外,41,
千代田区,神田佐久間町４丁目,-,東京都千代田区神田佐久間町４－１１－４  グレーシア千代田秋葉原１階・２階,35.697636,139.77981,anton nursery school,認可外,26,
千代田区,神田岩本町,-,東京都千代田区神田岩本町１５－７,35.696727,139.775112,千代田せいが保育園,認可,51,
渋谷区,神泉町,-,東京都渋谷区神泉町7-8  グランドゥ渋谷101,35.655813,139.6933155,カナリヤ保育室,認可外,8,
渋谷区,神山町,-,東京都渋谷区神山町1-2  パークサイド神山201,35.666163,139.6933155,キッズスクウェア代々木公園,認可外,12,
渋谷区,神宮前６丁目,-,東京都渋谷区神宮前６－１０－１４,35.667531,139.705209,神宮前保育園にじ,認可,50,
渋谷区,神宮前６丁目,-,東京都渋谷区神宮前６－１８－２  グランドマンション ２０２,35.664642,139.702995,モンテッソーリ原宿子供の家,認可外,24,
渋谷区,神宮前６丁目,-,東京都渋谷区神宮前6-34-25,35.667558,139.702428,ファミリアプリスクール神宮前,認可外,50,
渋谷区,神宮前５丁目,-,東京都渋谷区神宮前5-6-1,35.666244,139.708161,神宮前あおぞらこども園,認定こども園,123,
渋谷区,神宮前５丁目,-,東京都渋谷区神宮前5-29-9  めぐみハイマンション 102,35.664255,139.7032155,MIRAI  LABO  ∞  KIDS,認可外,45,
渋谷区,神宮前３丁目,-,東京都渋谷区神宮前３－１８－３３,35.670897,139.7092005,渋谷保育園,認可,112,
渋谷区,神宮前３丁目,-,東京都渋谷区神宮前3-38-3  フォルム7110,35.671806,139.713597,ズー・フォニックス・アカデミー表参道校,認可外,15,"各クラス10
～15"
渋谷区,神宮前２丁目,-,東京都渋谷区神宮前2-11-4,35.673975,139.712085,神宮前アマテラス保育園,認可外,12,
新宿区,神楽坂４丁目,-,東京都新宿区神楽坂４－８　神楽坂プラザビル１階,35.702469,139.739751,グローバルキッズ神楽坂園,認可,60,
新宿区,神楽坂１丁目,-,東京都新宿区神楽坂1-2研究社英語センタービル1F,35.699013,139.741056,伸芽’Sクラブ飯田橋,認可外,143,
新宿区,神楽河岸,-,東京都新宿区神楽河岸1番1号セントラルプラザ3階,35.700858,139.7435805,アスク飯田橋保育園,認証A,40,
中央区,新川２丁目,-,東京都中央区新川2-22-3  笹尾ビル2F,35.674218,139.782087,TJ  International Nursery ＆ Preschool,認可外,25,
中央区,新川２丁目,-,"東京都中央区新川2-27-1
東京住友ツインビルディング東館1階",35.673615,139.7844675,すみかキッズとうきょう,認可外,20,
中央区,新川２丁目,-,東京都中央区新川２－３０－３　ＮＭビル１～４階,35.672823,139.7829555,日生新川保育園ひびき,認可,80,
中央区,新川２丁目,-,東京都中央区新川2丁目16番10号プライムアーバン新川3Ｆ,35.675118,139.782573,グローバルキッズ新川園,認証A,40,
中央区,新川１丁目,-,東京都中央区新川１－２６－９　新川イワデビル１・２階,35.676108,139.7841615,あい保育園新川,認可,80,
中央区,新川１丁目,-,東京都中央区新川一丁目２４番１号　ユニゾ新川永代通りビル２階,35.676756,139.785183,太陽の子新川保育園,認可,95,
新宿区,新小川町,-,東京都新宿区新小川町１番８号　こだまビル２階,35.704539,139.743261,太陽の子新小川町保育園,認可,64,
新宿区,新小川町,-,東京都新宿区新小川町3-16-101,35.705439,139.742109,テゾーロインターナショナルスクール,認可外,20,
新宿区,新小川町,-,東京都新宿区新小川町４－１１,35.705601,139.743369,小学館アカデミー飯田橋ガーデン保育園,認可,60,
新宿区,新宿７丁目,-,東京都新宿区新宿7-13-2  笹木ビル１F,35.69841,139.711257,あおぞら保育室,認可外,-,設定なし
新宿区,新宿７丁目,-,東京都新宿区新宿7-26-9フィオ-レ東京3階,35.69805,139.7090655,ふぃおーれ保育室,認可外,18,
新宿区,新宿６丁目,-,東京都新宿区新宿６－２７－５６　新宿スクエアビル２階,35.697087,139.7097855,フロンティアキッズ新宿,認可,48,
新宿区,新宿５丁目,-,東京都新宿区新宿5-18-9  酒井ビル2F,35.694603,139.7058165,たいよう保育園,認可外,20,
新宿区,新宿４丁目,-,東京都新宿区新宿4-1-6  ミライナタワー15階,35.688555,139.7025855,みどりの保育園,認可外,14,
新宿区,新宿３丁目,-,東京都新宿区新宿3-9-5  ゴ-ルドビル5F,35.691282,139.70673,キッズパラダイス新宿,認可外,26,
新宿区,新宿１丁目,-,東京都新宿区新宿1-19-8  サンモール第7ビル2F,35.689788,139.712544,Brighton Nursery School Shinjuku- Gyoen,認可外,48,
港区,新橋６丁目,虎ノ門広域,東京都港区新橋６－１２－４  新橋桜川ビル１～４階,35.661663,139.754295,港区新橋保育室,認可外,90,
港区,新橋６丁目,虎ノ門広域,東京都港区新橋６－４－３　ル・グラシエルビル７号館２階,35.66223,139.754169,こころ新橋保育園,認可,60,
港区,新橋５丁目,虎ノ門広域,東京都港区新橋5-13-7  ４C’S新橋ビル２F,35.662689,139.7567925,きらめき保育園,認可外,8,
港区,新橋５丁目,虎ノ門広域,東京都港区新橋5-9-5ＮTビル2階,35.663472,139.755708,ベビールーム新橋,認可外,-,設定なし
新宿区,信濃町,-,東京都新宿区信濃町20,35.682858,139.719969,新宿区立しなのまち子ども園,認定こども園,116,
新宿区,信濃町,-,東京都新宿区信濃町8外苑北ＳＲＣビル2階,35.682507,139.719231,ぽけっとランド信濃町,認証A,40,
新宿区,上落合１丁目,-,東京都新宿区上落合１－１５－１３,35.715645,139.6931985,ほっぺるランド上落合,認可,84,
新宿区,上落合１丁目,-,東京都新宿区上落合１－５－２　羽場ビルディング１～３階,35.711289,139.6915065,あい保育園落合,認可,117,
新宿区,上落合１丁目,-,東京都新宿区上落合一丁目２６番１９号,35.712738,139.6911105,八幡神社愛育園,認可,76,
渋谷区,上原３丁目,-,東京都渋谷区上原３－３７－９,35.666208,139.676184,さくらさくみらい上原,認可,77,
渋谷区,上原３丁目,-,東京都渋谷区上原3-46-5,35.667783,139.677768,渋谷区立みらい保育室,認可外,30,
渋谷区,上原２丁目,-,東京都渋谷区上原2-2-17,35.66763,139.6841625,薫る風・上原こども園,認定こども園,155,
渋谷区,上原２丁目,-,東京都渋谷区上原2-2４-15,35.664399,139.6805985,まちのこども園 代々木上原,認定こども園,108,
渋谷区,上原２丁目,-,東京都渋谷区上原2-32-5,35.664192,139.6787895,つながりシェア保育園・代々木上原,認可外,31,
渋谷区,上原１丁目,-,東京都渋谷区上原一丁目38番10号,35.669745,139.6835235,ピュア・テンプ代々木上原,認証A,36,
渋谷区,松涛２丁目,-,東京都渋谷区松濤2-2-17  ル・シマン松濤1階,35.661411,139.6883925,ライフリトルグループ  チャイルドケアセンター,認可外,80,
渋谷区,松涛１丁目,-,東京都渋谷区松濤１－２６－６,35.659008,139.693086,大向保育園,認可,98,
中央区,勝どき６丁目,-,東京都中央区勝どき６－１－９,35.656335,139.7743245,勝どきえほん保育園,認可,90,
中央区,勝どき６丁目,-,東京都中央区勝どき六丁目３番１号　ザ･トーキョータワーズシータワー３階,35.654949,139.774644,ニチイキッズさわやか勝どき６丁目保育園,認可,105,
中央区,勝どき５丁目,-,東京都中央区勝どき５－１－１７　勝どきザ・リバーフロント２階,35.658198,139.772403,ベネッセ勝どき保育園,認可,45,
中央区,勝どき５丁目,-,東京都中央区勝どき５－２－１５　ＥＤＧＥ勝どき１・２階,35.657217,139.7733525,ほっぺるランド新島橋かちどき,認可,114,
中央区,勝どき４丁目,-,東京都中央区勝どき四丁目８番１４号,35.656938,139.7756025,アスク勝どき保育園,認可,80,
中央区,勝どき３丁目,-,東京都中央区勝どき3-12-1  フォアフロントタワー1階,35.658819,139.7740635,東京インターナショナルスクール  勝どきキンダーガーテン,認可外,84,
中央区,勝どき３丁目,-,東京都中央区勝どき三丁目３番７号　ＫＮリバーシティ２階,35.659278,139.7749365,まなびの森保育園勝どき,認可,70,
中央区,勝どき３丁目,-,東京都中央区勝どき三丁目４番４号,35.659035,139.7757735,ほっぺるランド勝どき,認可,130,
中央区,勝どき１丁目,-,"東京都中央区勝どき1-3-1
アパートメンツタワー勝どき2階",35.660736,139.77684,小学館アカデミー勝どきこども園,認定こども園,114,
中央区,勝どき１丁目,-,東京都中央区勝どき1-1-1プラザ勝どき1階,35.661132,139.7764395,ニチイキッズさわやかプラザ勝どき保育園,認証A,60,
中央区,勝どき１丁目,-,東京都中央区勝どき１－４－１,35.660349,139.7772,勝どき保育園,認可,133,
中央区,勝どき１丁目,-,東京都中央区勝どき１－８－１　３階,35.659764,139.7766735,かちどき西保育園,認可,120,
渋谷区,初台２丁目,-,東京都渋谷区初台２－１３－１１,35.676531,139.6833975,ゆめの樹保育園はつだい,認可,71,
渋谷区,初台２丁目,-,東京都渋谷区初台２－１７－２２,35.677476,139.684689,初台保育園,認可,117,
渋谷区,渋谷２丁目,-,東京都渋谷区渋谷2-10-10-6F,35.660034,139.7063745,クオーツキッズルーム,認可外,15,
渋谷区,渋谷１丁目,-,東京都渋谷区渋谷１－１８－９,35.661861,139.7046285,ベネッセ美竹の丘保育園,認可,64,
渋谷区,渋谷１丁目,-,東京都渋谷区渋谷区桜丘町26-1セルリアンタワ-東急ホテル3階,35.66181035,139.7040407,セルリアンタワーポピンズキッズルーム,認可外,10,
新宿区,若葉３丁目,-,東京都新宿区若葉3-10-10,35.682372,139.7251395,インターナショナル・モンテッソーリ・ミライ・キンダーガーテン,認可外,62,
新宿区,若葉１丁目,-,東京都新宿区若葉１－９,35.686125,139.726107,グローバルキッズ若葉園,認可,42,
新宿区,若松町,-,東京都新宿区若松町15-8  モアリッシェル東新宿1階,35.698149,139.7146905,ZERO Nursery,認可外,12,
新宿区,若松町,-,東京都新宿区若松町33-1リエール若松町1階,35.700741,139.720752,フロンティアキッズ夏目坂,認証A,22,
港区,芝大門１丁目,-,東京都港区芝大門1-4-4  ノア芝大門701、702,35.658585,139.7545695,Baby  Room  かわい,認可外,9,
港区,芝公園３丁目,虎ノ門,東京都港区芝公園3-6-25,35.660007,139.7438055,Sｔ.Alban’ｓ  Nursery    聖オルバンナーサリー,認可外,20,
港区,芝公園２丁目,-,東京都港区芝公園2-12-10,35.653788,139.7504925,港区芝公園二丁目保育室,認可外,80,
港区,芝公園２丁目,-,東京都港区芝公園２－７－３,35.654202,139.750605,芝公園保育園,認可,154,
港区,芝公園２丁目,-,東京都港区芝公園2-8-2  小貝ビル2F,35.654607,139.7511495,Star Kids インターナショナルプレスクール,認可外,74,
港区,芝公園１丁目,-,東京都港区芝4-16-1カテリーナ三田1階,35.65801708,139.7515459,プチ・ナーサリー田町,認証A,40,
港区,芝浦４丁目,-,東京都港区芝浦４－１７－３　芝浦ＮＡビル３階,35.637057,139.7471445,デイジー保育園芝浦,認可,24,
港区,芝浦４丁目,-,東京都港区芝浦4-10-1キャピタルマークタワー2階,35.641125,139.74678,ポピンズナーサリースクール芝浦,認証A,34,
港区,芝浦４丁目,-,東京都港区芝浦４－１２－２８,35.639541,139.749066,アスク芝浦４丁目保育園,認可,60,
港区,芝浦４丁目,-,東京都港区芝浦４－１２－３８  CANAL GATE SHIBUYA１階,35.640954,139.7489805,アオバジャパン・バイリンガルプリスクール  芝浦キャンパス,認可外,50,
港区,芝浦４丁目,-,東京都港区芝浦４－２０－１,35.640414,139.752522,芝浦アイランドこども園,認定こども園,191,
港区,芝浦４丁目,-,東京都港区芝浦4-6-8  田町ファーストビル2階,35.639235,139.7449755,港区芝浦橋保育室,認可外,223,
港区,芝浦４丁目,-,東京都港区芝浦四丁目22番2号エアテラス2階,35.641188,139.7528055,アンジェリカ保育園芝浦園,認証A,40,
港区,芝浦３丁目,-,東京都港区芝浦３－１－１６,35.645112,139.7501505,しばうら保育園,認可,248,
港区,芝浦３丁目,-,東京都港区芝浦３－１１－６  芝浦Ｋビル４階,35.642745,139.749912,ズー・フォニックス・アカデミー芝浦校,認可外,10,
港区,芝浦３丁目,-,東京都港区芝浦3-1-21  msbTamachiステーションタワーS25階,35.645265,139.749651,ディア・キッズたまち,認可外,20,
港区,芝浦３丁目,-,東京都港区芝浦3－１６－１中野興産ビル2階3階,35.642187,139.749732,伸芽'Sクラブ田町,認可外,135,
港区,芝浦３丁目,-,東京都港区芝浦３－２０－２　山楽ビル２階、３階,35.642232,139.74651,太陽の子芝浦三丁目保育園,認可,54,
港区,芝浦３丁目,-,東京都港区芝浦3-4-1グランパ-クプラザ棟2階,35.643762,139.745574,港区たまち保育室,認可外,172,
港区,芝浦２丁目,-,東京都港区芝浦２－１７－９　大友ビル１階,35.645166,139.7526975,太陽の子芝浦二丁目保育園,認可,60,
港区,芝浦２丁目,-,東京都港区芝浦２－３－３１　第二高取ビル２階,35.644095,139.754511,にじのいるか保育園芝浦,認可,60,
港区,芝浦１丁目,-,東京都港区芝浦１－２－２　シーバンスアモール３階,35.649558,139.7565405,太陽の子シーバンス保育園,認可,99,
港区,芝浦１丁目,-,東京都港区芝浦１－６－４１　グローバルフロントタワー１階,35.64711,139.755348,アンジェリカ田町保育園,認可,60,
港区,芝浦１丁目,-,東京都港区芝浦１－９－７　芝浦おもだかビル２階、３階,35.648127,139.753512,太陽の子芝浦一丁目保育園,認可,66,
港区,芝５丁目,-,東京都港区芝５－１８－１－１０１,35.648226,139.7476395,芝保育園,認可,168,
港区,芝５丁目,-,東京都港区芝5-29-11,35.646507,139.744773,ゆーぐりん保育園,認可外,12,
港区,芝５丁目,-,東京都港区芝五丁目29番22号ライオンズプラザ・フェリス三田1階,35.646336,139.744656,三田プチ･クレイシュ,認証A,33,
港区,芝２丁目,-,東京都港区芝２－１－２７　穴水ビル２階　,35.653311,139.7510775,ニチイキッズ芝公園保育園,認可,21,
港区,芝２丁目,-,東京都港区芝２－１２－１６,35.651538,139.7526165,アスク芝公園保育園,認可,60,
新宿区,市谷薬王寺町,-,東京都新宿区市谷薬王寺町５１,35.696169,139.7246895,アスク薬王寺保育園,認可,74,
新宿区,市谷薬王寺町,-,東京都新宿区市谷薬王寺町75  ル・ロゾー102,35.696538,139.726476,牛込保育園ラパン,認可外,12,
新宿区,市谷本村町,-,東京都新宿区市谷本村町２－１０,35.690247,139.7315205,ポピンズナーサリースクール四ッ谷,認可,61,
新宿区,市谷長延寺町,-,東京都新宿区市谷長延寺町８,35.694036,139.7342205,長延保育園,認可,74,
新宿区,市谷仲之町,-,東京都新宿区市谷仲之町3-16  高木ハウス102.103号室,35.695107,139.722264,フロンティアキッズ市ヶ谷,認可外,18,
新宿区,市谷仲之町,-,東京都新宿区市谷仲之町3-34遠藤ビル１階,35.695143,139.72293,Meducare Bambino,認可外,30,
新宿区,市谷台町,-,東京都新宿区市谷台町１－３　モデラート１階,35.693154,139.7205945,ニチイキッズ曙橋保育園,認可,65,
新宿区,市谷船河原町,-,東京都新宿区市谷船河原町１番地,35.697267,139.7396925,ぽけっとランド市ヶ谷保育園,認可,122,
新宿区,市谷加賀町２丁目,-,東京都新宿区市谷加賀町2-4-27,35.697006,139.7283165,フロンティアキッズ加賀町,認可外,30,
千代田区,四番町,-,東京都千代田区四番町５－８,35.688303,139.7366055,四番町保育園,認可,97,
新宿区,四谷４丁目,-,東京都新宿区四谷4-17,35.689176,139.7162655,新宿区立大木戸子ども園,認定こども園,219,
新宿区,四谷２丁目,-,東京都新宿区四谷2-6,35.686458,139.7250225,新宿区立四谷子ども園,幼保連携型認定こども園,167,
港区,三田５丁目,-,東京都港区三田５－４－３　三田プラザビル３階,35.647668,139.738914,太陽の子三田五丁目保育園,認可,60,
港区,三田４丁目,-,東京都港区三田４－１９－３０,35.640351,139.738779,伊皿子坂保育園,認可,155,
港区,三田４丁目,-,東京都港区三田4-9-7BPRレジデンス三田伊皿子坂2階,35.641503,139.737852,ポピンズナーサリースクール高輪,認証A,36,
港区,三田２丁目,-,東京都港区三田２－１７－２９  グランデ三田３階,35.647434,139.740156,"Ｆｕｔｕｒｅ  Ｍｅ，  Ｆｕｔｕｒｅ  Ｕｓ
フューチャーミー  フューチャーアス",認可外,-,設定なし
港区,三田２丁目,-,東京都港区三田2-21-8,35.648586,139.7382705,アイ  インターナショナルスクール,認可外,42,
港区,三田２丁目,-,東京都港区三田２－７－７  芳和三田綱坂ビル２階,35.651772,139.744314,Go Global Inter Kids,認可外,-,設定なし
港区,三田２丁目,-,東京都港区三田二丁目7番13号,35.651457,139.7445885,ゆらりん三田保育園,認証A,30,
港区,三田１丁目,-,東京都港区三田１－２－１８　ＴＴＤ　ＰＬＡＺＡビル２階,35.655057,139.740669,太陽の子三田保育園,認可,70,
港区,三田１丁目,-,東京都港区三田1-3-31  FORECAST三田３階,35.654598,139.7433195,クランテテ三田,認可外,100,
港区,三田１丁目,-,東京都港区三田１－３－３１　Ｆｏｒｅｃａｓｔ三田２階,35.654598,139.7433195,あい保育園赤羽橋,認可,60,
港区,三田１丁目,-,東京都港区三田1-4-17,35.653698,139.7436435,東京都済生会中央病院  「のぞみ保育所」,認可外,26,
港区,三田１丁目,-,東京都港区三田1-4-3,35.653698,139.742442,国際医療福祉大学三田病院  どんぐり保育園,認可外,12,
渋谷区,笹塚３丁目,-,東京都渋谷区笹塚３－３６－１３,35.67717,139.665897,笹塚保育園,認可,83,
渋谷区,笹塚３丁目,-,東京都渋谷区笹塚3-42-7,35.679744,139.669038,酒井保育室,認証B,23,
渋谷区,笹塚２丁目,-,東京都渋谷区笹塚２－３１－８,35.674497,139.6636965,保育園うさぎとかめ,認可,123,
渋谷区,笹塚２丁目,-,東京都渋谷区笹塚2-34-4-101,35.674713,139.664988,ベビールーム  フレア,認可外,16,
渋谷区,笹塚２丁目,-,東京都渋谷区笹塚2丁目29番4号,35.674272,139.661955,フジキ保育室,認証B,26,
渋谷区,笹塚１丁目,-,東京都渋谷区笹塚１－２７－１,35.672211,139.667166,笹塚第二保育園,認可,121,
渋谷区,笹塚１丁目,-,東京都渋谷区笹塚１－３２－５,35.672067,139.666707,さくらさくみらい　笹塚,認可,80,
渋谷区,笹塚１丁目,-,東京都渋谷区笹塚1-37-11  パラス笹塚2,35.672436,139.665213,やしのき保育園,認可外,12,
渋谷区,桜丘町,-,東京都渋谷区桜丘町２３－２１,35.65548,139.699917,さくら上宮保育園,認可,70,
渋谷区,桜丘町,-,東京都渋谷区桜丘町２６－１  セルリアンタワー７階,35.656353,139.699593,GMO  Bearrs  ジーエムオー・ベアーズ,認可外,17,
新宿区,左門町,-,東京都新宿区左門町6-7鯉江ビル2階,35.686224,139.7204685,Dr.MOM Nursery School,認可外,40,
千代田区,麹町５丁目,-,東京都千代田区麹町5-7-1  ダイビル２階,35.68302,139.7340045,マッシュの森保育園,認可外,8,
港区,高輪４丁目,-,東京都港区高輪4-10-30  品川プリンスホテル,35.627625,139.7367045,だっこルーム,認可外,20,
港区,高輪４丁目,-,東京都港区高輪４－１０－３１品川プリンスレジデンス１F,35.627247,139.735296,キンダーキッズインターナショナルスクール品川校,認可外,127,
港区,高輪４丁目,-,東京都港区高輪4-4-7,35.627391,139.7318355,高輪シュタイナーこども園,認可外,10,
港区,高輪４丁目,-,東京都港区高輪4-5-3,35.627418,139.732209,TOEアカデミー  高輪校,認可外,35,
港区,高輪３丁目,-,東京都港区高輪３－１８－１５,35.63316,139.7357145,高輪保育園,認可,155,
港区,高輪３丁目,-,東京都港区高輪3－19－36,35.633376,139.7371725,港区桂坂保育室,認可外,290,
港区,高輪３丁目,-,東京都港区高輪3-21-7  レガロ高輪1階,35.63253,139.7354445,ローラスインターナショナルスクールオブ  サイエンス  高輪校,認可外,108,
港区,高輪３丁目,-,東京都港区高輪３－２５－３３　長田ビル３階,35.631963,139.7378925,高輪夢保育園,認可,70,
港区,高輪２丁目,-,東京都港区高輪２－６－２１,35.636166,139.733307,さくらさくみらい高輪,認可,48,
港区,高輪１丁目,-,東京都港区高輪１－１６－１５　自動車部品会館２階,35.640909,139.733478,高輪さつき保育園,認可,38,
港区,高輪１丁目,-,東京都港区高輪1-17-13-101,35.640081,139.7331495,カンガルーのぽけっと,認可外,-,設定なし
港区,高輪１丁目,-,東京都港区高輪１－２７－４０,35.636697,139.7319885,愛星保育園,認可,65,
港区,高輪１丁目,-,東京都港区高輪１－５－３８　ＨＵＧ高輪１階、２階,35.641755,139.7367945,ゆらりん高輪保育園,認可,101,
港区,高輪１丁目,-,東京都港区高輪１－６－９,35.642322,139.7353275,みなと保育園,認可,63,
新宿区,高田馬場４丁目,-,東京都新宿区高田馬場4-36-12,35.709633,139.696434,しんえい子ども園もくもく,認定こども園,161,
新宿区,高田馬場４丁目,-,東京都新宿区高田馬場4丁目23番28号ヒルズISHIDA1Ｆ,35.710245,139.7020635,キッズパオ高田馬場あおぞら園,認証A,30,
新宿区,高田馬場３丁目,-,東京都新宿区高田馬場3-12-5  セブンビル2階,35.713197,139.7009925,どみそ保育園,認可外,45,
新宿区,高田馬場３丁目,-,東京都新宿区高田馬場３丁目１番５号　花川第２ビル１階、２階,35.714547,139.704021,保育所まぁむ高田馬場駅前園,認可,75,
新宿区,高田馬場３丁目,-,東京都新宿区高田馬場三丁目４０番３号,35.712639,139.6960785,オルト保育園,認可,122,
新宿区,高田馬場２丁目,-,東京都新宿区高田馬場2-12-6  トーヨービル1階,35.713287,139.7075715,ママズスマイル高田馬場,認可外,-,設定なし
新宿区,高田馬場２丁目,-,東京都新宿区高田馬場2-1-2ＴＯＨＭＡ高田馬場2階,35.711739,139.7096415,ぴっころきっず西早稲田,認証A,37,
新宿区,高田馬場２丁目,-,東京都新宿区高田馬場2-16-11高田馬場216ビル2階,35.714412,139.705443,アスク高田馬場保育園,認証A,39,
新宿区,高田馬場１丁目,-,東京都新宿区高田馬場1-14-8  千代田ビル2号館,35.709435,139.7059695,アオバジャパン・バイリンガルプリスクール  早稲田キャンパス,認可外,130,
新宿区,高田馬場１丁目,-,東京都新宿区高田馬場１－１６－２６,35.711082,139.7074095,にじいろ保育園高田馬場東,認可,72,
新宿区,高田馬場１丁目,-,東京都新宿区高田馬場１－４－１７,35.710974,139.709169,高田馬場第ニ保育園,認可,105,
新宿区,高田馬場１丁目,-,東京都新宿区高田馬場一丁目２４－１６　内田ビル１階,35.711775,139.7052405,にじいろ保育園高田馬場西,認可,24,
新宿区,荒木町,-,東京都新宿区荒木町6-4ベルロジエ201,35.689509,139.723218,アイビー・チルドレンズルーム,認可外,8,
港区,港南４丁目,-,東京都港区港南４－１－８　リバージュ品川２階,35.630541,139.7467035,グローバルキッズ港南保育園,認可,99,
港区,港南４丁目,-,東京都港区港南４－２－３－１０１,35.629677,139.748058,こうなん保育園,認可,153,
港区,港南４丁目,-,東京都港区港南４-２-４都営住宅1F,35.630199,139.74768,港区港南四丁目保育室,認可外,46,
港区,港南４丁目,-,東京都港区港南４-２-４都営住宅1F,35.630199,139.74768,みなと保育サポート港南四丁目,認可外,20,
港区,港南４丁目,-,東京都港区港南４－２－５　シティタワー品川　西棟２・３階,35.630955,139.7480355,ニチイキッズさわやか梅島保育園,認証A,80,
港区,港南４丁目,-,東京都港区港南４－３－７,35.630946,139.7497005,たかはま保育園,認可,163,
港区,港南４丁目,-,東京都港区港南４－６－７,35.627499,139.75065,ベネッセ港南保育園,認可,60,
港区,港南４丁目,-,東京都港区港南４－７－３７　港南緑水公園内,35.629749,139.7516715,ゆらりん港南緑水保育園,認可,61,
港区,港南３丁目,-,東京都港区港南3-5-10パークタワー品川ベイワード1階,35.634096,139.7480625,まほうの保育園,認可外,50,
港区,港南３丁目,-,東京都港区港南3-5-16  港南日成ビル1Ｆ,35.632881,139.747473,キッズインターナショナル品川,認可外,37,
港区,港南２丁目,-,東京都港区港南２－１６－６　ＣａｎｏｎＳタワー,35.625618,139.7401335,ふたばクラブ港南保育園,認可,29,
港区,港南２丁目,-,東京都港区港南2丁目3番13号品川フロントビルキッズ館2F,35.629056,139.7443185,アンジェリカ保育園品川園,認証A,40,
港区,港南２丁目,-,東京都港区高輪三丁目26番27号,35.628516,139.738536,コンビプラザ品川保育園,認証A,24,
港区,港南１丁目,-,東京都港区港南１－６－２７　ＳＳＪ品川ビル２階,35.629569,139.745349,ゆらりん港南保育園,認可,60,
港区,港南１丁目,-,東京都港区港南１－８－２３,35.629704,139.7444985,ゆらりんはぁと保育園,認可,40,
渋谷区,広尾５丁目,-,東京都渋谷区広尾5-17-11-2F,35.649702,139.7201985,保育室  エデュ.21,認可外,135,
渋谷区,広尾５丁目,-,東京都渋谷区広尾５－７－１,35.649567,139.722012,広尾保育園,認可,106,
渋谷区,広尾５丁目,-,東京都渋谷区広尾5-7-4  広尾公園内,35.648604,139.72194,渋谷区立広尾ひだまり保育室,認可外,46,
渋谷区,広尾５丁目,-,東京都渋谷区広尾5丁目8番2号渋谷区立広尾子育て支援センター3階,35.648604,139.7209185,エンゼル・ルーム,認証B,20,
渋谷区,広尾４丁目,-,東京都渋谷区広尾４－１－１,35.652978,139.718529,広尾上宮保育園,認可,97,
渋谷区,広尾４丁目,-,東京都渋谷区広尾4-1-1,35.652978,139.718529,日本赤十字社医療センター  院内保育所「さくらんぼ」,認可外,5,
千代田区,五番町,-,東京都千代田区五番町5-6ビラカーサ五番町101号,35.689896,139.736187,ピノキオ幼児舎番町園,認証A,26,
港区,虎ノ門４丁目,虎ノ門,東京都港区虎ノ門４－３－１ー４階,35.66475,139.7431125,ナーサリールーム  ミライズ,認可外,21,
港区,虎ノ門３丁目,虎ノ門,東京都港区虎ノ門３－１９－１３　虎ノ門スピリットビル３階,35.663067,139.746861,グローバルキッズ虎ノ門保育園,認可,56,
港区,虎ノ門２丁目,虎ノ門,東京都港区虎の門２－２－２  虎の門病院  １０階,35.669214,139.7464335,虎の門病院  虎の子保育園,認可外,21,
新宿区,戸塚町,-,東京都新宿区戸塚町1-103  早稲田大学99号館1階,35.708112,139.7209725,早稲田大学学生・教職員用託児室,認可外,30,
新宿区,戸山２丁目,-,東京都新宿区戸山2-26-101,35.704323,139.71177,新宿区立戸山第一子ども園,認定こども園,110,
新宿区,戸山２丁目,-,東京都新宿区戸山２－１８－１０１,35.702118,139.712283,戸山第ニ保育園,認可,111,
新宿区,戸山２丁目,-,東京都新宿区戸山2-34-101,35.702145,139.710618,茶々ひがしとやま子ども園,認定こども園,170,
新宿区,戸山１丁目,-,東京都新宿区戸山１-２１-１,35.702253,139.716639,しんじゅくいるまこども園,認定こども園,143,
新宿区,戸山１丁目,-,東京都新宿区戸山1-21-1  第2教育研修棟301,35.702253,139.716639,(独）国立国際医療研究センター  あさがお保育園,認可外,5,
新宿区,原町２丁目,-,東京都新宿区原町２丁目４３番地,35.698923,139.7238165,原町みゆき保育園,認可,160,
港区,元麻布３丁目,-,"東京都港区元麻布3－12－36
R-mind  Moto Azabu",35.656083,139.731183,ohana international school  オハナインターナショナルスクール,認可外,10,
港区,元麻布３丁目,-,東京都港区元麻布3-1-6  101室,35.658126,139.728465,ユニコーンキッズインターナショナルスクール,認可外,12,
港区,元麻布３丁目,-,東京都港区元麻布３－２－１９　ＭＯＭＯＮ六本木ビル２階,35.657379,139.727367,あい保育園元麻布,認可,60,
港区,元麻布３丁目,-,東京都港区元麻布3-4-23  A.R.T元麻布2F,35.655669,139.727421,キッズガーデンプレップスクール元麻布,認可外,-,設定なし
港区,元麻布２丁目,-,東京都港区元麻布２－３－３０  元麻布クレストビル１階,35.653914,139.727196,"ジンボリーインターナショナルプリスクール＆アフタースクール  元麻布
（広尾）教室",認可外,24,
渋谷区,元代々木町,-,東京都渋谷区元代々木町24-1,35.670663,139.6858545,なでしこ保育園,認証B,26,
渋谷区,元代々木町,-,東京都渋谷区元代々木町５１－１９,35.673318,139.686678,元代々木保育園,認可,89,
港区,元赤坂１丁目,赤坂,東京都港区元赤坂1-5-8  虎屋第二ビル7階,35.677467,139.7335995,キッズスクウェア赤坂見附,認可外,30,
中央区,月島４丁目,-,東京都中央区月島4-18-3クイーンズハウス1階,35.659539,139.782042,ピノキオ幼児舎月島園,認証A,20,
中央区,月島４丁目,-,東京都中央区月島4-8-10,35.660268,139.7819835,ヤクルト  晴海保育園,認可外,22,
中央区,月島４丁目,-,東京都中央区月島四丁目４番１１号,35.660844,139.7834145,さくらさくみらい　月の岬,認可,65,
中央区,月島４丁目,-,東京都中央区月島四丁目５番８号,35.66052,139.783392,月島聖ルカ保育園,認可,102,
中央区,月島３丁目,-,東京都中央区月島3-1-11,35.663787,139.7794635,ポピンズナーサリースクール月島,認証A,30,
中央区,月島３丁目,-,東京都中央区月島３－２６－１１　レジデンスシャルマン月島１階,35.661816,139.778748,月島雲母保育園,認可,50,
中央区,月島３丁目,-,東京都中央区月島３－３０－３  平成ビル５階、６階,35.660835,139.7794545,アウルインターナショナルスクール  月島校,認可外,,
中央区,月島２丁目,-,東京都中央区月島２－１０－３,35.66322,139.7838915,月島保育園,認可,128,
中央区,月島２丁目,-,東京都中央区月島２－１４－１２  月島セントラルビル４階・５階,35.662653,139.7828835,ラーニングトゥリー月島キャンパス,認可外,170,
中央区,月島２丁目,-,東京都中央区月島2丁目18番2号,35.66223,139.784508,さくらさくみらい　月島,認証A,36,
中央区,月島２丁目,-,東京都中央区月島二丁目１３番５号　オルフェ月島ビル２・３階,35.662833,139.7835225,アンジェリカ月島保育園,認可,100,
中央区,月島１丁目,-,東京都中央区月島1-2-13ワイズビルディング1階,35.665605,139.7829285,マミーズエンジェル月島保育園,認証A,33,
中央区,月島１丁目,-,東京都中央区月島一丁目3番2号佃権月島ビル3階,35.664867,139.7838285,ちゃいれっく月島駅前保育園,認証A,50,
中央区,月島１丁目,-,東京都中央区月島一丁目５番２号　キャピタルゲートプレイス２階,35.664111,139.783554,太陽の子月島保育園,認可,95,
渋谷区,恵比寿南２丁目,-,東京都渋谷区恵比寿南2-19-7  VORT恵比寿 Dual's402,35.64342,139.709349,キッズルーム  フェリース,認可外,5,
渋谷区,恵比寿南１丁目,-,東京都渋谷区恵比寿南１－１３－２,35.645625,139.7102625,Prime International School,認可外,44,
渋谷区,恵比寿南１丁目,-,東京都渋谷区恵比寿南1-14-10-2F,35.644977,139.709979,ウィズダムアカデミー恵比寿校,認可外,-,設定なし
渋谷区,恵比寿西２丁目,-,東京都渋谷区恵比寿西2-15-12,35.650215,139.7056365,渋谷区立代官山えびすにし保育室,認可外,36,
渋谷区,恵比寿西２丁目,-,東京都渋谷区恵比寿西２－８－１,35.649954,139.707342,恵比寿保育園,認可,108,
渋谷区,恵比寿西１丁目,-,東京都渋谷区恵比寿西１－２０－６  K&S恵比寿ビル２階,35.646417,139.7067255,プリムローズ,認可外,26,
渋谷区,恵比寿西１丁目,-,東京都渋谷区恵比寿西1-16-12,35.648856,139.7071665,聖マリアン保育園,認可外,-,設定なし
渋谷区,恵比寿西１丁目,-,東京都渋谷区恵比寿西1-19-1,35.64693,139.7065725,恵比寿のびのびこども園,認定こども園,118,
渋谷区,恵比寿４丁目,-,東京都渋谷区恵比寿４－１１－６,35.645337,139.714272,キッズルームここるく,認可外,5,
渋谷区,恵比寿４丁目,-,東京都渋谷区恵比寿4-12-12,35.644887,139.7135835,ピュア・テンプ恵比寿,認証A,30,
渋谷区,恵比寿４丁目,-,東京都渋谷区恵比寿4-20-1  サッポログループ本社棟  B1F,35.643141,139.7145375,ポピンズナーサリースクール恵比寿ホップキッズ,認可外,25,
渋谷区,恵比寿４丁目,-,東京都渋谷区恵比寿4-20-2恵比寿ｶﾞ-ﾃﾞﾝﾃﾗｽ弐番館1階・2階,35.642286,139.714659,ポピンズアクティブラーニングインターナショナルスクール,認可外,-,設定なし
渋谷区,恵比寿３丁目,-,東京都渋谷区恵比寿3-16-5,35.643789,139.7185425,Luce Felice,認可外,15,
渋谷区,恵比寿３丁目,-,東京都渋谷区恵比寿３－９－２０  恵比寿ガーデンイーストビル２階,35.643996,139.715892,Pegasus International School,認可外,35,
渋谷区,恵比寿２丁目,-,東京都渋谷区恵比寿2-34-10,35.646849,139.721886,都立広尾病院内  保育室,認可外,12,
渋谷区,恵比寿２丁目,-,東京都渋谷区恵比寿2-5-8サンクオーレ恵比寿1階,35.647587,139.7177865,TOEアカデミー,認可外,35,
渋谷区,恵比寿１丁目,-,東京都渋谷区恵比寿１－２７－１０,35.647596,139.71645,新橋保育園,認可,114,
千代田区,九段北４丁目,-,東京都千代田区九段北４－２－２９　セブンアネックス１～３階,35.692524,139.7384685,クレアナーサリー市ヶ谷,認可,78,
千代田区,九段北４丁目,-,東京都千代田区九段北4-2-29セブンアネックスビル4F,35.692524,139.7384685,ウィズダムアカデミー市ヶ谷飯田橋校,認可外,50,
千代田区,九段北４丁目,-,東京都千代田区九段北4-2-29セブンアネックスビル4F,35.692524,139.7384685,GSA  Wisdom International School市ヶ谷飯田橋校,認可外,12,
千代田区,九段北４丁目,-,東京都千代田区九段北四丁目2番地22号市ヶ谷スポーツプラザ1階,35.691822,139.73715,保育園ドルチェ,認証A,40,
千代田区,九段北１丁目,-,東京都千代田区九段北1-14-6,35.695818,139.7491605,日本工営本社事業所内託児所N－ Kids,認可外,15,
千代田区,九段南４丁目,-,東京都千代田区九段南4-7-22  ラ・メゾンドシャルー 602,35.69121,139.7391525,レインボールーム,認可外,-,設定なし
千代田区,九段南１丁目,-,東京都千代田区三崎町2-2-12  塩谷ビル1階,35.69393006,139.7537114,ニチイキッズちよだ水道橋保育園,認可外,18,
千代田区,九段南１丁目,-,東京都千代田区神田司調2-16,35.69393006,139.7537114,マミーズエンジェル千代田保育園,認可外,20,
中央区,銀座７丁目,-,東京都中央区銀座7-15-18  銀ビル1階,35.667459,139.765482,キッズ花花  銀座店,認可外,-,設定なし
中央区,銀座６丁目,-,東京都中央区銀座6-16-12  丸高ビル8F,35.667972,139.765662,mama glad,認可外,30,
中央区,銀座６丁目,-,東京都中央区銀座6-16-5  さ可井小川ビル3階,35.667711,139.76604,ウイ  インターナショナルプリスクール,認可外,28,
中央区,銀座６丁目,-,東京都中央区銀座6-16-5銀座さ可井・小川ビル2階,35.667711,139.76604,ナーサリーウイ,認可外,-,設定なし
中央区,銀座４丁目,-,東京都中央区銀座4-12-15歌舞伎座タワー15階,35.669421,139.767903,どわんご保育園,認可外,,
中央区,銀座４丁目,-,東京都中央区銀座4-6-16,35.671302,139.7657295,キッズスクウェア銀座三越,認可外,12,
中央区,銀座２丁目,-,東京都中央区銀座2－12－3ライトビル2階,35.672148,139.770036,あんふぁにぃ,認可外,46,
中央区,銀座１丁目,-,東京都中央区銀座1-25-3京橋プラザ区民館等複合施設1階,35.673147,139.771593,ポピンズナーサリースクール京橋,認証A,40,
中央区,京橋３丁目,日八京,東京都中央区京橋3-1-1東京スクエアガーデン3階,35.676072,139.7687625,キッズスクウェア東京スクエアガーデン,認可外,30,
中央区,京橋２丁目,日八京,東京都中央区京橋2-17-7,35.676198,139.773393,中央区立京橋こども園,認定こども園,69,
千代田区,紀尾井町,赤坂,東京都千代田区紀尾井町1-3  東京ガーデンテラス紀尾井町  紀尾井タワー,35.679582,139.736898,HUTTE,認可外,13,
千代田区,紀尾井町,赤坂,東京都千代田区紀尾井町4-1  ホテルニュ-オ-タニザ・メイン3階,35.679402,139.735638,ホテルニューオータニ  ベビールーム,認可外,8,
千代田区,紀尾井町,赤坂,東京都千代田区紀尾井町7-1,35.683362,139.73202,上智大学託児室,認可外,,
千代田区,岩本町１丁目,-,東京都千代田区岩本町1-6-3  岩本町163ビル2階,35.691696,139.7769615,さくらインターナショナルスクール千代田校,認可外,54,
千代田区,丸の内３丁目,大丸有,東京都千代田区丸の内3-4-1  新国際ビル1階,35.676468,139.761936,企業主導型保育施設  コトフィス新国際ビル,認可外,23,
千代田区,丸の内２丁目,大丸有,東京都千代田区丸の内２－１－１  明治安田生命ビル １階,35.678979,139.762143,Ｓｔａｒｔｕｐ  Ｈｕｂ  Ｔｏｋｙｏ  キッズルーム,認可外,4,
千代田区,丸の内２丁目,大丸有,東京都千代田区丸ノ内2-3-2  郵船ビル,35.681499,139.762719,郵船チャイルドケア  丸ノ内保育室,認可外,,
千代田区,丸の内２丁目,大丸有,東京都千代田区丸の内2-7-3,35.678574,139.7649105,キッズスクウェア丸の内東京ビル,認証A,22,
千代田区,丸の内１丁目,大丸有,東京都千代田区丸の内1-4-1丸の内永楽ビルディング2階,35.684397,139.764825,キッズスクウェア丸の内永楽ビル,認証A,26,
千代田区,丸の内１丁目,大丸有,東京都千代田区丸ノ内1-6-5丸ノ内北口ビルディング 2F-202,35.683965,139.76694,ポピンズナーサリースクール丸ノ内,認可外,65,
千代田区,丸の内１丁目,大丸有,東京都千代田区丸ノ内1-9-2グラントウキョウサウスタワ-,35.678601,139.7673945,リクルート事業所内保育園Ａｎｄ’ｓ（アンズ）,認可外,28,
千代田区,外神田４丁目,-,東京都千代田区外神田4-14-1  秋葉原ＵＤＸ4階,35.700516,139.7726145,ワイナKids秋葉原保育園,認可外,25,
千代田区,外神田３丁目,-,東京都千代田区外神田3-4-7,35.701281,139.769874,小学館アカデミー昌平保育園,認可外,25,
千代田区,外神田２丁目,-,東京都千代田区外神田2-17-4ビルデンス石村1階,35.701281,139.7675745,保育室「愛の園」,認証A,34,
港区,海岸３丁目,-,東京都港区海岸3-5-13  五色橋ビル1階,35.636571,139.7516085,港区五色橋保育室,認可外,15,
港区,海岸１丁目,-,東京都港区海岸一丁目1番アクティ汐留2階,35.658027,139.758687,アスク汐留保育園,認証A,30,
新宿区,改代町,-,東京都新宿区改代町26番1号,35.707815,139.734324,ソラスト神楽坂,認証A,40,
千代田区,霞が関３丁目,虎ノ門広域,東京都千代田区霞が関3-3-２新霞が関ビル１０１B,35.671896,139.746456,あっぷるキッズかすみがせき,認可外,,
千代田区,霞が関３丁目,虎ノ門広域,東京都千代田区霞ヶ関3-2-2,35.671383,139.7486475,文部科学省共済組合かすみがせき保育室,認可外,31,
千代田区,霞が関２丁目,虎ノ門広域,東京都千代田区霞が関2-1-3中央合同庁舎第3号館,35.675964,139.750164,ココファン・ナーサリー霞が関,認証A,21,
新宿区,河田町,-,東京都新宿区河田町１０番１３号,35.697519,139.717962,至誠会保育園,認可,180,
新宿区,河田町,-,東京都新宿区河田町3-16  河田町コンフォガ-デン施設C棟,35.696349,139.7201265,早稲田フロンティアキッズ,認可外,64,
新宿区,河田町,-,東京都新宿区河田町3-29プラウドフラット新宿河田町1階,35.696556,139.7214945,フロンティアキッズ河田町,認証A,27,
新宿区,歌舞伎町１丁目,-,東京都新宿区歌舞伎町1-15-1  吉本ビル2F,35.693946,139.702446,わんぱくランド,認可外,15,
新宿区,歌舞伎町１丁目,-,東京都新宿区市ヶ谷田町2-2  ニッセイ市谷田町ビル2階,35.69379756,139.7034401,ニチイキッズニッセイみらい市ヶ谷保育園,認可外,36,
新宿区,歌舞伎町１丁目,-,東京都新宿区新宿区河田町8-5,35.69379756,139.7034401,東京女子医科大学附属病院内  保育所,認可外,25,
新宿区,歌舞伎町１丁目,-,東京都新宿区北山伏１－２,35.69379756,139.7034401,ほっぺるランド牛込,認可,115,
新宿区,下落合４丁目,-,東京都新宿区下落合4-3-7,35.717049,139.6963035,モンテッソーリ下落合  こどもの家,認可外,18,
新宿区,下落合２丁目,-,東京都新宿区下落合2-10-20,35.717382,139.701042,新宿せいが子ども園,認定こども園,177,
新宿区,下落合１丁目,-,東京都新宿区下落合１－９－１０,35.715915,139.6986615,キッズタウン下落合保育園,認可,131,
新宿区,下落合１丁目,-,東京都新宿区下落合1丁目16番地7号,35.716068,139.6950795,ぽっぽのいえほいくえん,認証A,40,
渋谷区,鴬谷町,-,東京都渋谷区鴬谷町２－１６,35.65404,139.70448,ほっぺるランド渋谷,認可,90,
渋谷区,猿楽町,-,東京都渋谷区猿楽町17-21,35.649729,139.69926,キッズガーデンプレップスクール代官山,認可外,-,設定なし
新宿区,榎町,-,東京都新宿区榎町４３－１　ユニゾ神楽坂ビル２階、３階,35.704539,139.7286405,ほっぺるランド神楽坂,認可,122,
新宿区,榎町,-,東京都新宿区榎町72番地フォートリス早稲田1階,35.704935,139.728753,メリーポピンズ神楽坂ルーム,認証A,26,
千代田区,永田町２丁目,赤坂,東京都千代田区永田町2-11-1  山王パークタワー6階,35.673201,139.740615,企業主導型保育施設  コトフィス山王パークタワー,認可外,17,
千代田区,永田町２丁目,赤坂,東京都千代田区永田町2丁目1番2号衆議院第二議員会館内,35.675532,139.742937,キッズスクウェア永田町,認証A,34,
渋谷区,宇田川町,-,東京都渋谷区宇田川町37-10麻仁ビル渋谷2階,35.662104,139.695624,松涛キッズワールド,認可外,40,
渋谷区,宇田川町,-,東京都渋谷区宇田川町３８－４,35.661951,139.69611,渋谷もりのこ保育園神南,認可,103,
千代田区,一番町,-,東京都千代田区一番町１０－８　一番町ウエストビル,35.686557,139.73976,ポピンズナーサリースクール一番町,認可,80,
千代田区,一番町,-,東京都千代田区一番町22番地3  アデックス一番町2階,35.688573,139.740183,"Belinda Nursery School
（ベリンダ保育園）",認可外,25,
千代田区,一番町,-,東京都千代田区一番町４,35.687898,139.7427705,麹町保育園,認可,100,
新宿区,愛住町,-,東京都新宿区愛住町６,35.689095,139.720104,グローバルキッズ愛住町園,認可,80,
