指標名,スポーツ施設,,,,,
出典,NAVITIME,,,,,
年次,2020/3/9取得,,,,,
URL,https://www.navitime.co.jp/,,,,,
備考,シムや運動施設。マッサージ施設も含まれている気がするので必要であれば来年精査,,,,,
,,,,,,
区,町丁,エリア,住所,緯度,経度,施設名
港区,六本木７丁目,六本木,東京都港区六本木7-18-8 第3大栄ビル 4F,35.662122,139.729275,BODY ARCHI(ボディアーキ) 六本木店
港区,六本木７丁目,六本木,東京都港区六本木7-4-4 アートシェルビル 3F,35.665569,139.72878,Magma spastudio insea(マグマ スパスタジオ インシー) 六本木店
港区,六本木７丁目,六本木,東京都港区六本木7丁目10-3,35.664651,139.729077,SIXPAD・STATION六本木
港区,六本木７丁目,六本木,東京都港区六本木7-15-17,35.662293,139.729626,シェイプス六本木本店
港区,六本木６丁目,六本木,東京都港区六本木6-10-3 グランドハイアット東京 5F,35.659638,139.7286045,NAGOMISPA AND FITNESS(ナゴミスパアンドフィットネス)
港区,六本木６丁目,六本木,東京都港区六本木6-6-9 ピラミデビルB1F,35.661888,139.731462,TIPNESS(ティップネス) 六本木店
港区,六本木６丁目,六本木,東京都港区六本木6-4-1 六本木ヒルズ・メトロハット/ハリウッドプラザB2F,35.661339,139.7301345,トータル・ワークアウト 六本木ヒルズ店
港区,六本木６丁目,六本木,東京都港区六本木6-4-1 六本木ヒルズ・メトロハット/ハリウッドプラザ3F,35.661339,139.7301345,フィールサイクル 六本木ヒルズ店
港区,六本木５丁目,六本木,東京都港区六本木5丁目1-1,35.662905,139.732542,CANDYGYM
港区,六本木４丁目,六本木,東京都港区六本木4丁目12-12,35.664714,139.731633,パーソナルジムボディーク(Bodyke)六本木店
港区,六本木３丁目,六本木,東京都港区六本木3丁目18-12,35.661573,139.737303,BEEFMANworkout
港区,六本木３丁目,六本木,東京都港区六本木3-17-10 六本木デュープレックスタワーB1F,35.66187,139.736862,ライザップ 六本木店
港区,六本木１丁目,虎ノ門,東京都港区六本木1-6-1,35.664597,139.7394315,エスフォルタ六本木
港区,六本木１丁目,虎ノ門,東京都港区六本木1丁目6-1,35.664597,139.7394315,クレビック(CREBIQ)
千代田区,六番町,-,東京都千代田区六番町13-2 桃園学園ビル,35.686224,139.732101,ゴールドジム 四ツ谷東京
新宿区,揚場町,-,東京都新宿区揚場町,35.70232561,139.7428197,コナミスポーツクラブ 飯田橋
千代田区,有楽町１丁目,大丸有,東京都千代田区有楽町1-2-2 日比谷シャンテ別館B1-B2階,35.673066,139.7599245,メガロス日比谷シャンテ
中央区,明石町,-,東京都中央区明石町8-1 聖路加タワー B2F,35.667,139.7786445,東急スポーツオアシス聖路加ガーデン店
中央区,湊１丁目,-,東京都中央区湊1-1-2 桜川屋上公園内,35.673507,139.779657,桜川ゲートボール場
港区,麻布台３丁目,-,東京都港区麻布台3-5-7 麻布アメレックスビル1F,35.659935,139.740372,ワールドウィング麻布
港区,麻布十番４丁目,-,東京都港区麻布十番4丁目5-1,35.65368,139.7373255,新広尾公園投球場
港区,麻布十番３丁目,-,東京都港区麻布十番3-7-5 マスコビル弐番館304,35.653644,139.7350125,麻布ボディメイキングボックス
港区,麻布十番２丁目,-,"東京都港区麻布十番2-3-9 桂亭ビル4,5F",35.655408,139.73508,ISEA BODY STYLE(イセアボディスタイル) 麻布十番
港区,麻布十番２丁目,-,東京都港区麻布十番2-16-4 プラスワンビル2F,35.654211,139.735611,JOYFIT+(ジョイフィットプラス) 麻布十番
港区,麻布十番２丁目,-,東京都港区麻布十番2丁目13-10,35.654733,139.73499,THEPOPEYEPersonalClub本店
港区,麻布十番２丁目,-,東京都港区麻布十番2-10-3 マイスクエアビル2F,35.654661,139.734648,スポーツクラブJOYFIT 麻布十番
港区,麻布十番２丁目,-,東京都港区麻布十番2-13-5,35.654652,139.7351655,メガロスルフレ麻布十番
港区,麻布十番２丁目,-,東京都港区麻布十番2-9-2 B1F,35.655066,139.734459,美コア東京スタジオ POWERED BY Reebok(パワード バイ リーボック)
港区,麻布十番１丁目,-,東京都港区麻布十番1-7-5 フェスタ麻布B2F,35.656443,139.734846,オレンジセオリー・フィットネス麻布十番
港区,麻布十番１丁目,-,東京都港区麻布十番1-7-1 MGB麻布十番3F,35.656632,139.734504,basi(バシ)ピラティス 麻布十番スタジオ
港区,麻布十番１丁目,-,東京都港区麻布十番1-7-3 藤原ビルディング6F,35.656569,139.7348865,Evolv Azabu Studio(エヴォルヴ アザブスタジオ)
港区,麻布十番１丁目,-,東京都港区麻布十番1-5-18 カートプラン麻布十番5F,35.656551,139.7337165,HOT STEP(ホットステップ)麻布十番店
港区,麻布十番１丁目,-,東京都港区麻布十番1-11-3,35.655831,139.7363445,オズ-麻布
港区,麻布十番１丁目,-,東京都港区麻布十番1丁目5-18,35.656551,139.7337165,スタジオボディデザイン
渋谷区,本町１丁目,-,東京都渋谷区本町1-51-14 SHOWN HATSUDAI 2F,35.682165,139.684968,ANYTIME FITNESS(エニタイムフィットネス) 渋谷初台店
渋谷区,本町１丁目,-,東京都渋谷区本町1-10-1,35.680122,139.683852,カーブス渋谷初台
渋谷区,本町１丁目,-,東京都渋谷区本町1-17-11 STCビル3F、4F,35.678853,139.681017,パーソナルトレーニングスタジオ SWITCH(スイッチ)
港区,北青山３丁目,-,東京都港区北青山3-5-17 R&M701,35.66646,139.7122335,24/7Workout 表参道店
港区,北青山３丁目,-,東京都港区北青山3-5-20 FURLA 青山本店4階,35.665749,139.7127375,FURLA yoga(フルラヨガ)
港区,北青山２丁目,-,東京都港区北青山2-8-44 TEPIA B2F,35.672994,139.716981,東急スポーツオアシス青山店
新宿区,北新宿３丁目,-,東京都新宿区北新宿3-20,35.70246,139.6891665,北新宿多目的運動広場
新宿区,北新宿１丁目,-,東京都新宿区北新宿1-1-10 岩田ビル 2F,35.69841,139.696677,24/7Workout 新宿西口店
新宿区,北新宿１丁目,-,東京都新宿区北新宿1丁目6-21,35.70039,139.6957275,ヌンサヤームジム
中央区,豊海町,-,東京都中央区豊海町3-19,35.653491,139.771665,豊海テニス場
千代田区,平河町２丁目,-,東京都千代田区平河町2丁目16-1,35.679465,139.741272,adidas RUNBASE
千代田区,富士見２丁目,-,東京都千代田区富士見2-10-2 飯田橋グラン・ブルーム サクラテラス 1F,35.698914,139.743828,Re.Ra.Ku(リラク)
千代田区,富士見２丁目,-,東京都千代田区富士見2-10-2 飯田橋グラン・ブルーム サクラテラス 1F,35.698914,139.743828,セントラルスポーツ ジムスタ
渋谷区,富ケ谷２丁目,-,東京都渋谷区富ヶ谷2丁目41-10,35.666838,139.684698,ワークアウトイサミ
渋谷区,富ケ谷１丁目,-,東京都渋谷区富ヶ谷1-35-20 2F,35.667369,139.688487,クオリア代々木公園
新宿区,百人町４丁目,-,東京都新宿区百人町4-1,35.707878,139.7007945,西戸山公園
新宿区,百人町２丁目,-,東京都新宿区百人町2-23-25,35.70417,139.696569,GENスポーツアカデミー
千代田区,飯田橋１丁目,-,東京都千代田区飯田橋1-12-12 九段大和エステート1-3F,35.698446,139.748895,ANYTIME FITNESS(エニタイムフィットネス) 九段下店
千代田区,飯田橋１丁目,-,東京都千代田区飯田橋1丁目3-7,35.69805,139.749903,パーソナルスタジオBee
千代田区,飯田橋１丁目,-,東京都千代田区飯田橋1丁目7-4,35.69913,139.748517,パーソナルトレーニングジムgis
中央区,八丁堀４丁目,-,東京都中央区八丁堀4-9-13 ニチレックビル2階,35.674227,139.7769975,FASTGYM24(ファストジム トゥエンティフォー) 八丁堀店
中央区,八丁堀３丁目,-,東京都中央区八丁堀3-17-9,35.674866,139.7758275,京華スクエア
中央区,八丁堀２丁目,-,東京都中央区八丁堀2-30-16 T&Yビル 2・3F,35.675982,139.778802,TRY Fitness & Sports Space(トライ フィットネス アンド スポーツ スペース)
中央区,八重洲２丁目,日八京,東京都中央区八重洲2-1 八重洲地下街 B2F,35.679906,139.769433,エクササイズコーチ 八重洲店
渋谷区,幡ケ谷２丁目,-,東京都渋谷区幡ヶ谷2-7-2 幡ヶ谷ニューセンタービル5階,35.677728,139.677507,FASTGYM24(ファストジム トゥエンティフォー) 幡ヶ谷店
渋谷区,幡ケ谷２丁目,-,東京都渋谷区幡ヶ谷2丁目2-10,35.679042,139.678911,カーブス渋谷幡ヶ谷
渋谷区,幡ケ谷１丁目,-,東京都渋谷区幡ヶ谷1-7-5 タカヤナギビル2F,35.675919,139.6733715,ターゲットワン新宿店
港区,白金台５丁目,-,東京都港区白金台5-14-1,35.638569,139.722714,そらよんボルダリングジム
港区,白金台４丁目,-,東京都港区白金台4-5-7 サンストン白金台203,35.638614,139.727043,ボディバランシング 白金台
港区,白金台３丁目,-,東京都港区白金台3-16-8 クレール白金台1F・2F,35.636157,139.723245,メガロス 白金台
新宿区,馬場下町,-,東京都新宿区馬場下町62-13-14 二見早稲田ビル2階,35.706465,139.7193615,FASTGYM24(ファストジム トゥエンティフォー) 早稲田店
中央区,日本橋本町４丁目,日八京,東京都中央区日本橋本町4-5-14 本町ビル 1F,35.690526,139.7743065,A.R.M.TOKYO(エーアールエムトウキョウ) 日本橋ジム
中央区,日本橋本町２丁目,日八京,東京都中央区日本橋本町2-1-1 武田グローバル本社ビルB1F,35.68761,139.774536,ティップネス日本橋スタイル
中央区,日本橋本町２丁目,日八京,東京都中央区日本橋本町2丁目3-5,35.687646,139.775409,LBodymakeStudio
中央区,日本橋本町１丁目,日八京,東京都中央区日本橋本町1-4-9 ミヤギ日本橋ビル 1・2F,35.686494,139.776363,ANYTIME FITNESS(エニタイムフィットネス) 日本橋本町店
中央区,日本橋浜町３丁目,-,東京都中央区日本橋浜町3-3-1 トルナーレ日本橋浜町 1F(113),35.684802,139.78836,ANYTIME FITNESS(エニタイムフィットネス) 日本橋浜町
中央区,日本橋浜町２丁目,-,東京都中央区日本橋浜町2-59-1,35.687817,139.7893905,中央区総合スポーツセンター
中央区,日本橋馬喰町２丁目,-,東京都中央区日本橋馬喰町2-3-2 セントピアビル1F,35.695431,139.782267,ANYTIME FITNESS(エニタイムフィットネス) 日本橋馬喰町店
中央区,日本橋人形町１丁目,-,東京都中央区日本橋人形町1-4-10 人形町センタービル2階,35.685801,139.781772,FASTGYM24(ファストジム トゥエンティフォー) 人形町店
中央区,日本橋小伝馬町,-,東京都中央区日本橋小伝馬町3-10 上嘉ビル 3F,35.690625,139.7779155,筋錬処ジクブレブ
中央区,日本橋小伝馬町,-,東京都中央区日本橋小伝馬町5-1,35.691093,139.7769255,十思スクエア
中央区,日本橋２丁目,日八京,東京都中央区日本橋2-2-20 日本橋仲通りビル 6F,35.682039,139.771944,CREBIQ(クレビック) 東京日本橋店
中央区,日本橋２丁目,日八京,東京都中央区日本橋2-5-1 日本橋高島屋S.C.新館4F,35.681337,139.7738295,ニュートラルワークス.ニホンバシ 日本橋高島屋S.C.店
中央区,日本橋１丁目,日八京,東京都中央区日本橋1-7-6 日本橋日興美装ビル2F,35.683263,139.7755935,ヨガスタジオ シャンティ201
千代田区,日比谷公園,-,東京都千代田区日比谷公園1-5,35.673174,139.7540115,SPORTS STATION Hibiya Park(スポーツ ステーション ヒビヤ パーク)
港区,南麻布５丁目,-,東京都港区南麻布5丁目15-20,35.651259,139.7224395,XBODYLab広尾
港区,南麻布５丁目,-,東京都港区南麻布5丁目6-33,35.652465,139.727754,港区立 麻布運動場
港区,南麻布５丁目,-,東京都港区南麻布5-6-41,35.652267,139.727295,東京ローンテニスクラブ(一般財団法人)
港区,南麻布４丁目,-,東京都港区南麻布4-12-4 プラチナコート広尾B1F,35.647281,139.7246445,エニタイムフィットネス 広尾店
港区,南麻布３丁目,-,東京都港区南麻布3丁目3-25,35.649873,139.7315205,加圧トレーニングスタジオバイタル(studioVital)
港区,南麻布２丁目,-,東京都港区南麻布2-11-10 OJビル1F・B1,35.647704,139.7357685,ANYTIME FITNESS(エニタイムフィットネス) 南麻布2丁目店
港区,南麻布２丁目,-,東京都港区南麻布2丁目5-21,35.649936,139.7371005,加圧マスターサロンOZ
渋谷区,南平台町,-,東京都渋谷区南平台町13-15 南平台ハイツ102,35.655021,139.6959885,Shapes(シェイプス)&シェイプス ガール 渋谷本店
渋谷区,南平台町,-,東京都渋谷区南平台町13-15,35.655021,139.6959885,株式会社Shapes(シェイプス)
港区,南青山７丁目,-,東京都港区南青山7丁目12-12,35.657811,139.7184075,ジョイフィット24南青山
港区,南青山６丁目,-,東京都港区南青山6-2-2,35.661177,139.715217,ゴールドジム南青山東京
港区,南青山６丁目,-,東京都港区南青山6-1-3 コレッツィオーネ B1F,35.66259,139.7163195,セントラルフィットネスクラブ 南青山
港区,南青山５丁目,-,東京都港区南青山5-12-27 WISE512ビル 401,35.661483,139.712589,チャームボディ表参道本店
港区,南青山４丁目,-,東京都港区南青山4-24-4,35.662761,139.718151,ARTISANPersonalTraining
港区,南青山３丁目,-,東京都港区南青山3-8-40 青山センタービル1F/B1F,35.667486,139.7150505,b-monster AOYAMA(ビーモンスターアオヤマ)
港区,南青山３丁目,-,東京都港区南青山3-14-2,35.66574,139.71456,BODYDirector
港区,南青山３丁目,-,東京都港区南青山3-13-18 313南青山ビル B1F,35.66547,139.713372,FEELCYCLE Omotesando(フィールサイクル表参道)
港区,南青山３丁目,-,東京都港区南青山3-4-8 トレディカーサB1,35.667036,139.717386,ボディリペア青山
港区,南青山２丁目,-,東京都港区南青山2丁目21番12号,35.668953,139.7185605,青山運動場
千代田区,内神田２丁目,-,東京都千代田区内神田2-10-7 プレミアステージ内神田2F,35.691183,139.767777,ジムセントラル24神田
千代田区,内神田２丁目,-,東京都千代田区内神田2-1-8,35.689122,139.767543,千代田区立スポーツセンター
千代田区,内神田２丁目,-,東京都千代田区内神田2丁目1-8,35.689122,139.767543,千代田区立スポーツセンター弓道場
千代田区,内神田１丁目,-,東京都千代田区内神田1-2-1 2F,35.69004,139.765014,Body Produce AXIS 大手町店
千代田区,内神田１丁目,-,東京都千代田区内神田1-13-1 豊島屋ビル B2F,35.69103,139.7651445,BOULCOM(ボルコム) 東京店
千代田区,内神田１丁目,-,東京都千代田区内神田1-8-1 三井ビル1F,35.69013,139.766697,ラフィネ ランニングスタイル神田店
渋谷区,道玄坂２丁目,-,東京都渋谷区道玄坂2丁目9-10,35.658846,139.6980315,スポーツプラス
中央区,東日本橋３丁目,-,東京都中央区東日本橋3丁目8-1,35.6913,139.78395,SPORTSINSYNC.
港区,東新橋２丁目,虎ノ門広域,東京都港区東新橋2-3-17,35.662257,139.758102,D-MAXSTUDIO
港区,東新橋１丁目,虎ノ門広域,東京都港区東新橋1-9-1 東京汐留ビルディング Pedi汐留内 2F,35.663013,139.7612925,FEELCYCLE Shiodome(フィールサイクル汐留)
港区,東新橋１丁目,虎ノ門広域,東京都港区東新橋1-9-1 コンラッド東京 29F,35.663013,139.7612925,水月スパ&フィットネス
渋谷区,東３丁目,-,東京都渋谷区東3-20-2 KIビル B1F,35.650251,139.708935,J&S Bouldering Gym(ジェイアンドエス ボルダリング ジム)
中央区,佃２丁目,-,東京都中央区佃2-2-9,35.669097,139.786407,フィットネス&スパNAS リバーシティ21
中央区,佃１丁目,-,東京都中央区佃1-11-5,35.669268,139.783113,ミミフィットネスクラブリバーシティ
中央区,築地３丁目,-,東京都中央区築地3-9-10 築地ビルディング2階,35.668026,139.7730375,FASTGYM24(ファストジム トゥエンティフォー) 築地店
千代田区,大手町２丁目,大丸有,東京都千代田区大手町2-1-1,35.685099,139.766184,コナミスポーツクラブグランサイズ大手町
千代田区,大手町１丁目,大丸有,東京都千代田区大手町1-9-2 大手町フィナンシャルシティ グランキューブ B1F,35.68878,139.764564,SPA大手町FITNESS CLUB
新宿区,大久保３丁目,-,東京都新宿区大久保3-10-1,35.708391,139.7044125,カーブスオレンジコート高田馬場
新宿区,大久保３丁目,-,東京都新宿区大久保3-5-1,35.706987,139.705425,新宿スポーツセンター
新宿区,大久保３丁目,-,東京都新宿区大久保3丁目5-1,35.706987,139.705425,新宿区立総合体育館屋内プール
新宿区,大久保３丁目,-,東京都新宿区大久保3-7-42,35.706555,139.7021355,大久保スポーツプラザ
新宿区,大久保１丁目,-,東京都新宿区大久保1-3-15 アクロス東新宿 2F,35.700723,139.707639,ANYTIME FITNESS(エニタイムフィットネス) 東新宿店
渋谷区,代々木神園町,-,東京都渋谷区代々木神園町1-1,35.676009,139.703175,全日本弓道連盟中央道場 明治神宮武道場 至誠館 第二弓道場
渋谷区,代々木５丁目,-,東京都渋谷区代々木5-66-3,35.671491,139.69053,ゴールドジム 代々木公園PREMIUM(プレミアム)
渋谷区,代々木２丁目,-,東京都渋谷区代々木2-6-7 セイチビル 6F,35.687988,139.698999,CREBIQ(クレビック) 新宿店
渋谷区,代々木２丁目,-,東京都渋谷区代々木2-1-5 JR南新宿ビル1F,35.686179,139.699404,ジェクサー・フィットネス&スパ 新宿
渋谷区,代々木２丁目,-,東京都渋谷区代々木2-20-12,35.686044,139.6968435,和術慧舟會HEARTS
渋谷区,代々木１丁目,-,東京都渋谷区代々木1-13-4,35.682021,139.699908,Big-Oneパーソナルトレーニングジム
渋谷区,代々木１丁目,-,東京都渋谷区代々木1丁目18-16,35.68077,139.702032,パーソナルトレーニングジムメクスター代々木店
渋谷区,代官山町,-,東京都渋谷区代官山町3-13,35.65242,139.704903,Dスタジオ
渋谷区,代官山町,-,東京都渋谷区代官山町20-9,35.64828,139.7029545,JOYFITプラス代官山
渋谷区,代官山町,-,東京都渋谷区代官山町20-9 サザン代官山B1F,35.64828,139.7029545,スポーツクラブJOYFIT 代官山
渋谷区,代官山町,-,東京都渋谷区代官山町17-9,35.649153,139.703958,代官山スポーツプラザ
渋谷区,千駄ケ谷５丁目,-,東京都渋谷区千駄ヶ谷5-3-9 イトウハイム303号,35.682444,139.7077515,パーソナルトレーニングジムREAL WORKOUT(リアルワークアウト) 千駄ヶ谷店
渋谷区,千駄ケ谷４丁目,-,東京都渋谷区千駄ヶ谷4-20-3 東栄神宮外苑ビル 8F,35.680977,139.707567,ZEROGYM SENDAGAYA(ゼロジム センダガヤ)
渋谷区,千駄ケ谷４丁目,-,東京都渋谷区千駄ヶ谷4-30-3,35.681526,139.7033415,クライミングジムRec's代々木
渋谷区,千駄ケ谷３丁目,-,東京都渋谷区千駄ヶ谷3-53-12 グレンパーク原宿 102,35.674488,139.70547,完全プライベートパーソナルジム808 TOKYO(トウキョウ)
渋谷区,千駄ケ谷１丁目,-,東京都渋谷区千駄ケ谷1-17-1,35.679735,139.712562,東京体育館
港区,赤坂９丁目,六本木,東京都港区赤坂9-5-12 パークサイドシックスC棟1F,35.667405,139.72977,nature body house(ネイチャーボディハウス) 六本木
港区,赤坂９丁目,六本木,東京都港区赤坂9丁目6-29,35.66664,139.728204,ジョイフィット24乃木坂
港区,赤坂８丁目,赤坂,東京都港区赤坂8丁目5-26,35.670978,139.7267685,エスフォルタ赤坂
港区,赤坂７丁目,赤坂,東京都港区赤坂7丁目5-27,35.670375,139.730391,フィットネスジムレフォルム
港区,赤坂６丁目,赤坂,東京都港区赤坂6-4-10 赤坂ZENビル 1F,35.670114,139.734711,SIXPAD STATION(シックスパッド ステーション) 赤坂
港区,赤坂６丁目,赤坂,東京都港区赤坂6丁目6-14,35.669763,139.737726,氷川武道場
港区,赤坂５丁目,赤坂,東京都港区赤坂5-4-7 THE HEXAGON 2F,35.672085,139.7358765,ANYTIME FITNESS(エニタイムフィットネス) 赤坂店
港区,赤坂５丁目,赤坂,東京都港区赤坂5-4-7 ヘキサゴンビル B1F,35.672085,139.7358765,FEELCYCLE Akasaka(フィールサイクル赤坂)
港区,赤坂５丁目,赤坂,東京都港区赤坂5丁目4-6,35.672067,139.735863,XBODYLab赤坂
港区,赤坂４丁目,赤坂,東京都港区赤坂4丁目18番13号 赤坂コミュニティーぷらざ6階,35.674659,139.731849,健康増進センター(ヘルシーナ)
港区,赤坂３丁目,赤坂,東京都港区赤坂3-13-14 赤坂313ビル3-4F,35.673498,139.7371455,JOYFIT24(ジョイフィット24) 赤坂店
港区,赤坂２丁目,赤坂,東京都港区赤坂2-15-15,35.671599,139.737987,トライエクス赤坂
港区,赤坂２丁目,赤坂,東京都港区赤坂2丁目12-13,35.670789,139.7408895,ロングブレススタジオ
新宿区,西落合２丁目,-,東京都新宿区西落合2-19,35.719767,139.6765755,新宿区立 西落合公園少年野球場・庭球場
港区,西麻布４丁目,-,東京都港区西麻布4-11-4,35.658909,139.722912,TAKEITEASY
港区,西麻布３丁目,-,東京都港区西麻布3-1-9 K'ビル 3F301,35.660259,139.7265975,24/7Workout 六本木店
港区,西麻布３丁目,-,東京都港区西麻布3丁目20-3,35.660142,139.7263005,トレーニングジムメクスター
港区,西麻布３丁目,-,東京都港区西麻布3-24-20 西麻布霞町ビル2F,35.659458,139.723794,ライザップ 西麻布店
港区,西麻布１丁目,-,東京都港区西麻布1丁目4-46,35.662149,139.726044,パーソナルトレーニングジムファーストボディ
新宿区,西早稲田３丁目,-,東京都新宿区西早稲田3-5,35.712063,139.715523,新宿区立 甘泉園公園庭球場
新宿区,西早稲田２丁目,-,東京都新宿区西早稲田2-18-18 TCKビル 1F,35.711019,139.711041,ANYTIME FITNESS(エニタイムフィットネス) 早稲田店
新宿区,西早稲田１丁目,-,東京都新宿区西早稲田1-13-4,35.711523,139.7211885,ワセダオートテニスプラザ
新宿区,西新宿８丁目,-,東京都新宿区西新宿8-16-2 新宿グランドウイング 1F,35.696835,139.692294,ANYTIME FITNESS(エニタイムフィットネス) 西新宿店
新宿区,西新宿８丁目,-,東京都新宿区西新宿8-3-32 CARMEL WEST 403,35.696277,139.6945035,B-FIT (ビーフィット)
新宿区,西新宿８丁目,-,東京都新宿区西新宿8-3-32,35.696277,139.6945035,B-FITSHINJUKU
新宿区,西新宿７丁目,-,東京都新宿区西新宿7-10-11 第二伊藤ビル2F,35.694099,139.698135,Shapes(シェイプス)新宿店
新宿区,西新宿７丁目,-,東京都新宿区西新宿7-6-6,35.697798,139.6977345,インパクト
新宿区,西新宿７丁目,-,東京都新宿区西新宿7-5-20,35.697798,139.6980765,エスカラード・クライミングジム
新宿区,西新宿７丁目,-,東京都新宿区西新宿7-1 カレイドビル5-7F,35.694306,139.69917,ティップ.クロス TOKYO(トーキョー) 新宿
新宿区,西新宿７丁目,-,東京都新宿区西新宿7-16-11 FORECAST西新宿3F・4F,35.696313,139.697847,ライザップ 新宿店
新宿区,西新宿４丁目,-,東京都新宿区西新宿4-13-14,35.690247,139.6872315,フォルツァサイクル&ランナーズステーション
新宿区,西新宿４丁目,-,東京都新宿区西新宿4-1-7,35.690769,139.6868625,加圧トレーニングONE’s
新宿区,西新宿３丁目,-,東京都新宿区西新宿3-7-1-2 パークハイアット東京 45-47F,35.685504,139.6907685,CLUB ON THE PARK(クラブオンザパーク)
新宿区,西新宿１丁目,-,東京都新宿区西新宿1-25-1 新宿センタービルMB 1F,35.691705,139.6955205,ZEROGYM SHINJUKU(ゼロジム シンジュク)
港区,西新橋２丁目,虎ノ門,東京都港区西新橋2-39-3,35.664867,139.752963,Tウォール新橋店
新宿区,西五軒町,-,東京都新宿区西五軒町2-10,35.706051,139.738014,コネクト(Co-Nect)神楽坂
渋谷区,西原３丁目,-,東京都渋谷区西原3丁目8-5,35.669583,139.68081,ゴールドジム代々木上原店
渋谷区,西原１丁目,-,東京都渋谷区西原1-40-18,35.675775,139.6808775,渋谷区スポーツセンター
中央区,晴海５丁目,-,東京都中央区晴海5-9,35.649423,139.7730645,晴海運動場
中央区,晴海５丁目,-,東京都中央区晴海5丁目9番,35.649423,139.7730645,中央区立晴海運動場
中央区,晴海１丁目,-,東京都中央区晴海1-3-29,35.659125,139.7863485,月島運動場
渋谷区,神南２丁目,-,東京都渋谷区神南2-1-1,35.667279,139.699746,国立代々木競技場フットサルコート
渋谷区,神南２丁目,-,東京都渋谷区神南2丁目3-1,35.666307,139.6948455,財団法人東京都公園協会代々木公園陸上競技場
渋谷区,神南２丁目,-,東京都渋谷区神南2丁目,35.66633653,139.6970541,織田フィールド
渋谷区,神南１丁目,-,東京都渋谷区神南1-12-16 ASIA BUILDING1F,35.662689,139.7005515,T4 TOKTO(ティーフォー東京)
渋谷区,神南１丁目,-,東京都渋谷区神南1丁目12-16,35.662689,139.7005515,タクティブ渋谷
渋谷区,神南１丁目,-,東京都渋谷区神南1-1-1,35.666298,139.701357,岸記念体育館
渋谷区,神南１丁目,-,東京都渋谷区神南1-19-8,35.6625,139.6996785,勤労福祉会館卓球場
千代田区,神田東紺屋町,-,東京都千代田区神田東紺屋町30 サンハイツ神田キタムラビル3F,35.692992,139.774572,24/7Workout 秋葉原・神田店
千代田区,神田相生町,-,東京都千代田区神田相生町1 秋葉原センタープレイスビルB1,35.699256,139.7738925,jump one Akihabara(ジャンプワン秋葉原)
千代田区,神田須田町２丁目,-,東京都千代田区神田須田町2丁目1-1,35.695971,139.7714805,PHOENIXキックボクシング&ムエタイジム
千代田区,神田須田町２丁目,-,東京都千代田区神田須田町2-1-3 BP秋葉原ビル2F,35.69607,139.77144,パーソナルトレーニングジムREAL WORKOUT(リアルワークアウト) 秋葉原・神田店
千代田区,神田神保町２丁目,-,東京都千代田区神田神保町2丁目15-2,35.695422,139.757967,ジョイフィット24神保町
千代田区,神田神保町１丁目,-,東京都千代田区神田神保町1丁目58,35.698518,139.757076,ハイテクスポーツ塾
千代田区,神田神保町１丁目,-,東京都千代田区神田神保町1-58,35.698518,139.757076,ハイテクタウン
千代田区,神田神保町１丁目,-,東京都千代田区神田神保町1丁目60,35.698671,139.757472,加圧リハビット
千代田区,神田小川町３丁目,-,東京都千代田区神田小川町3丁目16-1,35.696691,139.7601405,BoogieWonderFitnessClub.
千代田区,神田小川町２丁目,-,東京都千代田区神田小川町2-4-6,35.694612,139.764321,ヒワラニ
千代田区,神田駿河台４丁目,-,東京都千代田区神田駿河台4-3 お茶の水サンクレール 1F,35.698761,139.7651625,Dr.stretch お茶の水店
千代田区,神田駿河台１丁目,-,東京都千代田区神田駿河台1-8-11,35.697879,139.7628225,YWCAフィットネスワオ
渋谷区,神泉町,-,東京都渋谷区神泉町18-11,35.657811,139.6912905,コナミスポーツクラブ渋谷
渋谷区,神宮前６丁目,-,東京都渋谷区神宮前6-19-14 神宮前ハッピービル1F,35.663256,139.7023695,PEKID’S
渋谷区,神宮前６丁目,-,東京都渋谷区神宮前6-31-17,35.668638,139.7043765,ゴールドジム・原宿東京
渋谷区,神宮前６丁目,-,東京都渋谷区神宮前6-20-10,35.662815,139.701636,宮下公園フットサル場
渋谷区,神宮前５丁目,-,東京都渋谷区神宮前5-52-2 青山オーバルビル4F・5F,35.662725,139.708863,GRANCISE(グランサイズ) 青山
渋谷区,神宮前５丁目,-,東京都渋谷区神宮前5-16-13,35.665938,139.706235,lululemon Harajuku(ルルレモン ハラジュク)
渋谷区,神宮前４丁目,-,東京都渋谷区神宮前4-31-12 原宿ゼロゲート4F,35.669448,139.7063565,B.I.F BY NERGY 原宿
渋谷区,神宮前４丁目,-,東京都渋谷区神宮前4-3-15 東京セントラル表参道120号,35.66691,139.710591,K YOGA Studio
渋谷区,神宮前４丁目,-,東京都渋谷区神宮前4丁目24-23,35.669241,139.70862,SPORTS・SCIENCE・LAB
渋谷区,神宮前４丁目,-,東京都渋谷区神宮前4-17-9,35.668872,139.709655,カラダ・知る・ジム BODY TIPS(ボディティップス)
渋谷区,神宮前４丁目,-,東京都渋谷区神宮前4-3-2,35.66691,139.71096,ゴールドジム・表参道東京
渋谷区,神宮前４丁目,-,東京都渋谷区神宮前4-19-8,35.668044,139.7088765,プライベートジムベレッツァ表参道店
渋谷区,神宮前３丁目,-,東京都渋谷区神宮前3-15-9 CREST表参道101(地下),35.670114,139.709169,エバ クオーレ ボディ本店
渋谷区,神宮前３丁目,-,東京都渋谷区神宮前3-30-12 Gビル神宮前03-B1,35.67231,139.710231,ライザップ 神宮前店
渋谷区,神宮前１丁目,-,東京都渋谷区神宮前1-5-8 神宮前タワービルディングB1F,35.67159,139.706262,GOLDS GYM(ゴールドジム)原宿ANNEX
新宿区,神楽坂６丁目,-,東京都新宿区神楽坂6-48,35.703288,139.736007,ジョイフィット24神楽坂駅前
新宿区,神楽坂５丁目,-,東京都新宿区神楽坂5-28 シュエット神楽坂 2F,35.701992,139.7383695,エニタイムフィットネス 神楽坂駅前店
新宿区,神楽坂５丁目,-,東京都新宿区神楽坂5-5 相馬屋ビル 5D,35.702649,139.739229,文武一道塾 志道館 本社
新宿区,神楽坂４丁目,-,東京都新宿区神楽坂4丁目3,35.701812,139.7400255,ジョイン(Joyn)Beauty&Conditioning
新宿区,神楽坂２丁目,-,東京都新宿区神楽坂2丁目10,35.70084,139.742208,帝拳ボクシングジム
中央区,新富１丁目,-,東京都中央区新富1-6-17 TDKビル,35.672877,139.773411,PREMIUM LIFE FITNESS(プレミアムライフフィットネス) 新富町店
中央区,新川２丁目,-,東京都中央区新川2-6-8 YHビル B1F,35.676099,139.781259,登處 八丁堀 (ボルダリングジム)
中央区,新川２丁目,-,東京都中央区新川2-6-8,35.676099,139.781259,登處八丁堀
中央区,新川１丁目,-,東京都中央区新川1-10-3 ぶんごビル 4F,35.677233,139.7822445,I Relaxtion room & Fitness Studio GO-ON(アイ リラクゼーション ルーム アンド フィットネス スタジオ ゴーオン)
新宿区,新小川町,-,東京都新宿区新小川町9-27,35.704683,139.741776,HoneyTrap
新宿区,新宿７丁目,-,東京都新宿区新宿7-3-29,35.700831,139.712337,新宿ここ・から広場多目的運動広場
新宿区,新宿６丁目,-,東京都新宿区新宿6-27-30 新宿イーストサイドスクエアB1F,35.696682,139.708782,TIPNESS(ティップネス) 東新宿店
新宿区,新宿６丁目,-,東京都新宿区新宿6-27-12 ユニオン新宿ビル2階・3階,35.695197,139.7082105,ライザップ 新宿三丁目店
新宿区,新宿５丁目,-,東京都新宿区新宿5-15-7 東晃ビル 6F,35.694108,139.707054,24/7Workout 新宿東口店
新宿区,新宿５丁目,-,東京都新宿区新宿5-17-13 オリエンタルウェーブビル3,35.692929,139.7052765,b-monster(ビーモンスター) 新宿店
新宿区,新宿４丁目,-,東京都新宿区新宿4-2-16 パシフィックマークス新宿サウスゲート 2F,35.689428,139.703679,CARDIO BARRE(カーディオ バー) 新宿店
新宿区,新宿４丁目,-,東京都新宿区新宿4-2-23 新四curumuビル10F,35.688807,139.703112,FIRSTSHIP(ファーストシップ)新宿
新宿区,新宿４丁目,-,東京都新宿区新宿4-1-22,35.688384,139.702896,ボクシングクラブ新宿
新宿区,新宿３丁目,-,東京都新宿区新宿3-29-1 ビックロB4F,35.6913,139.7030985,Evolv Shinjuku Studio(エボルブ シンジュク スタジオ)
新宿区,新宿３丁目,-,東京都新宿区新宿3-35-18 新宿ニューアサヒビル B1F,35.689959,139.7030085,FEELCYCLE Shinjuku(フィールサイクル新宿)
新宿区,新宿３丁目,-,東京都新宿区新宿 3-29-1 M新宿ビル本館 屋上,35.6913,139.7030985,GINZA de FUTSAL ビックロ新宿スタジアム
新宿区,新宿３丁目,-,"東京都新宿区新宿3-27-5 ケースリビルB1,B2",35.691183,139.7018025,jump one Shinjuku.East(ジャンプワン新宿)
新宿区,新宿３丁目,-,東京都新宿区新宿3-30-13 新宿マルイ本館8F,35.691075,139.7039085,Studio BOWSPRING SHINJUKU(スタジオ ボウスプリング シンジュク) 新宿マルイ本館店
新宿区,新宿３丁目,-,東京都新宿区新宿3-11-9 花菱ビル7階,35.691885,139.7065275,エクササイズコーチ新宿店
新宿区,新宿３丁目,-,東京都新宿区新宿3-11-9,35.691885,139.7065275,セイプス 新宿東口店
新宿区,新宿１丁目,-,東京都新宿区新宿1-4-13,35.68815,139.71159,MONKEYGYM
新宿区,新宿１丁目,-,東京都新宿区新宿1-13-11 渋谷ビルB1F,35.688978,139.7116665,クライミングスクール&ジム J&S(ジェイアンドエス) 新宿店 (ボルダリングジム)
港区,新橋５丁目,虎ノ門広域,東京都港区新橋5丁目32-6,35.662374,139.7546955,VivaStudio
港区,新橋２丁目,虎ノ門広域,東京都港区新橋2-12-15,35.66727,139.754727,新橋フィットネススタジオ
港区,新橋１丁目,虎ノ門広域,東京都港区新橋1-5-6 銀座第3誠和ビル 7・8F,35.667675,139.759893,24/7 Workout 新橋・銀座店
新宿区,信濃町,-,東京都新宿区信濃町8-16,35.682507,139.719231,ジョイフィット24信濃町
新宿区,上落合３丁目,-,東京都新宿区上落合3-2-4 東京トラフィック開発中井ビル,35.713764,139.6858725,ANYTIME FITNESS(エニタイムフィットネス) 新宿中井店
新宿区,上落合２丁目,-,東京都新宿区上落合2-9-16,35.713521,139.6892025,Bouldering Gym LAUGH (ボルダリングジム ラフ)
新宿区,上落合２丁目,-,東京都新宿区上落合2-29-1 山武落合ビル5F,35.710641,139.6851795,Curves(カーブス) 新宿落合店
新宿区,上落合１丁目,-,東京都新宿区上落合1-2-40,35.713989,139.693518,新宿区立 落合中央公園野球場・庭球場
渋谷区,松涛１丁目,-,東京都渋谷区松濤1丁目28-6,35.659593,139.6943955,Globalfitness
中央区,勝どき２丁目,-,東京都中央区勝どき2-9-12,35.659215,139.7781135,ライラプス東京北星ジム
中央区,勝どき１丁目,-,東京都中央区勝どき1-1 プラザ勝どき A棟2F,35.661429,139.776624,スポーツクラブNAS 勝どき
渋谷区,初台２丁目,-,東京都渋谷区初台2-26-1,35.67456,139.68747,カーブス代々木八幡
渋谷区,初台１丁目,-,東京都渋谷区初台1-47-4,35.681976,139.688163,フィットネスジムミッドブレス
渋谷区,渋谷４丁目,-,東京都渋谷区渋谷4-4-25,35.659107,139.7096685,青山学院大学青山キャンパス 青山学院記念館
渋谷区,渋谷２丁目,-,東京都渋谷区渋谷2-2-1 木村ガーデンビル3F,35.660907,139.708503,ダナエビューティースタジオ
渋谷区,渋谷１丁目,-,東京都渋谷区渋谷1-12-7 CR-VITE8F,35.660016,139.70385,Reborn Myself(リボーンマイセルフ) 渋谷店
渋谷区,渋谷１丁目,-,東京都渋谷区渋谷1-10-12ミヤギビル8F,35.660718,139.7048445,SSS渋谷 本店
渋谷区,渋谷１丁目,-,東京都渋谷区渋谷1-23-16 cocoti 9F・10F・11F,35.662023,139.702626,ゴールドジム 渋谷東京
渋谷区,渋谷１丁目,-,東京都渋谷区渋谷1丁目6-10,35.661024,139.7053935,スクランブル渋谷ジム
渋谷区,渋谷１丁目,-,東京都渋谷区渋谷1-18-29,35.662113,139.7032695,美竹公園 ジョーダンコート
新宿区,住吉町,-,東京都新宿区住吉町8-14 メゾンドK 1F-B1,35.692866,139.72221,ANYTIME FITNESS(エニタイムフィットネス) 曙橋店
新宿区,住吉町,-,東京都新宿区住吉町1-14,35.692182,139.722228,BETA CLIMBING GYM(ベータクライミングジム)
新宿区,住吉町,-,東京都新宿区住吉町2-14,35.691993,139.7212695,カーブス新宿曙橋店
新宿区,若松町,-,東京都新宿区若松町17-18,35.699139,139.7142315,合気道学校
港区,芝公園４丁目,-,東京都港区芝公園4-2-6 東京タワーフットタウン 3F,35.658657,139.7453535,ランナーズサロン LOVESPO TOKYO
港区,芝公園４丁目,-,東京都港区芝公園4-8-4,35.655354,139.7477655,芝公園 野球場兼競技場
港区,芝公園３丁目,虎ノ門,東京都港区芝公園3-6-7,35.661312,139.7453085,芝給水所公園運動場多目的運動広場
港区,芝公園２丁目,-,東京都港区芝公園2-7-2,35.654571,139.7506365,アクアフィールド芝公園(芝公園多目的運動場)
港区,芝浦４丁目,-,東京都港区芝浦4-17-3 芝浦ビル 2F,35.637057,139.7471445,ANYTIME FITNESS(エニタイムフィットネス) 芝浦店
港区,芝浦４丁目,-,東京都港区芝浦4丁目20-3,35.63973,139.752162,CLUB芝浦アイランド
港区,芝浦３丁目,-,東京都港区芝浦3丁目6-3,35.643519,139.7488725,プラスケア
港区,芝浦３丁目,-,東京都港区芝浦3丁目11-8,35.642799,139.749777,加圧スタジオB&B田町スタジオ
港区,芝浦１丁目,-,東京都港区芝浦1丁目2-1,35.649981,139.756941,ゼロイン
港区,芝浦１丁目,-,東京都港区芝浦1-16-1 みなとパーク芝浦内,35.646615,139.75164,港区スポーツセンター
港区,芝５丁目,-,東京都港区芝5-3-2,35.650062,139.7459295,THE・FITNESS芝
港区,芝５丁目,-,東京都港区芝5丁目22-4,35.648235,139.7465145,デイフィット田町店
港区,芝５丁目,-,東京都港区芝5-20-12 芝五ビル3F,35.647416,139.747464,パーソナルトレーニングジムREAL WORKOUT(リアルワークアウト) 三田店
港区,芝５丁目,-,東京都港区芝5-1-5,35.650026,139.745313,ファイティングラボ田町
港区,芝５丁目,-,東京都港区芝5丁目27-1,35.647092,139.745673,ルネサンス田町・三田
港区,芝５丁目,-,東京都港区芝5-3-2,35.650062,139.7459295,日本ホリスティックコンディショニング協会
港区,芝２丁目,-,東京都港区芝2-5-10 芝公園NDビル1F,35.652762,139.752171,エニタイムフィットネス 芝浜松町店
新宿区,市谷薬王寺町,-,東京都新宿区市谷薬王寺町78,35.696538,139.7259225,ベルファ
新宿区,市谷本村町,-,東京都新宿区市谷本村町1-1,35.69121,139.732965,エスフォルタ市ヶ谷
新宿区,市谷加賀町２丁目,-,東京都新宿区市谷加賀町2-1-16,35.695728,139.7296215,DIS(ディス)市谷スポーツクラブ
新宿区,四谷４丁目,-,東京都新宿区四谷4-28-4 KBエンサインビル 1F,35.688636,139.715343,ANYTIME FITNESS(エニタイムフィットネス) 新宿御苑前店
新宿区,四谷４丁目,-,東京都新宿区四谷4丁目25,35.689428,139.715307,TOTALGOLFFITNESS
新宿区,四谷３丁目,-,東京都新宿区四谷3-13-24 ミズキビル 6.7F,35.687466,139.718664,APEX climbing gym(エイペックス クライミング ジム)
新宿区,四谷３丁目,-,東京都新宿区四谷3-4 四谷SCビル2F,35.687592,139.721607,KODLAB fitness boxing(コドラボ フィットネス ボクシング)
新宿区,四谷２丁目,-,東京都新宿区四谷2丁目10,35.6877,139.7248965,コスモス
新宿区,四谷１丁目,-,東京都新宿区四谷1-無番地 外濠公園内,35.68669939,139.7288494,ジェクサー・フィットネスクラブ 四谷店
千代田区,三番町,-,東京都千代田区三番町1,35.689392,139.7450025,セントラルスポーツジム24h三番町
港区,三田３丁目,-,東京都港区三田3-11-24 国際興業三田泉岳寺ビル 2F,35.640441,139.7413845,ANYTIME FITNESS(エニタイムフィットネス) 泉岳寺駅前店
港区,三田１丁目,-,東京都港区三田1-3-31 フォーキャスト三田 1F,35.654598,139.7433195,ANYTIME FITNESS(エニタイムフィットネス) 三田店
港区,三田１丁目,-,東京都港区三田1-2-16,35.654769,139.7410245,B-FIT・AZABU
千代田区,三崎町３丁目,-,東京都千代田区神田三崎町3丁目3-17,35.700732,139.752306,キックボクシングFANGジム
渋谷区,笹塚２丁目,-,東京都渋谷区笹塚2-18-3 VORT 笹塚ビル 8F,35.674209,139.6655595,AGNIYOGA(アグニヨガ) 笹塚スタジオ
渋谷区,笹塚２丁目,-,東京都渋谷区笹塚2-7-12 日神デュオステージ笹塚西館1階,35.675136,139.6687365,FASTGYM24(ファストジム トゥエンティフォー) 笹塚店
渋谷区,笹塚１丁目,-,東京都渋谷区笹塚1-61-8 ホテルブーゲンビリア新宿内 B1F・B2F,35.67303,139.6635165,GOLD'S GYM(ゴールドジム) 笹塚東京
渋谷区,笹塚１丁目,-,東京都渋谷区笹塚1-57-10 2F,35.674002,139.6669905,PLAYLON(プレロン)
渋谷区,笹塚１丁目,-,東京都渋谷区笹塚1丁目29-3,35.673174,139.6669275,スターフィット笹塚店
渋谷区,笹塚１丁目,-,東京都渋谷区笹塚1-22-9 ヴィオス笹塚1F,35.672571,139.6686195,パーソナルトレーニングジムREAL WORKOUT(リアルワークアウト) 笹塚店
渋谷区,笹塚１丁目,-,東京都渋谷区笹塚1-50-16,35.67501,139.6711845,笹塚高架下施設
渋谷区,笹塚１丁目,-,東京都渋谷区笹塚1-54-15,35.674452,139.6695015,笹塚高架下施設体育室
渋谷区,桜丘町,-,東京都渋谷区桜丘町9-1 ビアンクォードビル B1F,35.654796,139.7028105,NOBOROCK(ノボロック) 渋谷店
渋谷区,桜丘町,-,東京都渋谷区桜丘町20-1 渋谷インフォスタワーB1F,35.655237,139.7009025,エスフォルタ渋谷
千代田区,麹町４丁目,-,東京都千代田区麹町4-8 麹町クリスタルシティ1F,35.684622,139.7366775,ANYTIME FITNESS(エニタイムフィットネス) 麹町店
千代田区,麹町４丁目,-,東京都千代田区麹町4-1 志村ビル 3F,35.683695,139.7375955,Magma spastudio insea 麹町店
千代田区,麹町１丁目,-,東京都千代田区麹町1丁目7,35.683425,139.7434005,JOGLIS
港区,高輪４丁目,-,東京都港区高輪4-22-10 小川商事ビル B1F,35.625879,139.7373615,24/7 Workout 品川店
港区,高輪４丁目,-,東京都港区高輪4丁目21-13,35.626347,139.736772,GO’sGYM
港区,高輪３丁目,-,東京都港区高輪3-25-33 長田ビル5F,35.631963,139.7378925,ライザップ 品川店
港区,高輪１丁目,-,東京都港区高輪1-5-21 ルート高輪ビル B1F,35.641035,139.73751,FITLABOx4(フィットラボ クロスフォー) 白金高輪店
港区,高輪１丁目,-,東京都港区高輪1-26-20,35.637165,139.733262,カーブス高輪
新宿区,高田馬場４丁目,-,東京都新宿区高田馬場4-9-9 早稲田13時ホールビル1F,35.713305,139.702482,Energy climbing gym(エナジークライミングジム) 高田馬場店 (ボルダリングジム)
新宿区,高田馬場４丁目,-,東京都新宿区高田馬場4-29-27,35.71119,139.698252,シチズンプラザ
新宿区,高田馬場４丁目,-,東京都新宿区高田馬場4-29-27 A館3F,35.71119,139.698252,シチズンプラザ ボウリング場
新宿区,高田馬場３丁目,-,東京都新宿区高田馬場3-3-2,35.713881,139.7027565,ファイティングラボ高田馬場
新宿区,高田馬場２丁目,-,東京都新宿区高田馬場2-14-28,35.712954,139.707216,青木ボクシングジム
新宿区,高田馬場１丁目,-,東京都新宿区高田馬場1-1-13 セントエルモ西早稲田2F,35.709318,139.7090925,JOYFIT24(ジョイフィット24) 西早稲田店
新宿区,高田馬場１丁目,-,東京都新宿区高田馬場1-35-3 BIGBOX高田馬場 3F/4F/5F,35.712612,139.7043045,西武フィットネスクラブ BIGBOX高田馬場店
千代田区,皇居外苑,-,東京都千代田区皇居外苑,35.68049914,139.7586036,パレスサイクリングコース
港区,港南５丁目,-,東京都港区港南5-4-38 松岡品川埠頭ビル103,35.627364,139.7565045,ロッキーボルダリングクラブ 品川
港区,港南４丁目,-,東京都港区港南4-2-6 シティタワー品川 東棟 2F,35.630964,139.7480445,ベイリズム品川
港区,港南４丁目,-,東京都港区港南4-6-49 報知新聞社 本社ビル 3F,35.626698,139.7506725,文武一道塾 志道館 港南道場
港区,港南１丁目,-,東京都港区港南1-2-70 品川シーズンテラス2F,35.632638,139.743162,RUN CUBE(ラン キューブ) 品川シーズンテラス
港区,港南１丁目,-,東京都港区港南1丁目4番1号,35.634096,139.746681,芝浦中央公園運動場
港区,港南１丁目,-,東京都港区港南1丁目4-1,35.634096,139.746681,芝浦中央公園運動場フットサル場
渋谷区,広尾５丁目,-,東京都渋谷区広尾5ー7-35 広尾コンプレックスビル2・3・4F,35.649333,139.722822,FITNESS CLUB HIROO(フィットネス クラブ ヒロオ)
渋谷区,広尾５丁目,-,東京都渋谷区広尾5丁目14-2,35.650296,139.721526,カルペリエム広尾
渋谷区,広尾５丁目,-,東京都渋谷区広尾5丁目6-6,35.64999,139.7221335,広尾倶楽部
渋谷区,広尾４丁目,-,東京都渋谷区広尾4丁目1-11,35.65467,139.7204955,フィットネスクラブ広尾 ガーデンヒルズスタジオ
渋谷区,広尾１丁目,-,東京都渋谷区広尾1-3-14,35.648784,139.713057,R-bodyproject
渋谷区,広尾１丁目,-,東京都渋谷区広尾1-1-40,35.650485,139.7128185,コナミスポーツクラブ恵比寿
千代田区,五番町,-,東京都千代田区五番町6-1,35.690166,139.7353005,JOYFIT24市ヶ谷
千代田区,五番町,-,東京都千代田区五番町5番地18 市ヶ谷女子学生ハイツB1F,35.690031,139.7358,メガロス市ヶ谷
港区,虎ノ門４丁目,虎ノ門,東京都港区虎ノ門4-3-1 城山トラストタワー 3F,35.66475,139.7431125,The Premier Club(ザ プリミア クラブ)
港区,虎ノ門３丁目,虎ノ門,東京都港区虎ノ門3-7-14 AMビルディング 3F,35.664543,139.7460555,フィジオセンター
港区,虎ノ門２丁目,虎ノ門,東京都港区虎ノ門2-10-4 ホテルオークラ 1F,35.667036,139.7454525,オークラヘルスクラブ
新宿区,戸山３丁目,-,東京都新宿区戸山3-18-1,35.706609,139.7091555,元気館
新宿区,戸山３丁目,-,東京都新宿区戸山3-2,35.705223,139.7142495,戸山多目的運動広場
港区,元麻布１丁目,-,東京都港区元麻布1丁目2-13,35.655075,139.7340495,D-MAXSTUDIO
渋谷区,元代々木町,-,東京都渋谷区元代々木町12-7,35.670465,139.6837935,Olaピラティススタジオ
渋谷区,元代々木町,-,東京都渋谷区元代々木町21-9 Silhouette 203号,35.670987,139.684563,パーソナルトレーニングジムREAL WORKOUT(リアルワークアウト) 代々木上原店
中央区,月島１丁目,-,東京都中央区月島1-9-2,35.665146,139.783032,月島スポーツプラザ
渋谷区,恵比寿南３丁目,-,東京都渋谷区恵比寿南3-1-1 恵比寿 グリーングラスB1F,35.645895,139.706577,ANYTIME FITNESS(エニタイムフィットネス) 恵比寿店
渋谷区,恵比寿南３丁目,-,東京都渋谷区恵比寿南3-3-12 ロビタビル,35.646264,139.704804,K-1 ジム代官山
渋谷区,恵比寿南３丁目,-,東京都渋谷区恵比寿南3-2-12 ロビタビル,35.646003,139.7051685,K-1ジム恵比寿小比類巻道場
渋谷区,恵比寿南２丁目,-,東京都渋谷区恵比寿南2-19-7 VORT恵比寿dual's401,35.64342,139.709349,24/7Workout 恵比寿・目黒店
渋谷区,恵比寿南２丁目,-,東京都渋谷区恵比寿南2-3-14CONZEビル3F,35.645472,139.7075355,BALI STONE HOT YOGA STUDIO ALLURE CONZE店
渋谷区,恵比寿南２丁目,-,東京都渋谷区恵比寿南2-3-11 グレース青山2F,35.645418,139.7073735,パーソナルトレーニングジムREAL WORKOUT(リアルワークアウト) 恵比寿西口店
渋谷区,恵比寿南２丁目,-,東京都渋谷区恵比寿南2-4-4,35.644608,139.708413,メガロス恵比寿
渋谷区,恵比寿南２丁目,-,東京都渋谷区恵比寿南2-3-14 CONZE恵比寿4F,35.645472,139.7075355,ライザップ 恵比寿店
渋谷区,恵比寿南１丁目,-,東京都渋谷区恵比寿南1-1-1 恵比寿ヒューマックスビル4F,35.646759,139.7089575,HOT STEP(ホットステップ)恵比寿店
渋谷区,恵比寿南１丁目,-,東京都渋谷区恵比寿南1丁目2-10,35.646111,139.707945,シルバージム
渋谷区,恵比寿西１丁目,-,東京都渋谷区恵比寿西1-6-1 本庄ビル2階,35.648181,139.708278,b-monster(ビーモンスター)恵比寿店
渋谷区,恵比寿西１丁目,-,東京都渋谷区恵比寿西1丁目30-3,35.648478,139.706109,BMRedaikanyama
渋谷区,恵比寿西１丁目,-,東京都渋谷区恵比寿西1-34-17 Za HOUSEビル 3-4F,35.647047,139.7024685,EXFIGHT(エクスファイト)
渋谷区,恵比寿４丁目,-,東京都渋谷区恵比寿4-20-3 恵比寿ガーデンプレイスタワープロムナードB1,35.642097,139.713462,GRANCISE YEBISU GARDEN(グランサイズ恵比寿ガーデン)
渋谷区,恵比寿４丁目,-,東京都渋谷区恵比寿4丁目5-3,35.645436,139.7126115,THECLUB22
渋谷区,恵比寿４丁目,-,東京都渋谷区恵比寿4-9-15 HAGIWARA BLDG 8F,35.645616,139.7144565,パーソナルトレーニングジムREAL WORKOUT(リアルワークアウト) 恵比寿店
渋谷区,恵比寿３丁目,-,東京都渋谷区恵比寿3-9-20 恵比寿ガーデンイーストB1F,35.643996,139.715892,Magma spastudio insea(マグマ スパスタジオ インシー)恵比寿店
渋谷区,恵比寿１丁目,-,東京都渋谷区恵比寿1-8-12 キュープラザ恵比寿 4F,35.647434,139.710069,OASIS RAFEEL(オアシス ラフィール) 恵比寿
渋谷区,恵比寿１丁目,-,東京都渋谷区恵比寿1丁目23-9,35.646237,139.7158695,バンゲリングベイ
中央区,銀座７丁目,-,東京都中央区銀座7-16-21 木挽ビル B1,35.667018,139.7656935,ANYTIME FITNESS(エニタイムフィットネス) 東銀座店
中央区,銀座７丁目,-,東京都中央区銀座7-10-5 The ORB Luminous5F,35.66862,139.763403,HOT STEP(ホットステップ)銀座店
中央区,銀座７丁目,-,東京都中央区銀座7-13-12 サクセス銀座7ビル2F,35.667783,139.764267,ライザップ 汐留店
中央区,銀座６丁目,-,東京都中央区銀座6-10-1 GINZA SIX B1F,35.669736,139.763943,BEAUTY TERRACE GINZA -DRESS CIRCLE-(ビューティーテラス ギンザ ドレスサークル) GINZA SIX店
中央区,銀座６丁目,-,東京都中央区銀座6-13-7 同郷会館ビルB1階,35.668872,139.764888,ハートワン 銀座
中央区,銀座５丁目,-,東京都中央区銀座5-8-9 BINO銀座B2F,35.670177,139.7646315,FEELCYCLE Ginza
中央区,銀座５丁目,-,東京都中央区銀座5-6-12 みゆきビル B2F,35.670897,139.7635065,FEELCYCLE Ginza 5th(フィールサイクル 銀座フィフス)
中央区,銀座５丁目,-,東京都中央区銀座5-4-9 ニューギンザ5ビル 5F,35.671356,139.7628135,Luxool(ラグール)銀座
中央区,銀座５丁目,-,東京都中央区銀座5-4-7 銀座サワモトビル B2F,35.671662,139.7630205,スクリーン ヨガ
中央区,銀座４丁目,-,東京都中央区銀座4-9-5 銀昭ビル B1F,35.670627,139.767075,EXPA(エクスパ) 銀座店
中央区,銀座４丁目,-,東京都中央区銀座4-4-1 八光ビルB1F,35.672418,139.7651265,PLAYGROUND(プレイグラウンド) 銀座
中央区,銀座４丁目,-,東京都中央区銀座4-14-6 ウイント銀座8ヒル4F,35.669061,139.768785,RDC GYM(アールディーシージム)
中央区,銀座４丁目,-,東京都中央区銀座4丁目12-17,35.669538,139.7674935,アスリーダーズ銀座本店
中央区,銀座４丁目,-,東京都中央区銀座4-1 西銀座 B2F,35.67294,139.7633085,エクササイズコーチ 銀座店
中央区,銀座４丁目,-,東京都中央区銀座4-3-1 並木館銀座8F,35.672607,139.7647395,ミットネス 銀座店
中央区,銀座４丁目,-,東京都中央区銀座4-2-17 銀座111レジャービル 11-13F,35.672625,139.7639925,美健LABO フィットネス館
中央区,銀座３丁目,-,東京都中央区 銀座3-11-16 VORT銀座イースト3F,35.670798,139.768524,Shapes(シェイプス) 銀座店
中央区,銀座３丁目,-,東京都中央区銀座3-2-1 マロニエゲート銀座2 RF,35.673732,139.7651535,The 銀座 de フットサル マロニゲート銀座2屋上
中央区,銀座３丁目,-,東京都中央区銀座3丁目4-12 文祥堂銀座ビルB1・2F,35.672607,139.765428,ゴールドジム銀座中央
中央区,銀座３丁目,-,東京都中央区銀座3-9-2,35.671887,139.7681775,ヨガ教室ノア 銀座校
中央区,銀座２丁目,-,東京都中央区銀座2-9-13 GINZA-2ビル7F,35.672625,139.7681595,APFCLUB 銀座 (エーピーエフクラブ)
中央区,銀座２丁目,-,東京都中央区銀座2-8-12 ユニデン銀座ビル9.10階,35.672544,139.7677275,B-MONSTER GINZA STUDIO(ビーモンスター 銀座スタジオ)
中央区,銀座２丁目,-,東京都中央区銀座2-11-14 銀座SLCビル,35.672085,139.768668,FiNC Fit(フィンクフィット) 銀座店
中央区,銀座２丁目,-,東京都中央区銀座2-6-5 銀座トレシャス8F,35.673597,139.7672235,サーフフィットスタジオ
中央区,銀座２丁目,-,東京都中央区銀座2-11-8 デュープレックス銀座タワー2/11 5F.6F,35.672139,139.7689785,ライザップ 銀座店
中央区,銀座１丁目,-,東京都中央区銀座1-8-19 3F,35.674254,139.7686095,Face Lift Lesson(フェイス レフト レッスン) スタジオ
中央区,銀座１丁目,-,東京都中央区銀座1-6-2 山口興産銀座Aビル B1,35.674776,139.767876,jump one Ginza.1 (ジャンプワン 銀座)
中央区,銀座１丁目,-,東京都中央区銀座1丁目2-1,35.675208,139.76775,ゴールドジム銀座東京店
中央区,銀座１丁目,-,東京都中央区銀座1-2-2,35.675154,139.7679525,ワウディーTOKYO
千代田区,紀尾井町,赤坂,東京都千代田区紀尾井町1-2,35.679555,139.736916,SPA & FITNESS KIOI(スパ アンド フィットネス キオイ)
千代田区,紀尾井町,赤坂,東京都千代田区紀尾井町7-1,35.683362,139.73202,上智大学真田堀運動場
千代田区,岩本町１丁目,-,東京都千代田区岩本町1-6-3 岩本町163ビル 1F,35.691696,139.7769615,ANYTIME FITNESS(エニタイムフィットネス) 千代田岩本町店
新宿区,岩戸町,-,東京都新宿区岩戸町11,35.700984,139.736457,カーブス神楽坂
千代田区,丸の内３丁目,大丸有,東京都千代田区丸の内3丁目1-1,35.676972,139.761324,Bodies running+丸の内
千代田区,丸の内３丁目,大丸有,東京都千代田区丸の内3丁目2,35.677845,139.7613645,セントラルスポーツジム&ラン丸の内二重橋
千代田区,丸の内２丁目,大丸有,東京都千代田区丸の内2-6-1 Marunouchi BRICK SQUARE 4F,35.678763,139.763016,TIPNESS MARUNOUCHI STYLE(ティップネスマルノウチスタイル)
千代田区,丸の内１丁目,大丸有,東京都千代田区丸の内1-5-1 新丸の内ビルディング B1F,35.682714,139.764249,MARUNOUCHI Bike&Run(マルノウチ バイクアンドラン)
千代田区,丸の内１丁目,大丸有,東京都千代田区丸の内1-8-2 鉄鋼ビルディング南館5F,35.682813,139.7701395,THE JEXER TOKYO Annex(ジェクサートウキョウアネックス)
千代田区,外神田６丁目,-,東京都千代田区外神田6-14-8,35.703477,139.771521,ヨガ教室ノア 秋葉原校
千代田区,外神田２丁目,-,東京都千代田区外神田2-5-12 タカラビル1F,35.700219,139.7689695,エニタイムフィットネス 秋葉原店
港区,海岸３丁目,-,東京都港区海岸3-26-1,35.645238,139.7586285,フットサルポイント芝浦
港区,海岸３丁目,-,東京都港区海岸3丁目33-20,35.638155,139.758858,港区立芝浦南ふ頭公園運動広場
港区,海岸３丁目,-,東京都港区海岸3-33-20,35.638155,139.758858,芝浦南ふ頭公園運動広場(かいがんぱ-く)
港区,海岸１丁目,-,東京都港区海岸1-2-3 汐留芝離宮ビルディング 2F,35.65701,139.7585475,GOLD'S GYM(ゴールドジム) 浜松町東京
新宿区,霞ヶ丘町,-,東京都新宿区霞ヶ丘町11-1,35.680275,139.7148975,神宮外苑フットサルクラブ千駄ヶ谷コート
新宿区,霞ヶ丘町,-,東京都新宿区霞ヶ丘町2-4,35.675973,139.717935,神宮球場 室内球技場
港区,霞ヶ丘町,-,東京都新宿区霞ケ丘町・港区北青山,35.67501451,139.7132594,明治神宮外苑
新宿区,霞ヶ丘町,-,東京都新宿区霞ヶ丘町2-1,35.677413,139.717575,明治神宮外苑 打撃練習場
新宿区,歌舞伎町２丁目,-,東京都新宿区歌舞伎町2-44-1 東京都健康プラザ ハイジア5F,35.696628,139.700988,東急スポーツオアシス 新宿店
新宿区,歌舞伎町１丁目,-,東京都新宿区歌舞伎町1-1-17 エキニア新宿ビル5F,35.693145,139.7041875,RIZAP WOMAN(ライザップ ウーマン) 新宿店
新宿区,下落合４丁目,-,東京都新宿区下落合4丁目26-7,35.722053,139.6959255,ジョイフィット24目白
新宿区,下宮比町,-,東京都新宿区下宮比町2-1,35.702946,139.7437785,エニタイムフィットネスセンター飯田橋店
千代田区,猿楽町２丁目,-,東京都千代田区神田猿楽町2丁目8-8,35.700705,139.757958,エスフォルタ水道橋
渋谷区,猿楽町,-,東京都渋谷区猿楽町12-35,35.65107,139.7016765,猿楽トレーニングジム
渋谷区,猿楽町,-,東京都渋谷区猿楽町7-1,35.651871,139.702311,東京プロポーションラボ
渋谷区,円山町,-,東京都渋谷区円山町3-6 E・スペースタワー3F,35.657478,139.6955385,TOTAL Workout SHIBUYA (トータルワークアウト 渋谷)
新宿区,榎町,-,東京都新宿区榎町43-1 ユニゾ神楽坂ビル 1F,35.704539,139.7286405,ANYTIME FITNESS(エニタイムフィットネス) 神楽坂店
千代田区,永田町２丁目,赤坂,東京都千代田区永田町2丁目13-10,35.675658,139.73877,WOW’D赤坂店
千代田区,永田町２丁目,赤坂,東京都千代田区永田町2-13-10 プルデンシャルタワー2F,35.675658,139.73877,スポーツクラブNAS 赤坂店
渋谷区,宇田川町,-,東京都渋谷区宇田川町19-5-706,35.661438,139.6995615,CREBIQ(クレビック) 渋谷店
渋谷区,宇田川町,-,東京都渋谷区宇田川町23-3 渋谷第一勧銀共同ビル5F,35.6598,139.699593,CYCLE&STUDIO R Shibuya(サイクルスタジオアールシブヤ)
渋谷区,宇田川町,-,東京都渋谷区宇田川町20-11 渋谷三葉ビル 3F,35.660781,139.6998225,FEEL CYCLE(フィール サイクル) 渋谷
渋谷区,宇田川町,-,東京都渋谷区宇田川町15-1 SHIBUYA PARCO内,35.662032,139.698945,jump one(ジャンプ ワン)
渋谷区,宇田川町,-,東京都渋谷区宇田川町36-19,35.661843,139.696677,MITTNESS渋谷店
渋谷区,宇田川町,-,東京都渋谷区宇田川町33-8 塚田ビル6F,35.660898,139.696803,TARGET SHIBUYA
渋谷区,宇田川町,-,東京都渋谷区宇田川町3-10 いちごフィエスタ渋谷 7F,35.6625,139.69872,エクササイズコーチ 渋谷店
渋谷区,宇田川町,-,東京都渋谷区宇田川町16-4,35.661411,139.699215,ティップ.クロス TOKYO(トーキョー) 渋谷
千代田区,一ツ橋１丁目,-,東京都千代田区一ツ橋1-1-1 パレスサイドビル1F,35.691129,139.757211,Run Pit by au Smart Sports(ランピット バイ エーユー スマート スポーツ)
港区,愛宕１丁目,虎ノ門,東京都港区愛宕1丁目7-8,35.664201,139.749192,愛宕弓道場
