指標名,ホール・劇場,,,,,,,,,,,,,,,,,
出典,東京都生活文化局,,,,,,,,,,,,,,,,,
年次,平成31年3月,,,,,,,,,,,,,,,,,
URL,https://www.seikatubunka.metro.tokyo.lg.jp/bunka/bunka_seisaku/0000001271.html,,,,,,,,,,,,,,,,,
備考,野外会場も含む,,,,,,,,,,,,,,,,,
,,,,,,,,,,,,,,,,,,
区,町丁,エリア,住所,緯度,経度,施設名,電話番号,URL,客席数,収容人数,舞台形式,全体形式,客席形式,これまでの利用実績ジャンル,施設に適しているもしくは利用して欲しいジャンル,利用対象,利用条件を設定している場合の条件,利用可能時間帯
港区,六本木７丁目,六本木,東京都港区六本木7-14-23 　セントラム六本木ビルB1F,35.663589,139.731435,ｎｉｃｏｆａｒｒｅ,03-3478-3750,http://nicofarre.jp/,,,,,,,,,,
港区,六本木７丁目,六本木,東京都港区六本木7-22-1,35.663832,139.7272365,政策研究大学院大学　想海樓ホール,03-6439-6022,http://www.grips.ac.jp/jp/about/campus/,300,300,オープン形式,シューボックス形式,ロールバックチェア、可動席（スタッキングチェア）（可動席（ワンタッチ上下式並列脚））,映像上映会（試写会など）、講演会,講演会,利用条件を設定している（市・区での活動団体等）,国際機関、国の機関、地方公共団体、教育研究団体、日本学術会議協力学術団体、公益法人その他これに準ずる団体（宗教法人及び政党、政治団体を除く）、その他学長が適切であると認める団体,08:00～21:00
港区,六本木６丁目,六本木,東京都港区六本木6-1-8　グリーンビル 5F,35.662518,139.7321955,JAZZ RESTAURANT SATIN DOLL,03-3401-3080,http://www.leglant.com/satindoll/,,,,,,,,,,
港区,六本木６丁目,六本木,東京都港区六本木６丁目４－１,35.661339,139.7301345,六本木ヒルズ　ハリウッドビューティプラザ〔ハリウッドホール〕,03-3408-5020,https://www.hollywood.ac.jp/hall/,1200,1200,オープン形式,シューボックス形式,可動席（スタッキングチェア）,クラシック、演劇、ミュージカル、ダンス・パフォーマンス、映像上映会（試写会など）、講演会、展示会、その他1（ヘアコンテスト）、その他2（撮影）,クラシック、演劇、ミュージカル、映像上映会（試写会など）、講演会、展示会、その他1（ヘアコンテスト）,一般に貸出している,,09:00～21:00
港区,六本木６丁目,六本木,東京都港区六本木6-10-1,35.66043,139.7292615,【野外】六本木ヒルズアリーナ,03-6406-6611,http://www.roppongihills.com/facilities/arena/,,,,,,,,不明,,07:00～23:00
港区,六本木５丁目,六本木,東京都港区六本木5-11-12,35.659341,139.7332485,Zeppブルーシアター六本木,03-5414-3255,http://www.blue-theater.jp/,,,,,,,,,,
港区,六本木５丁目,六本木,東京都港区六本木5‐11‐16 　国際文化会館,35.658441,139.7334555,国際文化会館 岩崎小彌太記念ホール〔岩崎小彌太記念ホール〕,03-3470-4616,https://www.i-house.or.jp/facilities/banquet/hall/,180,180,,シューボックス形式,可動席（スタッキングチェア）,クラシック、歌舞伎、能・狂言、日本の伝統音楽（邦楽等）、オペラ、ダンス・パフォーマンス、映像上映会（試写会など）、講演会、展示会、その他1（パーティー）,クラシック、演歌・歌謡曲、ジャズ、演劇、ミュージカル、歌舞伎、能・狂言、日本の伝統音楽（邦楽等）、世界の民族音楽、お笑い・寄席・演芸、バレエ、オペラ、ダンス・パフォーマンス、合唱、映像上映会（試写会など）、講演会、展示会、その他1（パーティー）,一般に貸出している,,-
港区,六本木５丁目,六本木,東京都港区六本木5-16-45,35.660682,139.7350845,港区立麻布区民センター〔区民ホール〕,03-3583-5487,http://www.azabu-civiccenter.jp/shisetsu/list_1.html,237,237,プロセニアム形式,シューボックス形式,ロールバックチェア,,ポップス、クラシック、演歌・歌謡曲、ジャズ、演劇、日本の伝統音楽（邦楽等）、世界の民族音楽、お笑い・寄席・演芸、ダンス・パフォーマンス、合唱、映像上映会（試写会など）、講演会、展示会,利用条件を設定している（市・区での活動団体等）,利用登録団体（個人）に限定。,09:00～21:30
港区,六本木５丁目,六本木,東京都港区六本木5-18-2 　大昌第二ビルB1F,35.661213,139.737258,六本木ＶＡＲＩＴ．,03-6441-0825,http://www.r-varit.net/,,,,,,,,,,
港区,六本木５丁目,六本木,東京都港区六本木5-18-21 　FIVE PLAZA B2F,35.660943,139.73697,六本木ＣＬＵＢ ＥＤＧＥ,03-3505-4561,http://www.club-edge.net/,,,,,,ポップス、クラシック、演歌・歌謡曲、ジャズ、演劇、ミュージカル、歌舞伎、お笑い・寄席・演芸、ダンス・パフォーマンス、合唱、講演会,,一般に貸出している,,
港区,六本木５丁目,六本木,東京都港区六本木5-3-1 　第二レーヌビルB1F,35.662077,139.7332755,六本木ケントス,03-3401-5755,http://www.kentos-roppongi.jp/,,,,,,,,,,
港区,六本木５丁目,六本木,東京都港区六本木5-3-4 　レーヌビル2F,35.661969,139.7335545,六本木ＢＡＵＨＡＵＳ,03-3403-0092,http://www.e-bauhaus.jp/,,,,,,,,,,
港区,六本木５丁目,六本木,東京都港区六本木5-5-1　 ロアビル13F,35.66196,139.7346075,V2TOKYO,03-5474-0091,http://www.v2tokyo.com/,,,,,,,,,,
港区,六本木４丁目,六本木,東京都港区六本木4-11-11 　六本木GMビルB1F,35.664237,139.731525,ｍｏｒｐｈ－ｔｏｋｙｏ,03-5414-2683,http://www.morph-tokyo.com/,,,,,,,,,,
港区,六本木４丁目,六本木,東京都港区六本木4-11-5 　六本木ビル アネックスB1F,35.664138,139.731921,ＡＢＢＥＹ ＲＯＡＤ,03-3402-0017,http://www.abbeyroad.ne.jp/,,,,,,,,,,
港区,六本木４丁目,六本木,東京都港区六本木4-9-2,35.66376,139.7325195,俳優座劇場,03-3470-2880,http://www.haiyuzagekijou.co.jp/,300,,プロセニアム形式,シューボックス形式,固定席,演劇,演劇,,,
港区,六本木３丁目,六本木,東京都港区六本木3-13-14ゴトウビル3rd 5F,35.663112,139.7340135,ＢＩＲＤＬＡＮＤ,03-3402-3456,http://www.bird-land.co.jp/,70,120,,,,,,,,
港区,六本木３丁目,六本木,東京都港区六本木3-16-33 　青葉六本木ビルB1F,35.66205,139.7363895,六本木クラップス,03-4585-5771（運営会社：㈱日本ラステック）,http://c-laps.jp/,80,80,オープン形式,シューボックス形式,固定席,ポップス、クラシック、演歌・歌謡曲、ジャズ、演劇、日本の伝統音楽（邦楽等）、世界の民族音楽、お笑い・寄席・演芸、ダンス・パフォーマンス、合唱、映像上映会（試写会など）、講演会、その他1（記者会見）、その他2（企業イベント）,,利用条件を設定している（市・区での活動団体等）,主にプロミュージシャン、企業イベントなど,10:00～22:30
千代田区,六番町,-,東京都千代田区六番町2-9　セルバンテスビル,35.688339,139.735386,インスティトゥト・セルバンテス東京,03-5210-1800,http://tokio.cervantes.es/jp/default.shtm,159,159,オープン形式,シューボックス形式,固定席,ポップス、クラシック、演劇、世界の民族音楽、ダンス・パフォーマンス、映像上映会（試写会など）、講演会,その他1（スペイン語、スペイン語圏）,利用条件を設定している（市・区での活動団体等）,スペイン語及びスペイン語圏文化に関する催し,-
千代田区,有楽町２丁目,大丸有,東京都千代田区有楽町2-5-1 有楽町センタービル（有楽町マリオン）II期棟７階,35.67357,139.763565,オルタナティブシアター,03-6895-0062,https://www.alternative_theatre.jp,,,プロセニアム形式,シューボックス形式,固定席,ポップス、演歌・歌謡曲、演劇、ミュージカル、お笑い・寄席・演芸、ダンス・パフォーマンス、映像上映会（試写会など）、講演会、その他1（記者発表会）、その他2（撮影（ロケ）場所）,ポップス、演歌・歌謡曲、ジャズ、演劇、ミュージカル、お笑い・寄席・演芸、ダンス・パフォーマンス、映像上映会（試写会など）、講演会、展示会、その他1（記者発表会）、その他2（ロケ場所）,一般に貸出している,,10:00～22:00
千代田区,有楽町２丁目,大丸有,東京都千代田区有楽町2-5-1　有楽町マリオン11F,35.67357,139.763565,有楽町朝日ホール,03-3284-0131,http://www.asahi-hall.jp/yurakucho/,636,636,プロセニアム形式,シューボックス形式,固定席、可動席（スタッキングチェア）,ポップス、ジャズ、能・狂言、日本の伝統音楽（邦楽等）、世界の民族音楽、お笑い・寄席・演芸、映像上映会（試写会など）、講演会、その他1,お笑い・寄席・演芸、映像上映会（試写会など）、講演会、その他1,,,09:00～21:00
千代田区,有楽町２丁目,大丸有,東京都千代田区有楽町2-5-1 有楽町マリオン11F,35.67357,139.763565,ヒューリックホール東京,03-6674-1443,http://hulic-theater.com/,,,,,,,,,,
千代田区,有楽町１丁目,大丸有,東京都千代田区有楽町1-5-1 　日比谷マリンビルB1F,35.67456,139.759506,松尾ホール〔スタインウェイ・サロン東京　松尾ホール〕,03-3539-1845,http://www.h-matsuo.co.jp/hall_studio/hall_tokyo.html,88,88,,,,クラシック,クラシック,利用条件を設定している（市・区での活動団体等）,会員制（会員カード入会）,10:00～19:00
千代田区,有楽町１丁目,大丸有,東京都千代田区有楽町1-1-1,35.673255,139.7586015,日生劇場,03-3503-3111,http://www.nissaytheatre.or.jp/,,,,,,,,,,
千代田区,有楽町１丁目,大丸有,東京都千代田区有楽町1-11-1　読売会館7F,35.675451,139.7629215,有楽町よみうりホール,03-3231-0551,http://yomi-h.jp/,1100,1100,プロセニアム形式,その他,固定席,,,一般に貸出している,,09:00～21:00
千代田区,有楽町１丁目,大丸有,東京都千代田区有楽町1-1-3,35.672949,139.7591055,東京宝塚劇場,0570-00-5100,http://kageki.hankyu.co.jp/theater/tokyo/,2073,2122,プロセニアム形式,その他,固定席,ミュージカル、その他1（レヴュー）,ミュージカル、その他1（レヴュー）,一般への貸出はしていない　　,,10:00～18:00
千代田区,有楽町１丁目,大丸有,東京都千代田区有楽町1-2-1,35.67258,139.759632,シアタークリエ,03-3591-2400,http://www.toho.co.jp/stage/theatre_crea/,609,609,プロセニアム形式,シューボックス形式,固定席,,,一般への貸出はしていない　　,,
新宿区,矢来町,-,東京都新宿区矢来町158,35.704323,139.734981,神楽坂セッションハウス　〔BF1スタジオ〕,03-3266-0461,http://www.session-house.net/index.html,,,,,,,,,,
新宿区,矢来町,-,東京都新宿区矢来町158,35.704323,139.734981,神楽坂セッションハウス　〔２Fギャラリーガーデン〕,03-3266-0461,http://www.session-house.net/index.html,100,100,その他（フリー形式）,アリーナ・平土間形式、扇形形式,可動席（スタッキングチェア）,ポップス、クラシック、ジャズ、演劇、日本の伝統音楽（邦楽等）、世界の民族音楽、バレエ、ダンス・パフォーマンス、映像上映会（試写会など）、講演会、展示会,クラシック、ジャズ、演劇、日本の伝統音楽（邦楽等）、世界の民族音楽、お笑い・寄席・演芸、バレエ、ダンス・パフォーマンス、映像上映会（試写会など）、講演会、展示会,一般に貸出している,,10:00～22:00
新宿区,矢来町,-,東京都新宿区矢来町60,35.70273,139.732389,矢来能楽堂,03-3268-7311,http://yarai-nohgakudo.com/,237,237,その他,その他,固定席、可動席（スタッキングチェア）,能・狂言、日本の伝統音楽（邦楽等）、講演会,能・狂言,利用条件を設定している（市・区での活動団体等）,能楽に限った利用団体・個人,10:00～17:00
渋谷区,本町４丁目,-,東京都渋谷区本町4-19-1 B1F,35.688321,139.680045,TOGI BAR,03-3373-6087,http://togibar.com/,,,オープン形式,シューボックス形式,可動席（スタッキングチェア）（立見）,ポップス、演歌・歌謡曲、お笑い・寄席・演芸、ダンス・パフォーマンス,ポップス、演歌・歌謡曲、ジャズ、演劇、ミュージカル、日本の伝統音楽（邦楽等）、世界の民族音楽、お笑い・寄席・演芸、ダンス・パフォーマンス、合唱、映像上映会（試写会など）、講演会,一般に貸出している,,09:00～22:00
渋谷区,本町４丁目,-,東京都渋谷区本町4-9-7,35.686791,139.6806525,本町区民会館〔大集会場〕,03-3376-8453,http://www.city.shibuya.tokyo.jp/shisetsu/shiiki/kumin-kaikan/km_honmachi.html,200,200,,,可動席（スタッキングチェア）（折りたたみイス）,演劇、ダンス・パフォーマンス、講演会、展示会,講演会、展示会,一般に貸出している,,09:00～21:00
渋谷区,本町１丁目,-,東京都渋谷区本町1-1-1,35.68266,139.686003,新国立劇場〔オペラ劇場〕,03-5351-3011,http://www.nntt.jac.go.jp/,1814,1814,プロセニアム形式,その他,ロールバックチェア,,バレエ、オペラ,一般に貸出している,,10:00～22:00
渋谷区,本町１丁目,-,東京都渋谷区本町1-1-1,35.68266,139.686003,新国立劇場〔中劇場〕,03-5351-3011,http://www.nntt.jac.go.jp/,1038,1038,プロセニアム形式、オープン形式,その他,ロールバックチェア,,演劇、ミュージカル、バレエ、オペラ、ダンス・パフォーマンス,一般に貸出している,,10:00～22:00
渋谷区,本町１丁目,-,東京都渋谷区本町1-1-1,35.68266,139.686003,新国立劇場〔小劇場〕,03-5351-3011,http://www.nntt.jac.go.jp/,468,468,その他（可動式、オープンスペース。）,シューボックス形式,ロールバックチェア,,演劇、ミュージカル、ダンス・パフォーマンス,一般に貸出している,,10:00～22:00
渋谷区,本町１丁目,-,東京都渋谷区本町1-2-1,35.681391,139.6855125,初台Ｔｈｅ ＤＯＯＲＳ,03-5350-5800,http://1091m.com/?page_id=274,,,,,,,,,,
港区,北青山２丁目,-,東京都港区北青山2-7-29 　WEEZ北青山ビル地下2F,35.671905,139.7171385,ＨＥＡＶＥＮ 青山’ＳＲ,03-6447-0558,http://www.heaven-aoyama.jp/,,,,,,,,,,
新宿区,北新宿２丁目,-,東京都新宿区北新宿2-1-2　新宿村CENTRAL B2F,35.697006,139.6901025,新宿村LIVE〔新宿村LIVE〕,03-3361-5510,http://www.sihnjukumura-live.com,230,230,プロセニアム形式,シューボックス形式,可動席（スタッキングチェア）（固定席＋可動席）,演劇、ミュージカル、ダンス・パフォーマンス、その他1（トークショー）、その他2（アイドルライブ）、その他3（発表会）,ポップス、演歌・歌謡曲、演劇、ミュージカル、ダンス・パフォーマンス,一般に貸出している,,09:00～22:00
千代田区,北の丸公園,-,東京都千代田区北の丸公園2-1,35.691291,139.753071,科学技術館サイエンスホール〔科学技術館　サイエンスホール〕,03-3212-8485,http://www.event-jsf.jp/science-hall,,,,,,,,,,
渋谷区,富ケ谷１丁目,-,東京都渋谷区富ヶ谷1-37-5 　(株)白寿生科学研究所本社ビル 7F,35.667333,139.690188,HAKUJU HALL,03-5478-8867,https://www.hakujuhall.jp/,300,300,オープン形式,シューボックス形式,固定席,ポップス、クラシック、演歌・歌謡曲、ジャズ、演劇、日本の伝統音楽（邦楽等）、世界の民族音楽、お笑い・寄席・演芸、オペラ、ダンス・パフォーマンス、合唱、映像上映会（試写会など）、講演会、その他1（ファッションショー）、その他2（番組収録）,クラシック、ジャズ、日本の伝統音楽（邦楽等）、世界の民族音楽、合唱、映像上映会（試写会など）、講演会,一般に貸出している,,09:00～21:30
新宿区,百人町３丁目,-,東京都新宿区百人町3-1-2,35.704719,139.700349,東京グローブ座,03-3366-4020,http://www.tglobe.net/,,,,,,,,,,
新宿区,百人町２丁目,-,東京都新宿区百人町2-1-1 　K-PLAZA1 B2F,35.701515,139.7021985,新大久保ｕｎｉｑｕｅ ＬＡＢＯＲＡＴＯＲＹ,03-6205-6158,http://www.unique-laboratory.com/,,,,,,,,,,
新宿区,百人町２丁目,-,東京都新宿区百人町2-16-17 　ＡＶＡＮＴＩ21 Ｂ1F,35.704071,139.698711,スタジオヴィルトゥオージ,03-3362-6482,http://studiovirtuosi.nomaki.jp/,80,80,,アリーナ・平土間形式、扇形形式,,クラシック、合唱,クラシック、合唱、その他1（朗読）,一般に貸出している,,-
新宿区,百人町２丁目,-,東京都新宿区百人町2-2-1 5Ｆ,35.701524,139.701474,ＫＰＬ,050-3554-8399,http://kpop-live.com/,,,,,,,,,,
新宿区,百人町２丁目,-,東京都新宿区百人町2-23-5　矯風会館 1F,35.702343,139.6966455,クラッシックスペース★100,03-3362-6764,http://tsocs100.com/index.html,,,,,,,,,,
新宿区,百人町２丁目,-,東京都新宿区百人町2-8-9　管楽器専門店ダク地下,35.703387,139.6994445,スペースＤｏ,03-3361-2211,http://www.kkdac.co.jp/do/,100,100,オープン形式,アリーナ・平土間形式、扇形形式,可動席（スタッキングチェア）,,ポップス、クラシック、ジャズ、ミュージカル、日本の伝統音楽（邦楽等）、世界の民族音楽、合唱,一般に貸出している,,10:30～21:30
新宿区,百人町１丁目,-,東京都新宿区百人町 1-5-1　百人町ビル1F,35.698239,139.7011815,新宿 ネイキッドロフト,03-3205-1556,http://www.loft-prj.co.jp/naked/,,,,,,,,,,
新宿区,百人町１丁目,-,東京都新宿区百人町1-10-7 　一番街ビルB1F,35.700318,139.699935,新大久保CLUB Voice,03-5338-0938,http://clubvoice.jp/,50,150,オープン形式,アリーナ・平土間形式、扇形形式,可動席（スタッキングチェア）（スタンディング）,ポップス、クラシック、演歌・歌謡曲、ジャズ、演劇、ミュージカル、日本の伝統音楽（邦楽等）、世界の民族音楽、お笑い・寄席・演芸、オペラ、ダンス・パフォーマンス、合唱,ポップス、演歌・歌謡曲、ジャズ、日本の伝統音楽（邦楽等）、世界の民族音楽、お笑い・寄席・演芸、オペラ、ダンス・パフォーマンス、合唱,一般に貸出している,,10:00～22:00
新宿区,百人町１丁目,-,東京都新宿区百人町1-11-29 　ARSビルB2F,35.70021,139.699638,Quarter Note,03-3363-6631,http://quarter-note.com/index.html,102,150,,,可動席（スタッキングチェア）,ポップス、演歌・歌謡曲、ダンス・パフォーマンス,ポップス、ダンス・パフォーマンス,一般に貸出している,,
新宿区,百人町１丁目,-,東京都新宿区百人町1-17-7　大久保ビルＡ館Ｂ1F,35.701542,139.697604,OKUBO ＨＯＴ ＳＨＯＴ,03-5338-8280,http://homepage3.gourmet.coocan.jp/,,,,,,,,,,
新宿区,百人町１丁目,-,東京都新宿区百人町1-20-23,35.700498,139.696425,石森管楽器,03-3360-4970,http://www.ishimori-co.com/page/eventspace,,,,,,,,,,
新宿区,百人町１丁目,-,東京都新宿区百人町1-7-15　韓流百貨店Ｂ1F,35.701272,139.700934,Ｌｉｖｅ Ｂａｒ Ｂｌｕｅ,03-3209-1578,http://www.livebarblue.com/,,,,,,,,,,
千代田区,飯田橋１丁目,-,東京都千代田区飯田橋1-7-3　増田金属ビルＢ1Ｆ,35.699076,139.7486835,飯田橋 スペースウィズ,03-5213-3085,http://www.spacewith.com/,,,,,,,,,,
千代田区,隼町,-,東京都千代田区隼町4-1,35.681436,139.74336,国立劇場〔大劇場〕,03-3265-7411,https://www.ntj.jac.go.jp/kokuritsu.html,1610,1610,プロセニアム形式,その他,固定席,,,利用条件を設定している（市・区での活動団体等）,日本の伝統芸能を優先している。,10:30～21:30
千代田区,隼町,-,東京都千代田区隼町4-1,35.681436,139.74336,国立劇場〔小劇場〕,03-3265-7411,https://www.ntj.jac.go.jp/kokuritsu.html,590,590,プロセニアム形式,その他,固定席,,,利用条件を設定している（市・区での活動団体等）,日本の伝統芸能を優先している。,10:30～21:30
千代田区,隼町,-,東京都千代田区隼町4-1,35.681436,139.74336,国立演芸場〔国立演芸場〕,03-3265-7411,https://www.ntj.jac.go.jp/engei.html,300,300,プロセニアム形式,その他,固定席,,,利用条件を設定している（市・区での活動団体等）,日本の大衆芸能を優先している。,10:30～21:30
渋谷区,鉢山町,-,東京都渋谷区鉢山町13-12 B1F,35.651115,139.6967445,ＬＯＯＰ 代官山,03-6277-5032,http://www.live-loop.com,,,,,,,,,,
中央区,八重洲１丁目,日八京,東京都中央区八重洲1-9-8　ヤエスメッグビルB２F,35.680149,139.770414,東京建物八重洲ホール,03-3274-0941,http://www.tatemono.com/enterprise/build/hall/,108,108,オープン形式,シューボックス形式,可動席（スタッキングチェア）（固定席+可動席）,,,,,10:00～21:00
渋谷区,幡ケ谷３丁目,-,東京都渋谷区幡ヶ谷3-4-1,35.679789,139.67595,幡ヶ谷区民会館〔集会場〕,03-3377-6203,http://www.city.shibuya.tokyo.jp/est/kmkaikan/km_hatagaya.html,,,,,,,,,,
渋谷区,幡ケ谷２丁目,-,東京都渋谷区幡ヶ谷2-8-15　幡ヶ谷KODAビルB1F 102,35.678007,139.6770885,フォレストリミット,03-6276-2886,http://forestlimit.com/fl/,,,,,,,,,,
中央区,日本橋本町３丁目,日八京,東京都中央区日本橋本町3-1-6　日本橋永谷ビル1Ｆ,35.688195,139.77441,お江戸日本橋亭,03-3245-1278,http://ntgp.co.jp/engei/nihonbasi/index.html,,,,,,,,,,
中央区,日本橋浜町２丁目,-,東京都中央区日本橋浜町2-31-1,35.687817,139.7870145,明治座,03-3660-3939,http://www.meijiza.co.jp/,1448,1448,プロセニアム形式,シューボックス形式,固定席,,,,,
中央区,日本橋人形町１丁目,-,東京都中央区日本橋人形町1-1-17　8F,35.684685,139.78161,日本橋社会教育会館〔ホール〕,03-3669-2102,http://chuo-shakyo.shopro.co.jp/nihonbashi,,,,,,,,,,
中央区,日本橋室町２丁目,日八京,東京都中央区日本橋室町2-2-1　COREDO室町1 5F,35.686674,139.774203,日本橋三井ホール,03-5200-3210,http://www.nihonbashi-hall.jp/,,,,,,,,,,
中央区,日本橋室町１丁目,日八京,東京都中央区日本橋室町1-4-1　日本橋三越本店本館６階,35.685603,139.773492,三越劇場,0120-03-9354,http://mitsukoshi.mistore.jp/bunka/theater/index.html;jsessionid=HLxjWwZLN4L0nbS3h5Z3MhmDkyGLMypYqLfrmBFRGwBhn2DWvH40!-1361413285,514,514,プロセニアム形式,その他,固定席,ポップス、クラシック、演歌・歌謡曲、ジャズ、演劇、ミュージカル、歌舞伎、能・狂言、日本の伝統音楽（邦楽等）、世界の民族音楽、お笑い・寄席・演芸、バレエ、オペラ、ダンス・パフォーマンス、合唱、映像上映会（試写会など）、講演会、展示会,ポップス、クラシック、演歌・歌謡曲、ジャズ、演劇、ミュージカル、歌舞伎、能・狂言、日本の伝統音楽（邦楽等）、世界の民族音楽、お笑い・寄席・演芸、バレエ、オペラ、ダンス・パフォーマンス、合唱、映像上映会（試写会など）、講演会、展示会、その他1（太鼓などの打楽器は不可）,一般に貸出している,,10:00～19:00
中央区,日本橋茅場町１丁目,-,東京都中央区日本橋茅場町1-5-8,35.680599,139.77936,東京証券会館,03-3667-9210,http://www.ts-kaikan.co.jp/,342,342,オープン形式,シューボックス形式,固定席,演劇、日本の伝統音楽（邦楽等）、世界の民族音楽、お笑い・寄席・演芸、講演会、その他1（ファンイベント）,日本の伝統音楽（邦楽等）、講演会、その他1（ファンイベント）,一般に貸出している,,-
中央区,日本橋蛎殻町１丁目,-,東京都中央区日本橋蛎殻町1-31-1,35.682462,139.7842605,中央区立日本橋公会堂（日本橋劇場）〔ホール（日本橋劇場）〕,03-3666-4255,http://www.nihonbasikokaido.com/,424,440,プロセニアム形式,シューボックス形式,固定席,クラシック、演歌・歌謡曲、演劇、ミュージカル、歌舞伎、能・狂言、日本の伝統音楽（邦楽等）、世界の民族音楽、お笑い・寄席・演芸、バレエ、ダンス・パフォーマンス、合唱、映像上映会（試写会など）、講演会,演劇、歌舞伎、能・狂言、日本の伝統音楽（邦楽等）、お笑い・寄席・演芸、講演会,一般に貸出している,,09:00～21:30
中央区,日本橋３丁目,日八京,東京都中央区日本橋3-2-17 　日伸ビルB1F,35.680671,139.771098,ＨＩＴ ＳＴＵＤＩＯ ＴＯＫＹＯ,03-5205-3800,http://big-echo.jp/hst/,,,,,,,,,,
千代田区,日比谷公園,-,東京都千代田区日比谷公園1-4,35.671941,139.7546415,千代田区立日比谷図書文化館〔日比谷コンベンションホール（大ホール）〕,03-3502-3345,http://hibiyal.jp/hibiya/room_01.html,207,207,プロセニアム形式,その他,固定席,,映像上映会（試写会など）、講演会,一般に貸出している,,10:00～22:00
千代田区,日比谷公園,-,東京都千代田区日比谷公園1-4,35.671941,139.7546415,千代田区立日比谷図書文化館〔スタジオプラス（小ホール）〕,03-3502-3345,http://hibiyal.jp/hibiya/room_01.html,60,60,オープン形式,アリーナ・平土間形式、扇形形式,可動席（スタッキングチェア）、可動席（スタッキングチェア）（スクール形式）,,講演会、展示会,一般に貸出している,,10:00～22:00
千代田区,日比谷公園,-,東京都千代田区日比谷公園 ,35.67263366,139.755226,【野外】日比谷公園〔にれの木広場〕,03-3501-6428,https://www.tokyo-park.or.jp/park/format/index037.html,,,,,,,,,,
千代田区,日比谷公園,-,東京都千代田区日比谷公園 ,35.67263366,139.755226,【野外】日比谷公園〔噴水広場〕,03-3501-6428,https://www.tokyo-park.or.jp/park/format/index037.html,,,,,,,,,,
千代田区,日比谷公園,-,東京都千代田区日比谷公園 ,35.67263366,139.755226,【野外】日比谷公園〔日比谷小音楽堂〕,03-3501-6428,https://www.tokyo-park.or.jp/park/format/index037.html,1075,"1,000人以上2,000人未満",オープン形式,その他,固定席,ポップス、クラシック、演歌・歌謡曲、ジャズ、その他1（軽音楽などの演奏に限る）,クラシック、ジャズ、その他1（軽音楽などの演奏に限る）,一般に貸出している,,09:00～16:00
千代田区,日比谷公園,-,東京都千代田区日比谷公園1－5,35.673174,139.7540115,【野外】日比谷野外音楽堂,03-3591-6388,http://hibiya-kokaido.com/,3114,3114,その他（野外形式）,その他,固定席,ポップス、クラシック、ジャズ、ダンス・パフォーマンス、合唱、講演会、その他1（集会）,ポップス、クラシック、ジャズ、ダンス・パフォーマンス、合唱、講演会、その他1（集会）,一般に貸出している,,09:00～21:00
渋谷区,南平台町,-,東京都渋谷区南平台町17-6　SVAX南平台ビル3F,35.653482,139.695021,ミュージックサロン エスプリ,03-6455-0190,http://www.musicsalonesprit.com/,70,70,オープン形式,アリーナ・平土間形式、扇形形式,可動席（スタッキングチェア）,クラシック,クラシック,,,
港区,南青山６丁目,-,東京都港区南青山6-10-12 　フェイス南青山1F,35.659296,139.715217,Ｆｕｔｕｒｅ ＳＥＶＥＮ,03-6861-7777,http://future7.jp/,120,230,オープン形式,シューボックス形式,可動席（スタッキングチェア）,ポップス、クラシック、演歌・歌謡曲、ジャズ、演劇、映像上映会（試写会など）、講演会、展示会、その他1（プレスリリース）,ポップス、クラシック、演歌・歌謡曲、ジャズ、映像上映会（試写会など）、講演会、展示会、その他1（プレスリリース）,,,10:00～23:00
港区,南青山６丁目,-,東京都港区南青山6-3-16,35.661168,139.716216,ブルーノート東京,03-5485-0088,http://www.bluenote.co.jp,,,,,,,,,,
港区,南青山５丁目,-,東京都港区南青山5-6-23 　SPIRAL B1F,35.663598,139.711752,Restaurant Bar CAY,03-3498-5790,http://www.spiral.co.jp/shop_restaurant/cay/,,,,,,,,,,
港区,南青山５丁目,-,東京都港区南青山5-6-23スパイラル3F ,35.663598,139.711752,スパイラルホール,03-3498-5793,https://www.spiral.co.jp/rental/r_hall,372,,,アリーナ・平土間形式、扇形形式,可動席（スタッキングチェア）,ポップス、クラシック、演歌・歌謡曲、ジャズ、演劇、ミュージカル、歌舞伎、能・狂言、日本の伝統音楽（邦楽等）、世界の民族音楽、お笑い・寄席・演芸、バレエ、オペラ、ダンス・パフォーマンス、合唱、映像上映会（試写会など）、講演会、展示会,ポップス、クラシック、演歌・歌謡曲、ジャズ、演劇、ミュージカル、歌舞伎、能・狂言、日本の伝統音楽（邦楽等）、世界の民族音楽、お笑い・寄席・演芸、バレエ、オペラ、ダンス・パフォーマンス、合唱、映像上映会（試写会など）、講演会、展示会,利用条件を設定している（市・区での活動団体等）,個人貸出不可、法人団体のみ,07:00～23:00
港区,南青山４丁目,-,東京都港区南青山4-21-29,35.663859,139.714893,銕仙会能楽研修所,03-3401-2285,http://www.tessen.org/active/rental,200,200,その他（能舞台）,その他（能舞台）,可動席（スタッキングチェア）,,能・狂言,一般に貸出している,,09:00～21:00
港区,南青山４丁目,-,東京都港区南青山4-9-1 　シンプル青山ビルB1F,35.667342,139.7181465,青山月見ル君想フ,03-5474-8115,http://www.moonromantic.com/,,,,,,,,,,
港区,南青山３丁目,-,東京都港区南青山3-2-2 　MRビルB1F,35.668026,139.7171025,南青山ＭＡＮＤＡＬＡ,03-5474-0411,http://www.mandala.gr.jp/aoyama.html,,,,,,,,,,
新宿区,内藤町,-,東京都新宿区内藤町87,35.68752,139.7145105,新宿区立四谷区民ホール〔四谷区民ホール〕,03-3351-2118,http://www.shinjuku.hall-info.jp/pc/event_yotsuya.html,452,452,プロセニアム形式,シューボックス形式,固定席,ポップス、クラシック、演歌・歌謡曲、演劇、ミュージカル、日本の伝統音楽（邦楽等）、お笑い・寄席・演芸、バレエ、ダンス・パフォーマンス、合唱、映像上映会（試写会など）、講演会,ポップス、クラシック、演歌・歌謡曲、演劇、ミュージカル、日本の伝統音楽（邦楽等）、お笑い・寄席・演芸、バレエ、ダンス・パフォーマンス、合唱、映像上映会（試写会など）、講演会,一般に貸出している,,09:00～21:45
千代田区,内幸町２丁目,-,東京都千代田区内幸町2-1-1　飯野ビルディング4F-6F,35.670942,139.752729,イイノホール,03-3506-3251,https://www.iino.co.jp/hall/,,,プロセニアム形式,シューボックス形式,固定席,ポップス、クラシック、ジャズ、日本の伝統音楽（邦楽等）、お笑い・寄席・演芸、ダンス・パフォーマンス、合唱、映像上映会（試写会など）、講演会、展示会,お笑い・寄席・演芸、映像上映会（試写会など）、講演会、展示会,一般に貸出している,,09:00～21:00
千代田区,内幸町１丁目,-,東京都千代田区内幸町1-5-1,35.669727,139.7576835,千代田区立内幸町ホール〔ホール〕,03-3500-5578,http://www.uchisaiwai-hall.jp/,183,188,プロセニアム形式,シューボックス形式,固定席,ポップス、ジャズ、演劇、ミュージカル、日本の伝統音楽（邦楽等）、世界の民族音楽、お笑い・寄席・演芸、バレエ、ダンス・パフォーマンス、合唱、講演会,ポップス、演歌・歌謡曲、ジャズ、演劇、ミュージカル、日本の伝統音楽（邦楽等）、世界の民族音楽、お笑い・寄席・演芸、バレエ、ダンス・パフォーマンス、合唱、講演会,一般に貸出している,,09:00～22:00
渋谷区,道玄坂２丁目,-,東京都渋谷区 道玄坂 2-19-14,35.659215,139.6964565,B.Y.G,03-3461-8574,http://www.byg.co.jp/index_top.html,,,,,,,,,,
渋谷区,道玄坂２丁目,-,東京都渋谷区道玄坂 2-29-5　ザ・プライム 6F,35.659413,139.698324,CBGK　シブゲキ!!,03-6415-3363,http://cbgk.jp/index.html,242,242,オープン形式,シューボックス形式,固定席,,,,,
渋谷区,道玄坂２丁目,-,東京都渋谷区道玄坂2-14-17,35.658693,139.695921,七面鳥,03-3461-2123,http://www.7mentyo.com/index.html,,,,,,,,,,
渋谷区,道玄坂２丁目,-,東京都渋谷区道玄坂2-14-8 　O-EASTビル1F,35.658729,139.695597,ｄｕｏ ＭＵＳＩＣ ＥＸＣＨＡＮＧＥ,03-5459-8716,http://www.duomusicexchange.com,,,,,,,,,,
渋谷区,道玄坂２丁目,-,東京都渋谷区道玄坂2-14-8 2F,35.658729,139.695597,ＴＳＵＴＡＹＡ Ｏ－ＥＡＳＴ,03-5458-4681,http://shibuya-o.com/east/,500,1300,プロセニアム形式,シューボックス形式,可動席（スタッキングチェア）,,,一般に貸出している,,10:00～22:30
渋谷区,道玄坂２丁目,-,東京都渋谷区道玄坂2-14-8 5F,35.658729,139.695597,ＴＳＵＴＡＹＡ Ｏ－Ｃｒｅｓｔ,03-3770-1095,http://shibuya-o.com/crest/,,,,,,,,,,
渋谷区,道玄坂２丁目,-,東京都渋谷区道玄坂2-21-7 　第8矢澤ビル1F・B1F,35.658981,139.6955295,渋谷ＶＵＥＮＯＳ,03-5458-2551,http://vuenos.com/venue/home,,,,,,,,,,
渋谷区,道玄坂２丁目,-,東京都渋谷区道玄坂2-21-7 　第8矢澤ビル2F・3F,35.658981,139.6955295,Shibuya Glad,03-5458-2551,http://shibuya-glad.com/venue/,,,,,,,,,,
渋谷区,道玄坂２丁目,-,東京都渋谷区道玄坂2-21-7 　第8矢澤ビル5F,35.658981,139.6955295,LOUNGE NEO,03-5458-2551,http://www.loungeneo.com/venue/,,,,,,,,,,
渋谷区,道玄坂２丁目,-,東京都渋谷区道玄坂2-23-12　ファンティスビル2Ｆ,35.659998,139.695984,渋谷Studio Freedom,03-5784-5496,http://studiofreedom.jp/,0,300,プロセニアム形式,シューボックス形式,可動席（スタッキングチェア）（可動式、ハイチェアのみ）,ポップス、ダンス・パフォーマンス、講演会、展示会、その他1（アイドル）、その他2（動画配信）、その他3（ユーチューバー）,ポップス、ジャズ、演劇、ミュージカル、歌舞伎、能・狂言、ダンス・パフォーマンス、映像上映会（試写会など）、講演会、展示会、その他1（アイドル）、その他2（動画配信）、その他3（ユーチューバー）,一般に貸出している,,12:00～05:00
渋谷区,道玄坂２丁目,-,東京都渋谷区道玄坂2-24-1,35.660655,139.695948,Bunkamura 〔Bunkamuraオーチャードホール〕,03-3477-9111,http://www.bunkamura.co.jp/orchard/,2150,2150,プロセニアム形式,シューボックス形式,固定席,ポップス、クラシック、ジャズ、ミュージカル、歌舞伎、能・狂言、日本の伝統音楽（邦楽等）、世界の民族音楽、バレエ、オペラ、ダンス・パフォーマンス、合唱,ポップス、クラシック、ジャズ、ミュージカル、日本の伝統音楽（邦楽等）、世界の民族音楽、バレエ、オペラ、ダンス・パフォーマンス、合唱,一般に貸出している,,09:00～22:00
渋谷区,道玄坂２丁目,-,東京都渋谷区道玄坂2-24-1,35.660655,139.695948,Bunkamura 〔Bunkamuraシアターコクーン〕,03-3477-9111,http://www.bunkamura.co.jp/cocoon/,747,811,プロセニアム形式,シューボックス形式,固定席,ポップス、ジャズ、演劇、ミュージカル、歌舞伎、能・狂言、世界の民族音楽、ダンス・パフォーマンス,演劇、ダンス・パフォーマンス,一般に貸出している,,09:00～22:00
渋谷区,道玄坂２丁目,-,東京都渋谷区道玄坂2-25-17　カスミビル,35.659566,139.697658,RUBY ROOM,03-3780-3022,http://rubyroomtokyo.com/,,,,,,,,,,
渋谷区,道玄坂２丁目,-,東京都渋谷区道玄坂2-29-5　渋谷プライム5F,35.659413,139.698324,eplus LIVING ROOM CAFE & DINING,03-6452-5424,http://livingroomcafe.jp/,150,170,オープン形式,アリーナ・平土間形式、扇形形式,可動席（スタッキングチェア）,ポップス、クラシック、ジャズ、ミュージカル、日本の伝統音楽（邦楽等）、世界の民族音楽、お笑い・寄席・演芸、ダンス・パフォーマンス、講演会,ポップス、クラシック、ジャズ、日本の伝統音楽（邦楽等）、世界の民族音楽、講演会,一般に貸出している,,11:00～22:00
渋谷区,道玄坂２丁目,-,東京都渋谷区道玄坂2-29-5　渋谷プライム6F,35.659413,139.698324,Mt.RAINIER HALL SHIBUYA PLEASURE PLEASURE,03-5459-5050,http://www.pleasure-pleasure.jp/index.php,,,,,,,,,,
渋谷区,道玄坂１丁目,-,東京都渋谷区道玄坂1-15-3 　プリメーラ道玄坂B1F,35.657307,139.6976895,Stage House 渋谷La.mama〔渋谷La.mama〕,03-3464-0801,http://www.lamama.net,100,250,オープン形式,その他,可動席（スタッキングチェア）,ポップス、クラシック、演歌・歌謡曲、ジャズ、演劇、日本の伝統音楽（邦楽等）、お笑い・寄席・演芸、ダンス・パフォーマンス、合唱、映像上映会（試写会など）、講演会,ポップス、クラシック、演歌・歌謡曲、ジャズ、演劇、日本の伝統音楽（邦楽等）、お笑い・寄席・演芸、ダンス・パフォーマンス、合唱、映像上映会（試写会など）、講演会,一般に貸出している,,15:00～22:00
渋谷区,道玄坂１丁目,-,東京都渋谷区道玄坂1-17-6 　プロスペクトB1F,35.656866,139.697073,ＬＩＶＥ ＳＴＡＧＥ ＧＵＩＬＴＹ,03-3770-1130,http://www.guilty.ne.jp,80,250,その他（エンドステージ）,シューボックス形式,可動席（スタッキングチェア）,ポップス、演歌・歌謡曲、ジャズ、演劇、ミュージカル、お笑い・寄席・演芸、ダンス・パフォーマンス,ポップス、演歌・歌謡曲、ジャズ、演劇、お笑い・寄席・演芸、ダンス・パフォーマンス,一般に貸出している,,10:00～22:00
渋谷区,道玄坂１丁目,-,東京都渋谷区道玄坂1-18-3 　プレミア道玄坂ビルB1F,35.657424,139.696911,渋谷ＲＥＸ,03-5728-4911,http://www.ruido.org/rex/,,,オープン形式,,可動席（スタッキングチェア）、可動席（スタッキングチェア）（基本スタンディング）,ポップス、クラシック、ジャズ、演劇、ミュージカル、お笑い・寄席・演芸、ダンス・パフォーマンス、合唱、映像上映会（試写会など）,ポップス,一般に貸出している,,-
千代田区,東神田１丁目,-,東京都千代田区東神田1-3-3 　ケイシンビル1,35.693442,139.780062,LIVE　HOUSE　A　BOMBER,03-3851-3788,http://www.keising.co.jp/html/page86.html,,,,,,,,,,
港区,東新橋２丁目,虎ノ門広域,東京都港区東新橋2-18-2　グラディート汐留1F,35.661024,139.758093,汐留ベヒシュタイン・サロン,03-6432-4080,https://www.euro-piano.co.jp/dealer/shiodome/,,,,,,,,,,
港区,東新橋１丁目,虎ノ門広域,東京都港区東新橋1-1-19　ヤクルト本社ビル,35.666046,139.760406,ヤクルトホール,03-3574-7255,http://www.yakult.co.jp/hall/,,,,,,,,,,
港区,東新橋１丁目,虎ノ門広域,東京都港区東新橋1-7-2 　汐留メディアタワーアネックス1F,35.66331,139.759056,日仏文化協会 汐留ホール,03-6255-4104,https://www.ccfj.com/hall/index.html,100,100,その他（ステージの区切りなし、フラットタイプ）,その他,可動席（スタッキングチェア）,ポップス、クラシック、ジャズ、演劇、ミュージカル、日本の伝統音楽（邦楽等）、世界の民族音楽、お笑い・寄席・演芸、バレエ、オペラ、ダンス・パフォーマンス、合唱、映像上映会（試写会など）、講演会、展示会,ポップス、クラシック、講演会、展示会,一般に貸出している,,10:00～21:00
港区,東新橋１丁目,虎ノ門広域,東京都港区東新橋1-8-2,35.664921,139.762485,大同生命ミュージカルシアター　電通四季劇場〔海〕,03-5776-6730,https://www.shiki.jp/theatres/gr/umi/,,,,,,,,,,
渋谷区,東３丁目,-,東京都渋谷区東3-14-19 　オークヒルズB1F,35.651349,139.709502,恵比寿ＣｒｅＡｔｏ,03-6427-5273,http://www.creato.bz/,,,,,,,,,,
渋谷区,東３丁目,-,東京都渋谷区東3-16-6,35.649135,139.7105325,ＬＩＱＵＩＤＲＯＯＭ,03-5464-0800,http://www.liquidroom.net,,,,,,,,,,
渋谷区,東３丁目,-,東京都渋谷区東3-16-6 　LIQUIDROOM 2F,35.649135,139.7105325,KATA,-,http://kata-gallery.net/,60,110,オープン形式,シューボックス形式,可動席（スタッキングチェア）,ポップス、ジャズ、演劇、ミュージカル、ダンス・パフォーマンス、映像上映会（試写会など）、講演会、展示会,ポップス、映像上映会（試写会など）、講演会、展示会,一般に貸出している,,11:30～22:00
渋谷区,東３丁目,-,東京都渋谷区東3-18-3,35.649756,139.7096775,恵比寿・エコー劇場,03-5466-3322,http://www.s-echo.co.jp/,130,130,プロセニアム形式,シューボックス形式,固定席,演劇、ミュージカル、お笑い・寄席・演芸、講演会,演劇、ミュージカル、お笑い・寄席・演芸、映像上映会（試写会など）、講演会,一般に貸出している,,
渋谷区,東１丁目,-,東京都渋谷区東1-2-20 住友不動産渋谷ファーストタワーB1F,35.658009,139.708719,ベルサール渋谷ファースト〔B1 HALL〕,03-6418-2611,https://www.bellesalle.co.jp/shisetsu/shibuya/bs_shibuyafirst,1350,1350,オープン形式,アリーナ・平土間形式、扇形形式,可動席（スタッキングチェア）,講演会、展示会、その他1（株主総会）,講演会、展示会、その他1（株主総会）,一般に貸出している,,00:00～24:00
渋谷区,東１丁目,-,東京都渋谷区東1-2-20 住友不動産渋谷ファーストタワーB1F,35.658009,139.708719,ベルサール渋谷ファースト〔2F HALL〕,03-6418-2611,https://www.bellesalle.co.jp/shisetsu/shibuya/bs_shibuyafirst,1230,1230,オープン形式,アリーナ・平土間形式、扇形形式,可動席（スタッキングチェア）,講演会、展示会、その他1（株主総会）,講演会、展示会、その他1（株主総会）,一般に貸出している,,00:00～24:00
渋谷区,東１丁目,-,東京都渋谷区東1-25-2　マルハシビルB1F,35.654607,139.708431,CLUB CRAWL,03-3498-3113,http://bighitcompany.com/crawl/,,200,,,,お笑い・寄席・演芸,日本の伝統音楽（邦楽等）,利用条件を設定している（市・区での活動団体等）,-,-
渋谷区,東１丁目,-,東京都渋谷区東1-26-23 ,35.654967,139.707405,リフレッシュ氷川〔集会室〕,03-5466-7700,http://www.city.shibuya.tokyo.jp/est/ref_hikawa.html,200,200,その他（学校体育館のステージと同等）,その他（学校体育館と同等）,可動席（スタッキングチェア）,演歌・歌謡曲、演劇、ミュージカル、日本の伝統音楽（邦楽等）、お笑い・寄席・演芸、バレエ、オペラ、ダンス・パフォーマンス、合唱、映像上映会（試写会など）、講演会、展示会、その他1（新体操など）,演歌・歌謡曲、演劇、ミュージカル、日本の伝統音楽（邦楽等）、お笑い・寄席・演芸、バレエ、オペラ、ダンス・パフォーマンス、合唱、映像上映会（試写会など）、講演会、展示会、その他1（新体操など）,利用条件を設定している（市・区での活動団体等）,活動団体の事前登録,09:00～21:00
渋谷区,東１丁目,-,東京都渋谷区東1-26-30　渋谷イーストビル 1F,35.655462,139.7069505,APC 弦楽器工房　ホール　ラトリエ,03-6427-1088,http://www.latelierbyapc.com/latelier/index.html,,,,,,,,,,
新宿区,中落合２丁目,-,東京都新宿区中落合2-1-10,35.722224,139.69341,シアター風姿花伝,03-3954-3355,http://www.fuusikaden.com/index.html,80,80,オープン形式,シューボックス形式,可動席（スタッキングチェア）,演劇,演劇,一般に貸出している,,10:00～22:00
新宿区,中井２丁目,-,東京都新宿区中井2-1-28　大本ビル4F,35.719137,139.6886265,音楽サロン パパゲーノ,03-3998-5426,http://salon-papageno.com/index.html,,,,,,,,,,
中央区,築地５丁目,-,東京都中央区築地5-3-2　朝日新聞東京本社新館2F,35.664183,139.7665755,浜離宮朝日ホール〔音楽ホール〕,03-5541-8710,http://www.asahi-hall.jp/hamarikyu/,552,552,オープン形式,シューボックス形式,固定席,ポップス、クラシック、演歌・歌謡曲、ジャズ、日本の伝統音楽（邦楽等）、世界の民族音楽、合唱、映像上映会（試写会など）、講演会,クラシック,一般に貸出している,,-
中央区,築地５丁目,-,東京都中央区築地5-3-2　朝日新聞東京本社新館2F,35.664183,139.7665755,浜離宮朝日ホール 〔小ホール〕,03-5541-8710,http://www.asahi-hall.jp/hamarikyu/,398,398,オープン形式,アリーナ・平土間形式、扇形形式,ロールバックチェア、可動席（スタッキングチェア）,ポップス、クラシック、演歌・歌謡曲、ジャズ、演劇、日本の伝統音楽（邦楽等）、世界の民族音楽、お笑い・寄席・演芸、合唱、映像上映会（試写会など）、講演会、展示会,お笑い・寄席・演芸、講演会,一般に貸出している,,-
中央区,築地５丁目,-,東京都中央区築地5-6-10　浜離宮パークサイドプレイス1Ｆ,35.662374,139.765617,ＢＬＵＥ ＭＯＯＤ,03-3549-6010,https://blue-mood.jp/,,,,,,,,,,
中央区,築地３丁目,-,東京都中央区築地3-15-1 築地本願寺内,35.666361,139.772169,ブディストホール,03-3248-0798,http://buddhisthall.com/index.htm,164,164,プロセニアム形式,シューボックス形式,固定席,,,利用条件を設定している（市・区での活動団体等）,-,10:00～22:00
新宿区,箪笥町,-,東京都新宿区箪笥町15,35.700534,139.734198,新宿区立牛込箪笥区民ホール〔牛込箪笥区民ホール〕,03-3260-3421,http://www.shinjuku.hall-info.jp/pc/event_ushigometansu.html,392,392,プロセニアム形式,その他,可動席（スタッキングチェア）,クラシック、演劇、お笑い・寄席・演芸、映像上映会（試写会など）、講演会,クラシック、演劇、お笑い・寄席・演芸、映像上映会（試写会など）、講演会,一般に貸出している,,09:00～21:45
千代田区,大手町１丁目,大丸有,東京都千代田区大手町1-3-7,35.688762,139.7622915,日経ホール＆カンファレンスルーム〔日経ホール〕,03-6256-7686,http://www.nikkei-hall.com/,610,610,プロセニアム形式,シューボックス形式,固定席,ポップス、クラシック、演歌・歌謡曲、ジャズ、演劇、歌舞伎、能・狂言、日本の伝統音楽（邦楽等）、世界の民族音楽、お笑い・寄席・演芸、バレエ、オペラ、ダンス・パフォーマンス、合唱、映像上映会（試写会など）、講演会,ポップス、クラシック、演歌・歌謡曲、ジャズ、演劇、ミュージカル、歌舞伎、能・狂言、日本の伝統音楽（邦楽等）、世界の民族音楽、お笑い・寄席・演芸、バレエ、オペラ、ダンス・パフォーマンス、合唱、映像上映会（試写会など）、講演会,一般に貸出している,,09:00～22:00
千代田区,大手町１丁目,大丸有,東京都千代田区大手町1-7-1,35.687133,139.764501,よみうり大手町ホール〔よみうり大手町ホール〕,03-6739-5838,http://yomi.otemachi-hall.com/,501,501,オープン形式,シューボックス形式,固定席,,,,,
千代田区,大手町１丁目,大丸有,東京都千代田区大手町1-7-1,35.687133,139.764501,よみうり大手町ホール〔小ホール〕,03-6739-5838,http://yomi.otemachi-hall.com/,384,397,その他（昇降式舞台）,アリーナ・平土間形式、扇形形式,可動席（スタッキングチェア）,,,,,
新宿区,大久保２丁目,-,東京都新宿区大久保2-32-3 　リスボンビルB1F,35.701434,139.7025495,新大久保ＥＡＲＴＨＤＯＭ,03-3205-4469,http://www1.odn.ne.jp/shinjuku-dom/index.html/dom.html,,,,,,,,,,
新宿区,大久保２丁目,-,東京都新宿区大久保2-5-19 　シティプラザ大久保B1F,35.702973,139.708116,新宿ＨＥＡＤ ＰＯＷＥＲ,03-6380-3769,http://headpower.tokyo/,,,,,,,,,,
新宿区,大久保２丁目,-,東京都新宿区大久保2-6-10 　新宿第2アルプスマンションB1F,35.701839,139.7079315,新宿グラムシュタイン,03-6380-2517,http://glamstein.syncl.jp/,,,,,,,,,,
新宿区,大久保２丁目,-,東京都新宿区大久保2-6-10 　新宿第2アルプスマンションB1F,35.701839,139.7079315,新宿Ｃａｔ’ｓ ｈｏｌｅ,03-6380-3533,http://catshole.syncl.jp/,40,150,,,,,,一般に貸出している,,09:00～22:00
新宿区,大久保２丁目,-,東京都新宿区大久保2-6-16　平安ビルB1F,35.70138,139.7078145,真昼の月・夜の太陽,03-6380-3260,http://mahiru-yoru.com/index.html,,,,,,,,,,
新宿区,大久保１丁目,-,東京都新宿区大久保1-11-3　大東ビルＢ1F,35.698536,139.70403,代アニＬＩＶＥステーション,03-6233-8622,http://www.yoani-live.com/,,,,,,,,,,
新宿区,大久保１丁目,-,東京都新宿区大久保1-17-8 1Ｆ,35.698302,139.7023695,ＳＨＯＷＢＯＸ,03-3208-4522,http://showbox.jp/,,,,,,,,,,
新宿区,大久保１丁目,-,東京都新宿区大久保1-9-10,35.70039,139.704705,Ｒ’ｓアートコート,03-5273-0806,http://www.ro-on.jp/rsartcourt/,,,,,,,,,,
港区,台場１丁目,-,東京都港区台場1-5-1 　台場コミュニティーぷらざ内,35.629965,139.777065,台場区民センター〔区民ホール〕,03-5500-2355,http://www.daiba-civiccenter.jp/shisetsu/list_1.html,250,250,プロセニアム形式、その他（折畳式）,アリーナ・平土間形式、扇形形式、その他,可動席（スタッキングチェア）、可動席（スタッキングチェア）,クラシック、演劇、お笑い・寄席・演芸、バレエ、ダンス・パフォーマンス、合唱、講演会,ポップス、クラシック、演歌・歌謡曲、ジャズ、演劇、ミュージカル、歌舞伎、能・狂言、日本の伝統音楽（邦楽等）、世界の民族音楽、お笑い・寄席・演芸、バレエ、オペラ、ダンス・パフォーマンス、合唱、映像上映会（試写会など）、講演会,利用条件を設定している（市・区での活動団体等）,-,09:00～21:30
渋谷区,代々木神園町,-,東京都渋谷区代々木神園町3-1,35.675883,139.693284,国立オリンピック記念青少年総合センタ－〔カルチャー棟　大ホール〕,03-6407-7703,http://nyc.niye.go.jp/,,,,,,,,,,
渋谷区,代々木神園町,-,東京都渋谷区代々木神園町3-1,35.675883,139.693284,国立オリンピック記念青少年総合センタ－〔カルチャー棟　小ホール〕,03-6407-7703,http://nyc.niye.go.jp/,,,,,,,,,,
渋谷区,代々木神園町,-,東京都渋谷区代々木神園町2－1,35.671788,139.691736,【野外】代々木公園　野外ステージ,03-3469-6081,http://www.vvdcreative.com/sakuhin/17-3yoyogipark/index.html,,,,,,,,,,
渋谷区,代々木５丁目,-,東京都渋谷区代々木 5-1-15,35.671905,139.689414,YCC 代々木八幡コミュニティセンター〔ホール〕,03-3466-3239,https://www.city.shibuya.tokyo.jp/shisetsu/chiiki/kumin_kaikan/yoyogi_newkumin.html,184,184,プロセニアム形式,,固定席,演劇、ダンス・パフォーマンス、合唱、映像上映会（試写会など）、講演会,演劇、ダンス・パフォーマンス、合唱、映像上映会（試写会など）、講演会,利用条件を設定している（市・区での活動団体等）,事前に団体登録必要　個人使用施設は区内在住の60歳以上の方で、事前登録必要,09:00～22:00
渋谷区,代々木４丁目,-,東京都渋谷区代々木4-36-14,35.680959,139.689639,代々木能舞台,03-3370-2757,http://www.yoyoginoubutai.com/,160,160,その他（能舞台）,,可動席（スタッキングチェア）（座布団とパイプイス）,能・狂言、日本の伝統音楽（邦楽等）、世界の民族音楽、お笑い・寄席・演芸、講演会、展示会,能・狂言、日本の伝統音楽（邦楽等）、お笑い・寄席・演芸、展示会,一般に貸出している,,
渋谷区,代々木４丁目,-,東京都渋谷区代々木4-50-8 　参宮橋ゲストハウスB1F,35.678142,139.691601,参宮橋 ＴＲＡＮＣＥ ＭＩＳＳＩＯＮ,03-5825-4661,http://www.trance-mission.jp/main.html,,,,,,,,,,
渋谷区,代々木３丁目,-,東京都渋谷区代々木3-35-4　ミネビル1F,35.682687,139.693419,代々木の森 リブロホール,03-3372-4531,http://libromusic.co.jp/index.html,60,60,,,可動席（スタッキングチェア）,ポップス、クラシック、演歌・歌謡曲、ジャズ、演劇、日本の伝統音楽（邦楽等）、世界の民族音楽、お笑い・寄席・演芸、合唱、映像上映会（試写会など）、講演会,ポップス、クラシック、演歌・歌謡曲、ジャズ、演劇、日本の伝統音楽（邦楽等）、世界の民族音楽、お笑い・寄席・演芸、合唱、映像上映会（試写会など）、講演会,一般に貸出している,,09:00～22:00
渋谷区,代々木２丁目,-,東京都渋谷区代々木2-12-10　全労済会館,35.686998,139.6973565,全労済ホール〔スペース・ゼロ〕,03-3375-8741,http://www.spacezero.co.jp/,,,オープン形式,アリーナ・平土間形式、扇形形式,可動席（スタッキングチェア）,,,,,
渋谷区,代々木２丁目,-,東京都渋谷区代々木2-12-3,35.686737,139.697478,プーク人形劇場,03-3379-0234,http://www.puk.jp/theatre/theater.html,106,106,プロセニアム形式,,固定席、可動席（スタッキングチェア）（舞台前４列のみ可動）,ポップス、ジャズ、演劇、日本の伝統音楽（邦楽等）、お笑い・寄席・演芸、ダンス・パフォーマンス、合唱、映像上映会（試写会など）、講演会、展示会、その他1（ファッションショー）,演劇、映像上映会（試写会など）、講演会、その他1（人形劇）,一般に貸出している,,09:00～21:00
渋谷区,代々木２丁目,-,東京都渋谷区代々木2-21-11　婦選会館,35.686134,139.6974825,女性と政治センター 〔多目的ホール〕,03-3370-0238 ,http://ichikawa-fusae.or.jp/index.html,,,,,,,,,,
渋谷区,代々木１丁目,-,東京都渋谷区代々木1-30-1 　代々木パークビルB1F,35.682228,139.7017575,Ｚｈｅｒ ｔｈｅ ＺＯＯ ＹＯＹＯＧＩ,03-5358-4491,http://www.ukproject.com/zherthezoo,,,,,,,,,,
渋谷区,代々木１丁目,-,東京都渋谷区代々木1-31-12 　日綜代々木ビルB1F,35.681472,139.702329,ＬＩＶＥ ｌａｂｏ代々木,03-5354-3120,http://www.yoyogi-labo.com/,,,,,,,,,,
渋谷区,代々木１丁目,-,東京都渋谷区代々木1-42-4　　代々木P1ビルB1F,35.682678,139.699503,代々木Ｂａｒｂａｒａ,03-3320-5895,http://www.yoyogi-barbara.jp/,,,,,,,,,,
渋谷区,代々木１丁目,-,東京都渋谷区代々木1-53-1,35.684217,139.699962,山野ホール,03-3379-0111,http://www.yamanohall.com/,,,,,,,,,,
渋谷区,代々木１丁目,-,東京都渋谷区代々木1-58-11 　中沢ビルB1F,35.684622,139.700358,アトリエ・ムジカ,03-5350-2250,http://home.att.ne.jp/kiwi/musica/,,,,,,,,,,
渋谷区,代官山町,-,東京都渋谷区代官山町20-20 　モンシェリー代官山B2F,35.648082,139.7022345,晴れたら空に豆まいて,03-5456-8880,http://mameromantic.com/,,,,,,,,,,
新宿区,早稲田町,-,東京都新宿区早稲田町74　ビューロー早稲田B1F,35.705862,139.7225385,Space 早稲田,03-3208-3920,http://www.ryuzanji.com/r-waseda.html,,,,,,,,,,
新宿区,早稲田町,-,東京都新宿区早稲田町74 早稲田オアシスビルB1F,35.705862,139.7225385,早稲田RiNen,0,http://waseda-rinen.com/,,,,,,,,,,
渋谷区,千駄ケ谷５丁目,-,東京都渋谷区千駄ヶ谷5-24-2 　タカシマヤタイムズスクエア 南館7F,35.685936,139.702536,紀伊國屋サザンシアターＴＡＫＡＳＨＩＭＡＹＡ,03-5361-3321,https://www.kinokuniya.co.jp/c/store/theatre.html,468,468,プロセニアム形式,シューボックス形式,固定席,演劇、ミュージカル、能・狂言、お笑い・寄席・演芸、映像上映会（試写会など）、講演会,演劇、ミュージカル、お笑い・寄席・演芸、映像上映会（試写会など）、講演会,一般に貸出している,,09:00～21:00
渋谷区,千駄ケ谷５丁目,-,東京都渋谷区千駄ヶ谷5-24-55,35.688654,139.701231,LUMINE 0〔ホール〕,03-3352-1146,http://www.lumine.ne.jp/luminezero/,368,368,プロセニアム形式,アリーナ・平土間形式、扇形形式,ロールバックチェア、可動席（スタッキングチェア）,ジャズ、演劇、映像上映会（試写会など）、講演会、展示会,ポップス、演歌・歌謡曲、ジャズ、演劇、ミュージカル、日本の伝統音楽（邦楽等）、世界の民族音楽、お笑い・寄席・演芸、ダンス・パフォーマンス、合唱、映像上映会（試写会など）、講演会、展示会,一般に貸出している,,10:00～22:00
渋谷区,千駄ケ谷５丁目,-,東京都渋谷区千駄ヶ谷5-24-55,35.688654,139.701231,LUMINE 0〔スタジオ1〕,03-3352-1146,http://www.lumine.ne.jp/luminezero/,110,110,その他（カンファレンス）,アリーナ・平土間形式、扇形形式,可動席（スタッキングチェア）,講演会、展示会,講演会、展示会,一般に貸出している,,-
渋谷区,千駄ケ谷５丁目,-,東京都渋谷区千駄ヶ谷5-24-55,35.688654,139.701231,LUMINE 0〔スタジオ2〕,03-3352-1146,http://www.lumine.ne.jp/luminezero/,110,110,その他（カンファレンス）,アリーナ・平土間形式、扇形形式,可動席（スタッキングチェア）,講演会、展示会,講演会、展示会,一般に貸出している,,-
渋谷区,千駄ケ谷４丁目,-,東京都渋谷区千駄ヶ谷4-18-1,35.680437,139.7082375,国立能楽堂〔能舞台〕,03-3423-1331,https://www.ntj.jac.go.jp/nou.html,627,627,その他（能舞台）,その他,固定席,能・狂言,能・狂言,利用条件を設定している（市・区での活動団体等）,能、狂言での使用を優先,10:00～21:00
渋谷区,千駄ケ谷４丁目,-,東京都渋谷区千駄ヶ谷4-18-1,35.680437,139.7082375,国立能楽堂〔研修能舞台〕,03-3423-1331,https://www.ntj.jac.go.jp/nou.html,100,100,その他（能舞台）,その他,可動席（スタッキングチェア）,能・狂言,能・狂言,利用条件を設定している（市・区での活動団体等）,能、狂言での使用を優先、自主事業（養成事業）での使用が主。,10:00～21:00
渋谷区,千駄ケ谷４丁目,-,東京都渋谷区千駄ケ谷4-25-2,35.681004,139.7049885,ＳＹＤホール〔SYDホール〕,03-3405-5555,https://syd.or.jp/facility/sydhall/,280,280,その他,シューボックス形式,可動席（スタッキングチェア）,ジャズ、お笑い・寄席・演芸、講演会,,,,09:00～21:00
渋谷区,千駄ケ谷４丁目,-,東京都渋谷区千駄ヶ谷4-3-10 　ニューベリー千駄ヶ谷B1F,35.679348,139.703967,北参道ストロボカフェ,03-3405-2005,http://www.strobe-cafe.com/kitasando/,50,60,,,,ポップス、クラシック、ジャズ、お笑い・寄席・演芸、合唱、映像上映会（試写会など）、展示会,ポップス、クラシック、ジャズ、お笑い・寄席・演芸、合唱、映像上映会（試写会など）、展示会,一般に貸出している,,-
港区,赤坂９丁目,六本木,東京都港区赤坂9-6-41　乃木坂ビルB1F,35.667774,139.727772,BAR COREDO〔EVENT SPACE COREDO〕,03-6434-7808,http://www.barcoredo.com/,,,,,,演劇、お笑い・寄席・演芸、ダンス・パフォーマンス、映像上映会（試写会など）、講演会,ポップス、クラシック、演歌・歌謡曲、ジャズ、演劇、ミュージカル、歌舞伎、能・狂言、日本の伝統音楽（邦楽等）、世界の民族音楽、お笑い・寄席・演芸、バレエ、オペラ、ダンス・パフォーマンス、合唱、映像上映会（試写会など）、講演会、展示会、その他1（レッスン）,一般に貸出している,,10:30～23:00
港区,赤坂９丁目,六本木,東京都港区赤坂9-7-4 　東京ミッドタウンガーデンテラス4F,35.66646,139.730283,Ｂｉｌｌｂｏａｒｄ－ＬＩＶＥ東京,03-3405-1133,http://www.billboard-live.com/hall/t_index.html,,,,,,,,,,
港区,赤坂７丁目,赤坂,東京都港区赤坂7-2-21 　草月会館B1F,35.674083,139.7293155,草月会館〔草月ホール〕,03-3408-9113,http://www.sogetsu.or.jp/know/hall/,530,530,プロセニアム形式,その他,固定席、可動席（スタッキングチェア）,ポップス、演劇、お笑い・寄席・演芸、ダンス・パフォーマンス、映像上映会（試写会など）、講演会,ポップス、お笑い・寄席・演芸、映像上映会（試写会など）、講演会,一般に貸出している,,09:00～21:00
港区,赤坂７丁目,赤坂,東京都港区赤坂7-5-56 　OAG ハウス,35.673093,139.730094,ドイツ文化会館 ＯＡＧホール,03-3582-7743,http://www.oag.jp/jp/ueber-die-oag/veranstaltungsraeume/,,,,,,,,,,
港区,赤坂６丁目,赤坂,東京都港区赤坂6-6-4 　赤坂栄ビルB1F,35.670384,139.7375595,赤坂ジャズライブスポットＢ－ｆｌａｔ,03-5563-2563,http://bflat.biz/,150,150,オープン形式,アリーナ・平土間形式、扇形形式,可動席（スタッキングチェア）,ジャズ,ジャズ,一般に貸出している,,09:00～16:00
港区,赤坂５丁目,赤坂,東京都港区赤坂5-3-2　赤坂サカス内,35.672535,139.735296,マイナビBLITZ赤坂,03-3584-8811,http://www.tbs.co.jp/blitz,604,1418,,,,ポップス、クラシック、演歌・歌謡曲、ジャズ、演劇、ミュージカル、日本の伝統音楽（邦楽等）、世界の民族音楽、お笑い・寄席・演芸、バレエ、ダンス・パフォーマンス、合唱、映像上映会（試写会など）、講演会、展示会、その他1（番組収録など。）,その他1（ジャンル問わず。）,,,
港区,赤坂５丁目,赤坂,東京都港区赤坂5-3-2　赤坂サカス内,35.672535,139.735296,TBS赤坂ACTシアター,03-3589-2277,http://www.tbs.co.jp/act/,1324,1382,プロセニアム形式,その他,固定席,ポップス、演歌・歌謡曲、演劇、ミュージカル、歌舞伎、日本の伝統音楽（邦楽等）、世界の民族音楽、お笑い・寄席・演芸、バレエ、ダンス・パフォーマンス、映像上映会（試写会など）、その他1（株主総会）,ポップス、演歌・歌謡曲、演劇、ミュージカル、歌舞伎、日本の伝統音楽（邦楽等）、世界の民族音楽、お笑い・寄席・演芸、バレエ、ダンス・パフォーマンス、映像上映会（試写会など）、その他1（株主総会）,一般に貸出している,,
港区,赤坂４丁目,赤坂,東京都港区赤坂4-18-13　赤坂コミュニティーぷらざ内,35.674659,139.731849,赤坂区民センター〔区民ホール〕,03-5413-2711,http://www.akasaka-civiccenter.jp/shisetsu/list_1.html,,,,,,,,,,
港区,赤坂３丁目,赤坂,東京都港区赤坂3-10-9　赤坂グランベルホテルB2F,35.675595,139.737087,赤坂RED/THEATER,03-5575-3474,http://www.red-theater.net/,,,プロセニアム形式,,固定席,演劇、ミュージカル、お笑い・寄席・演芸、ダンス・パフォーマンス、講演会,クラシック、ジャズ、演劇、ミュージカル、日本の伝統音楽（邦楽等）、お笑い・寄席・演芸、ダンス・パフォーマンス、講演会,一般に貸出している,,10:00～22:30
港区,赤坂３丁目,赤坂,東京都港区赤坂3-11-7 　ソシアル赤坂地下,35.674551,139.7375685,ＣＲＡＷＦＩＳＨ,03-3584-2496,http://crawfish.jp/,,,,,,,,,,
港区,赤坂３丁目,赤坂,東京都港区赤坂3-17-8 　都ビル2F,35.675091,139.736277,ノヴェンバー・イレブンス１１１１ Ｐａｒｔ２,03-3588-8104,http://www.risingdragon.jp/index.html,50,60,オープン形式,その他,可動席（スタッキングチェア）,ポップス、クラシック、演歌・歌謡曲、ジャズ、演劇、ミュージカル、日本の伝統音楽（邦楽等）、世界の民族音楽、ダンス・パフォーマンス、合唱、映像上映会（試写会など）、講演会、展示会,ポップス、ジャズ、演劇、ミュージカル、日本の伝統音楽（邦楽等）、ダンス・パフォーマンス、合唱、映像上映会（試写会など）、講演会、展示会,一般に貸出している,,10:00～22:30
港区,赤坂２丁目,赤坂,東京都港区赤坂2-14-1 　赤坂山王会館B1F,35.672877,139.737888,赤坂ＣＬＵＢ ＴＥＮＪＩＫＵ,03-3560-2040,http://www.clubtenjiku.jp/,,,,,,,,,,
港区,赤坂１丁目,虎ノ門,東京都港区赤坂1-13-1,35.666955,139.740885,サントリーホール〔ブルーローズ（小ホール）〕,03-3505-1001,http://www.suntory.co.jp/suntoryhall/,,,,,,クラシック、ジャズ、演劇、日本の伝統音楽（邦楽等）、世界の民族音楽、オペラ、ダンス・パフォーマンス、合唱、映像上映会（試写会など）、講演会、その他1（レセプション）、その他2（大ホール併催企画）,クラシック、合唱、その他1（大ホール併催企画）,利用条件を設定している（市・区での活動団体等）,直接問い合わせて下さい。,09:00～21:30
港区,赤坂１丁目,虎ノ門,東京都港区赤坂1-13-1,35.666955,139.740885,サントリーホール〔大ホール〕,03-3505-1001,http://www.suntory.co.jp/suntoryhall/,2006,2006,オープン形式,アリーナ・平土間形式、扇形形式,可動席（スタッキングチェア）（ヴィンヤード形式）,クラシック、ジャズ、日本の伝統音楽（邦楽等）、オペラ、合唱,クラシック、合唱,利用条件を設定している（市・区での活動団体等）,直接問い合わせて下さい。,09:00～21:30
港区,西麻布１丁目,-,東京都港区西麻布1-2-9,35.661456,139.7273355,ＥＸ ＴＨＥＡＴＥＲ ＲＯＰＰＯＮＧＩ,03-6406-2222,http://www.ex-theater.com,920,1746,オープン形式,シューボックス形式,固定席、ロールバックチェア、可動席（スタッキングチェア）,,,利用条件を設定している（市・区での活動団体等）,個人への貸出不可、法人に限る。,09:00～22:00
新宿区,西早稲田３丁目,-,東京都新宿区西早稲田3-20-6 スパイラルビルB1F,35.711379,139.711608,西早稲田BLAH BLAH BLAH,03-6380-3113,https://www.blah-blah-blah.tokyo/,,,,,,,,,,
新宿区,西早稲田３丁目,-,東京都新宿区西早稲田3-27-4　第一キャラット河俣Ｂ1F,35.711685,139.7107125,高田馬場ＲＡＢＩＮＥＳＴ,050-3324-6751,http://www.rabinest.com/,,,,,,,,,,
新宿区,西早稲田２丁目,-,東京都新宿区西早稲田2-3-1,35.707743,139.7168145,早稲田奉仕園〔スコットホール・講堂〕,03-3205-5411,http://www.hoshien.or.jp/seminar/scotthall.html,200,200,プロセニアム形式,シューボックス形式,可動席（スタッキングチェア）,,,,,
新宿区,西早稲田２丁目,-,東京都新宿区西早稲田2-3-1,35.707743,139.7168145,早稲田奉仕園〔リバティホール〕,03-3205-5411,http://www.hoshien.or.jp/seminar/libertyhall.html,80,80,プロセニアム形式,シューボックス形式,可動席（スタッキングチェア）,,,,,
新宿区,西早稲田２丁目,-,東京都新宿区西早稲田２-３-１８,35.707986,139.716333,Tokyo Concerts Lab.,03-3200-9755,http://tocon-lab.com/,100,100,オープン形式,アリーナ・平土間形式、扇形形式,可動席（スタッキングチェア）,,,,,09:00～21:00
新宿区,西早稲田１丁目,-,東京都新宿区西早稲田1-20-14,35.710776,139.7178495,早稲田大学　井深記念ホール,03-3204-2253,http://www.waseda.jp/top/about/work/organizations/academ0ic-affairs-division/international-conference-center,,,,,,,,,,
新宿区,西新宿８丁目,-,東京都新宿区西新宿8-11-1　日東星野ビル2F,35.694801,139.692375,ムラマツホール,03-3367-6000,https://www.muramatsuflute.com/school/rentalhall.html,,,,,,,,,,
新宿区,西新宿７丁目,-,東京都新宿区西新宿7-13-5　第12山京ビルＢ1F,35.694666,139.6966095,ライブハウス新宿21世紀,03-3363-2100,http://21seiki.wix.com/livehouse,,,,,,,,,,
新宿区,西新宿７丁目,-,東京都新宿区西新宿7-21-20　関東交通共済協同組合ビルB2F,35.694351,139.695066,関交協ハーモニックホール,03-6904-7052,http://www.silver-hearts.com/harmonichall/index.html,,,,,,,,,,
新宿区,西新宿６丁目,-,東京都新宿区西新宿6-5-1 　アイランドホール2F,35.693082,139.6931445,新宿ＲｅＮＹ,03-5990-5561,http://ruido.org/reny/,,,,,,,,,,
新宿区,西新宿４丁目,-,東京都新宿区西新宿4-33-7,35.686206,139.68909,新宿区角筈区民ホール〔角筈区民ホール〕,03-3377-1372,http://www.shinjuku.hall-info.jp/pc/event_tsunohazu.html,236,236,プロセニアム形式,シューボックス形式,固定席,講演会、その他1（ピアノ発表会）,講演会、その他1（ピアノ発表会）,一般に貸出している,,09:00～21:45
新宿区,西新宿３丁目,-,東京都新宿区西新宿3-15-8　西新宿パールビルＢ1F,35.683902,139.689693,ＬＩＶＥ ＨＯＵＳＥ ＷＡＬＬ,03-5351-6241,http://wall-moonstep.com/wall/top.html,,,,,,,,,,
新宿区,西新宿３丁目,-,東京都新宿区西新宿3-20-2　東京オペラシティ3Ｆ,35.683002,139.6867545,東京オペラシティ 〔東京オペラシティ　コンサートホール：タケミツ　メモリアル〕,03-5353-0788,https://www.operacity.jp/concert/,1632,1632,オープン形式,シューボックス形式,固定席,クラシック、ジャズ、合唱、その他1（クラシック（現代音楽含む）中心ですが、ジャズ、合唱についてもよくご利用いただいています。）,クラシック、ジャズ、合唱、その他1（従来からのクラシック（現代音楽含む）の他、ジャズ、合唱等の分野で益々のご利用をお待ちしています。）,一般に貸出している,,09:00～21:30
新宿区,西新宿３丁目,-,東京都新宿区西新宿3-20-2　東京オペラシティ3Ｆ,35.683002,139.6867545,近江楽堂,03-5353-6937,http://www.oumigakudou.com/index.html,120,120,,,,,クラシック、演劇、ミュージカル、日本の伝統音楽（邦楽等）、ダンス・パフォーマンス,一般に貸出している,,09:30～21:30
新宿区,西新宿３丁目,-,東京都新宿区西新宿3-20-2　東京オペラシティB1F,35.683002,139.6867545,東京オペラシティ 〔東京オペラシティ　リサイタルホール〕,03-5353-0788,https://www.operacity.jp/concert/,265,265,オープン形式,シューボックス形式,可動席（スタッキングチェア）,クラシック、ジャズ、日本の伝統音楽（邦楽等）、世界の民族音楽、合唱、その他1（クラシック（現代音楽含む）中心ですが、ジャズ、世界の民族音楽、合唱についてもよくご利用いただいています。）,クラシック、ジャズ、合唱、その他1（従来からのクラシック（現代音楽含む）の他、ジャズ、合唱等の分野で益々のご利用をお待ちしています。）,一般に貸出している,,09:00～21:30
新宿区,西新宿１丁目,-,東京都新宿区西新宿1-13-12　西新宿昭和ビル8Ｆ,35.689797,139.696677,ドルチェ楽器　管楽器アヴェニュー東京〔アーティストサロン”Dolce”〕,03-5909-1771,http://www.dolce.co.jp/salon/tokyo.html,,,,,,,,,,
渋谷区,西原３丁目,-,東京都渋谷区西原3-33-1,35.671185,139.6818045,ムジカーザ,03-5454-0054,http://www.musicasa.co.jp/members/index.html,120,120,オープン形式,その他,可動席（スタッキングチェア）,クラシック、ジャズ、演劇、日本の伝統音楽（邦楽等）、世界の民族音楽、お笑い・寄席・演芸、バレエ、オペラ、ダンス・パフォーマンス、合唱、映像上映会（試写会など）、講演会、展示会,クラシック、日本の伝統音楽（邦楽等）、世界の民族音楽,一般に貸出している,,09:00～21:00
中央区,晴海５丁目,-,東京都中央区晴海5-7-1 4Ｆ,35.646948,139.7733255,晴海客船ターミナルホール〔晴海ターミナルホール〕,03-3536-8651,http://www.tptc.co.jp/terminal/guide/harumi/hall,600,600,その他（可動舞台）,その他,可動席（スタッキングチェア）,ポップス、演歌・歌謡曲、ダンス・パフォーマンス、映像上映会（試写会など）、講演会、展示会、その他1（雑貨販売）、その他2（コスプレイベント）、その他3（プロレス）,ダンス・パフォーマンス、映像上映会（試写会など）、講演会、展示会、その他1（雑貨販売）、その他2（コスプレイベント）、その他3（プロレス）,一般に貸出している,,
中央区,晴海１丁目,-,東京都中央区晴海1-8-9,35.65683,139.7819475,第一生命ホール,03-3532-3535,http://www.dai-ichi-seimei-hall.jp/,767,767,プロセニアム形式,その他（オーバル）,固定席,クラシック、日本の伝統音楽（邦楽等）、合唱、講演会,クラシック、合唱,一般に貸出している,,09:00～21:30
渋谷区,神南２丁目,-,東京都渋谷区神南2-2-1,35.664939,139.696119,NHKホール,03-3465-1751,http://www.nhk-sc.or.jp/nhk_hall/index.html,3601,3601,プロセニアム形式,シューボックス形式,固定席,,,,,
渋谷区,神南１丁目,-,東京都渋谷区神南1-12-10　シダックス カルチャービレッジ8F,35.663634,139.7010015,シダックス・カルチャーホール,03-3770-1426,http://www.shidax.co.jp/ssv/hall/index.html,160,160,オープン形式,シューボックス形式,固定席,ポップス、演歌・歌謡曲、演劇、映像上映会（試写会など）,ポップス、演歌・歌謡曲、演劇,一般に貸出している,,-
渋谷区,神南１丁目,-,東京都渋谷区神南1-15-5 　神南プラザビルB1F,35.663526,139.699548,踊心ダンスシアター,03-6416-3352,http://odorigokoro.jp/theater/,,,,,,,,,,
渋谷区,神南１丁目,-,東京都渋谷区神南1-15-8 　引き出しのような家にB1F,35.663751,139.699368,ｎａｇｏｍｉｘ渋谷,03-6809-0833,http://www.nagomix.co.jp/,,,,,,,,,,
渋谷区,神南１丁目,-,東京都渋谷区神南1-21-3 渋谷MODI 7F,35.661582,139.7004705,HMV&BOOKS TOKYO・7Fイベントスペース,03-5784-3270 ,http://www.hmv.co.jp/store/BTK/,,,,,,,,,,
渋谷区,神南１丁目,-,東京都渋谷区神南1-23-13 B2F,35.660142,139.700979,渋谷ＰＬＵＧ,03-5428-9188,http://shibuya-plug.tv/,,,,,,,,,,
渋谷区,神南１丁目,-,東京都渋谷区神南1-3-4 　神南ビルB1F,35.664723,139.7012445,ＵＮＤＥＲ ＤＥＥＲ ＬＯＵＮＧＥ,03-5728-2655,http://www.under-dl.jp/,50,100,,,,ポップス、クラシック、演歌・歌謡曲、ジャズ、日本の伝統音楽（邦楽等）、世界の民族音楽、お笑い・寄席・演芸、バレエ、オペラ、ダンス・パフォーマンス、合唱、映像上映会（試写会など）、講演会、展示会,ポップス、クラシック、演歌・歌謡曲、ジャズ、日本の伝統音楽（邦楽等）、世界の民族音楽、お笑い・寄席・演芸、バレエ、オペラ、ダンス・パフォーマンス、合唱、映像上映会（試写会など）、講演会、展示会,一般に貸出している,,09:00～05:00
渋谷区,神南１丁目,-,東京都渋谷区神南1-6-8,35.664399,139.699386,Ｓｈｉｂｕｙａ ｅｇｇｍａｎ,03-3496-1561,http://www.eggman.jp,,,,,,,,,,
千代田区,神田和泉町,-,東京都千代田区神田和泉町1-2-19 　石井ビルＢ1F,35.699778,139.7762955,秋葉原地下（旧秋葉原 ROCKET GATE）,070-6472-9602,公式ページなし,,,,,,,,,,
千代田区,神田和泉町,-,東京都千代田区神田和泉町1,35.699157,139.776534,ちよだパークサイドプラザ〔多目的ホール〕,03-3864-8931,https://www.city.chiyoda.lg.jp/shisetsu/annai/021.html,0,100,その他（電動壁収納型）,アリーナ・平土間形式、扇形形式,可動席（スタッキングチェア）（必要に応じﾊﾟｲﾌﾟ椅子使用）,ダンス・パフォーマンス、合唱、その他1（武道の練習）,ダンス・パフォーマンス、合唱,利用条件を設定している（市・区での活動団体等）,区団体登録,18:00～22:00
千代田区,神田淡路町２丁目,-,東京都千代田区神田淡路町2-101 3Ｆ,35.697573,139.7671245,ＷＡＴＥＲＲＡＳ ＣＯＭＭＯＮ ホール,"03-5294-6300
",http://www.waterrascommon.com/hall.html,169,210,オープン形式,アリーナ・平土間形式、扇形形式,可動席（スタッキングチェア）,ポップス、クラシック、演歌・歌謡曲、ジャズ、演劇、日本の伝統音楽（邦楽等）、お笑い・寄席・演芸、オペラ、ダンス・パフォーマンス、合唱、映像上映会（試写会など）、講演会、展示会,日本の伝統音楽（邦楽等）、お笑い・寄席・演芸、合唱、映像上映会（試写会など）、講演会、展示会,一般に貸出している,,09:00～22:00
千代田区,神田須田町１丁目,-,東京都千代田区神田須田町1-4-6 吉川ビルB1F,35.694756,139.7679795,神田THE SHOJIMARU,03-6206-9596,http://fukumarurec.wixsite.com/shojimaru,60,100,プロセニアム形式,アリーナ・平土間形式、扇形形式,可動席（スタッキングチェア）,,,,,
千代田区,神田神保町１丁目,-,東京都千代田区神田神保町1-23　神保町シアタービル2F,35.695035,139.761,神保町花月（神保町シアタービル）,03-3219-0678,http://www.yoshimoto.co.jp/jimbocho/,126,136,プロセニアム形式,シューボックス形式,固定席,演劇、お笑い・寄席・演芸、ダンス・パフォーマンス、映像上映会（試写会など）,演劇、お笑い・寄席・演芸、ダンス・パフォーマンス,一般に貸出している,,11:00～21:00
千代田区,神田小川町１丁目,-,東京都千代田区神田小川町1-4　宮地楽器神田店2Ｆ,35.695305,139.7665575,Ｚｉｐｐａｌ Ｈａｌｌ,070-5599-4157,http://www.miyaji.co.jp/zippalhall/,,,,,,ポップス、演歌・歌謡曲、演劇、お笑い・寄席・演芸、映像上映会（試写会など）、講演会、展示会,ポップス、演歌・歌謡曲,一般に貸出している,,11:00～22:00
千代田区,神田駿河台３丁目,-,東京都千代田区神田駿河台3-6,35.697015,139.765833,全電通ホール,03-3219-2211,http://www.zhall.or.jp/index.html,464,464,オープン形式,シューボックス形式、アリーナ・平土間形式、扇形形式,ロールバックチェア、可動席（スタッキングチェア）,ポップス、演劇、お笑い・寄席・演芸、ダンス・パフォーマンス、映像上映会（試写会など）、講演会、展示会,ポップス、演劇、お笑い・寄席・演芸、ダンス・パフォーマンス、映像上映会（試写会など）、講演会、展示会,一般に貸出している,,09:00～21:00
千代田区,神田駿河台１丁目,-,東京都千代田区神田駿河台1-8-11 ,35.697879,139.7628225,東京YWCA会館〔カフマンホール〕,03-3293-5423,http://www.tokyo.ywca.or.jp/kashikaijo/,,,,,,,,,,
千代田区,神田司町,-,東京都千代田区神田司町2-16,35.693037,139.768506,神田さくら館〔多目的ホール〕,03-3256-6061,https://www.city.chiyoda.lg.jp/shisetsu/annai/022.html,,,,,,,,,,
千代田区,神田佐久間河岸,-,東京都千代田区神田佐久間河岸55 　ASビルB1F,35.697141,139.776462,秋葉原ＣＬＵＢ ＧＯＯＤＭＡＮ,03-3862-9010,http://clubgoodman.com/,,,,,,,,,,
渋谷区,神宮前６丁目,-,東京都渋谷区神宮前6-18-8 　ニュー関口ビルB1F,35.664354,139.7026035,クロコダイル,03-3499-5205,http://www.crocodile-Live.jp/,100,250,,,可動席（スタッキングチェア）,その他1（オールジャンル）,ポップス、ジャズ、演劇、ミュージカル、お笑い・寄席・演芸、ダンス・パフォーマンス、映像上映会（試写会など）、講演会、展示会,一般に貸出している,,10:00～24:00
渋谷区,神宮前６丁目,-,東京都渋谷区神宮前6-34-14　原宿表参道ビルB2F,35.668287,139.7039355,hall 60,03-5467-7051,http://hall60.com/index.html,,,,,,,,,,
渋谷区,神宮前５丁目,-,東京都渋谷区神宮前5-1,35.665785,139.7099295,カワイ表参道〔コンサートサロン　パウゼ〕,03-3409-2511,http://shop.kawai.jp/omotesando/floor/2f.html,,,,,,,,,,
渋谷区,神宮前５丁目,-,東京都渋谷区神宮前5-27-7 B1F,35.664804,139.7035215,Ｇａｌａｘｙ － ｇｉｎｇａｋｅｉ,03-6427-2099,http://www.thegalaxy.jp/,,,,,,,,,,
渋谷区,神宮前５丁目,-,東京都渋谷区神宮前5-44-2 　LAPIN ET HALOT ,35.664345,139.707666,ラパン・エ・アロ,03-5469-2570,http://www.lapin-et.com/index.html,,,,,,ポップス、クラシック、演歌・歌謡曲、ジャズ、演劇、ミュージカル、日本の伝統音楽（邦楽等）、世界の民族音楽、お笑い・寄席・演芸、バレエ、オペラ、ダンス・パフォーマンス、合唱、講演会、展示会,ポップス、演歌・歌謡曲、ジャズ、演劇、日本の伝統音楽（邦楽等）、世界の民族音楽、お笑い・寄席・演芸、ダンス・パフォーマンス、講演会、展示会,一般に貸出している,,10:00～22:00
渋谷区,神宮前５丁目,-,東京都渋谷区神宮前5-53-67,35.663238,139.708116,東京ウィメンズプラザ〔ホール〕,03-5467-1711,http://www1.tokyo-womens-plaza.metro.tokyo.jp/,310,,オープン形式,その他,固定席,講演会,講演会,利用条件を設定している（市・区での活動団体等）,-,09:00～21:00
渋谷区,神宮前４丁目,-,東京都渋谷区神宮前 4-2-12 WES B1F,35.666334,139.7109915,表参道ＧＲＯＵＮＤ,03-5772-8566,http://www.omotesando-ground.jp/,158,,プロセニアム形式,アリーナ・平土間形式、扇形形式,可動席（スタッキングチェア）、可動席（スタッキングチェア）（スタンディング）,,,一般に貸出している,,09:00～23:00
渋谷区,神宮前４丁目,-,東京都渋谷区神宮前4-12-10,35.66736,139.708818,表参道ヒルズ　スペース オー,03-3497-0293,http://www.omotesandohills.com/event-space/space-o.html,,,,,,,,,,
渋谷区,神宮前４丁目,-,東京都渋谷区神宮前4-28-21 　ハーモニー原宿B1F,35.669142,139.70691,Ｍｕｓｉｃ Ｒｅｓｔａｕｒａｎｔ Ｌａ Ｄｏｎｎａ,03-5775-6775,http://www.la-donna.jp/,,,,,,,,,,
渋谷区,神宮前１丁目,-,東京都渋谷区神宮前1-1-10 ,35.674047,139.706631,千駄ヶ谷区民会館〔集会場〕,03-3402-7854,https://www.city.shibuya.tokyo.jp/shisetsu/chiiki/kumin_kaikan/km_sendagaya.html,327,327,プロセニアム形式,,固定席、可動席（スタッキングチェア）（折りたたみイス）,演劇、ダンス・パフォーマンス、合唱、講演会、その他1（新体操）,演劇、ダンス・パフォーマンス、合唱、講演会,一般に貸出している,,09:00～21:00
渋谷区,神宮前１丁目,-,東京都渋谷区神宮前1-11-6,35.669088,139.7054025,ラフォーレミュージアム六本木,03-3585-7670,公式ページなし,,,,,,,,,,
渋谷区,神宮前１丁目,-,東京都渋谷区神宮前1-13-14,35.669601,139.703823,原宿クエストホール,03-3470-6331,http://www.quest-hall.or.jp/,,,,,,,,,,
渋谷区,神宮前１丁目,-,東京都渋谷区神宮前1-20-13 　ディアテックビル1F,35.671545,139.704498,原宿ストロボカフェ,03-6447-4495,http://www.strobe-cafe.com/harajuku/,,,,,,,,,,
渋谷区,神宮前１丁目,-,東京都渋谷区神宮前1-23-27赤星ﾋﾞﾙBF,35.67285,139.7042865,アコスタディオ,03-3408-4541,http://nttbj.itp.ne.jp/0334084541/index.html,60,60,その他（なし）,アリーナ・平土間形式、扇形形式,可動席（スタッキングチェア）,クラシック、ジャズ、日本の伝統音楽（邦楽等）、世界の民族音楽、お笑い・寄席・演芸、講演会、展示会、その他,クラシック、ジャズ、日本の伝統音楽（邦楽等）、世界の民族音楽、お笑い・寄席・演芸、映像上映会（試写会など）、講演会、展示会、その他,利用条件を設定している（市・区での活動団体等）,会員制,09:00～21:00
渋谷区,神宮前１丁目,-,東京都渋谷区神宮前1-9-12 　ロイスダールビルB1F-2F,35.669646,139.705614,Ｔｈｅ Ｓａｄ Ｃａｆｅ ＳＴＵＤＩＯ,0120-438-489 ,http://www.sadcafe.com/studio/,,,,,,,,,,
新宿区,神楽坂６丁目,-,東京都新宿区神楽坂6-30,35.703684,139.736187,音楽の友ホール,03-3235-2115,http://www.ongakunotomo.co.jp/company/hall.html,,,,,,,クラシック、日本の伝統音楽（邦楽等）、合唱、講演会,,,
新宿区,神楽坂３丁目,-,東京都新宿区神楽坂3-4 AYビルB1F.,35.700768,139.740984,ＴＨＥＧＬＥＥ,03-5261-3123,http://theglee.jp/,,,,,,ポップス、クラシック、演歌・歌謡曲、ジャズ、能・狂言、日本の伝統音楽（邦楽等）、世界の民族音楽、お笑い・寄席・演芸、合唱、映像上映会（試写会など）、講演会,ポップス、クラシック、演歌・歌謡曲、ジャズ、日本の伝統音楽（邦楽等）、世界の民族音楽、お笑い・寄席・演芸、合唱、映像上映会（試写会など）、講演会,一般に貸出している,,10:00～23:00
新宿区,新宿６丁目,-,東京都新宿区新宿6-14-1,35.695368,139.7093715,新宿区立新宿文化センター 〔大ホール〕,03-3350-1141,http://www.regasu-shinjuku.or.jp/bunka-center/,1802,1802,プロセニアム形式,シューボックス形式,固定席,ポップス、クラシック、演歌・歌謡曲、ジャズ、演劇、ミュージカル、歌舞伎、能・狂言、日本の伝統音楽（邦楽等）、世界の民族音楽、お笑い・寄席・演芸、バレエ、オペラ、ダンス・パフォーマンス、合唱、講演会,ポップス、クラシック、演歌・歌謡曲、ジャズ、演劇、ミュージカル、歌舞伎、能・狂言、日本の伝統音楽（邦楽等）、世界の民族音楽、お笑い・寄席・演芸、バレエ、オペラ、ダンス・パフォーマンス、合唱、講演会,一般に貸出している,,09:00～22:00
新宿区,新宿６丁目,-,東京都新宿区新宿6-14-1,35.695368,139.7093715,新宿区立新宿文化センター 〔小ホール〕,03-3350-1141,http://www.regasu-shinjuku.or.jp/bunka-center/,210,210,プロセニアム形式,シューボックス形式,可動席（スタッキングチェア）,ジャズ、演劇、ミュージカル、日本の伝統音楽（邦楽等）、世界の民族音楽、お笑い・寄席・演芸、オペラ、合唱、講演会,ジャズ、演劇、ミュージカル、日本の伝統音楽（邦楽等）、世界の民族音楽、お笑い・寄席・演芸、オペラ、合唱、講演会,一般に貸出している,,09:00～22:00
新宿区,新宿６丁目,-,東京都新宿区新宿6-28-8　ラ・ベルティ新宿Ｂ1F,35.695728,139.7073645,Neo LiveHouse 新宿 SACT!,050-7510-5158,http://www.sactsow.com,,,オープン形式,アリーナ・平土間形式、扇形形式,可動席（スタッキングチェア）,ポップス、ジャズ、演劇、お笑い・寄席・演芸、ダンス・パフォーマンス、講演会,,一般に貸出している,,10:00～23:00
新宿区,新宿５丁目,-,東京都新宿区新宿5-11-13　富士新宿ビルＢ1F,35.693307,139.7071395,新宿 SUN FACE,03-3359-2133,http://www.shinjyuku-sunface.com/,,,,,,,,,,
新宿区,新宿５丁目,-,東京都新宿区新宿5-11-4　龍生堂ビルＢ1F,35.692137,139.7076885,新宿ミノトール２,03-3341-2655,http://www.mino-2.com/hp/index.htm,,,,,,,,,,
新宿区,新宿５丁目,-,東京都新宿区新宿5-12-4　リーレ新宿ビルＢ1F,35.693568,139.707612,新宿 ＬＥＦＫＡＤＡ,03-5366-0775,http://lefkada.jp/,,,,,,,,,,
新宿区,新宿５丁目,-,東京都新宿区新宿5-4-1　新宿Ｑフラットビル01 Ｂ1F,35.691813,139.710609,Ｌｉｖｅ Ｈｏｕｓｅ ＦＮＶ,03-5879-8145,http://f-n-valve.com/,,,,,,,,,,
新宿区,新宿４丁目,-,東京都新宿区新宿4-3-15　レイフラットビルＢ1F,35.68851,139.7036025,新宿ＡＮＴＩＫＮＯＣＫ,03-3350-5670,http://www.antiknock.net/,,,,,,,,,,
新宿区,新宿３丁目,-,東京都新宿区新宿3-17-7　紀伊國屋書店新宿本店4F,35.692254,139.7030085,紀伊國屋ホール,03-3354-0141,https://www.kinokuniya.co.jp/c/store/hall.html,418,418,プロセニアム形式,シューボックス形式,固定席,演劇、ミュージカル、日本の伝統音楽（邦楽等）、お笑い・寄席・演芸、映像上映会（試写会など）、講演会,演劇、ミュージカル、日本の伝統音楽（邦楽等）、お笑い・寄席・演芸、映像上映会（試写会など）、講演会,一般に貸出している,,-
新宿区,新宿３丁目,-,東京都新宿区新宿3-18-4　セノビル6Ｆ,35.692326,139.702374,新宿ケントス,03-3355-6477,http://www.shinjuku-kentos.co.jp/index.html,,,,,,,,,,
新宿区,新宿３丁目,-,東京都新宿区新宿3-20-8　Wamall　トップハウス4F,35.692803,139.7029905,新宿角座,03-3226-8081,http://www.kadoza.jp/shinjuku/,,,,,,,,,,
新宿区,新宿３丁目,-,東京都新宿区新宿3-28-4,35.690805,139.702671,dues 新宿,03-6380-6141,http://dues-shinjuku.diskunion.net/,,,,,,,,,,
新宿区,新宿３丁目,-,東京都新宿区新宿3-33-10　新宿モリエールビル2F,35.690391,139.703742,新宿シアターモリエール,03-3354-6568,http://www.moliere.co.jp/theatre/,186,186,その他（可動舞台、客席フリースペース）,その他（可動舞台、客席フリースペース）,可動席（スタッキングチェア）,ポップス、クラシック、演歌・歌謡曲、ジャズ、演劇、ミュージカル、日本の伝統音楽（邦楽等）、世界の民族音楽、お笑い・寄席・演芸、ダンス・パフォーマンス、映像上映会（試写会など）、講演会、その他1（稽古場）、その他2（撮影、収録）、その他3（イベント）,ポップス、クラシック、演歌・歌謡曲、ジャズ、演劇、ミュージカル、日本の伝統音楽（邦楽等）、世界の民族音楽、お笑い・寄席・演芸、ダンス・パフォーマンス、映像上映会（試写会など）、講演会、その他1（稽古場）、その他2（撮影、収録）、その他3（イベント）,一般に貸出している,,
新宿区,新宿３丁目,-,東京都新宿区新宿3-35−5  　守ビル3F,35.689779,139.702518,新宿シアターＰＯＯ,03-3341-8992,http://www.poo.co.jp,40,100,オープン形式,,,,,一般に貸出している,,09:00～21:00
新宿区,新宿３丁目,-,東京都新宿区新宿3-38-2　ルミネ新宿店2 7F,35.689653,139.700475,ルミネ the よしもと,03-5339-1112,http://www.yoshimoto.co.jp/lumine/,458,500,オープン形式,シューボックス形式,固定席,お笑い・寄席・演芸,お笑い・寄席・演芸,,,
新宿区,新宿３丁目,-,東京都新宿区新宿3-6-12,35.691156,139.705875,新宿末廣亭,03-3351-2974,http://suehirotei.com,313,313,,,固定席、可動席（スタッキングチェア）（桟敷席）,お笑い・寄席・演芸,お笑い・寄席・演芸,,,
新宿区,新宿３丁目,-,東京都新宿区新宿3-8-8　新宿Ｏ・ＴビルＢ1F,35.690751,139.7067255,ＳＰＡＣＥ 雑遊,090-8846-5379,http://www.zatsuyu.com/,,,,,,,,,,
新宿区,新宿３丁目,-,東京都新宿区新宿3-8-8　新宿Ｏ・ＴビルＢ1F,35.690751,139.7067255,ＳＰＡＣＥ 梟門,090-8846-5379,http://www.zatsuyu.com/kyoumon_performance_info.html,,,,,,,,,,
新宿区,新宿２丁目,-,東京都新宿区新宿2-12-4 　アコード新宿ビルB1F,35.690562,139.7073285,新宿ＰＩＴ ＩＮＮ,03-3354-2024,http://www.pit-inn.com,,,,,,,,,,
新宿区,新宿２丁目,-,東京都新宿区新宿2-12-4　アコード新宿ビルB1F,35.690562,139.7073285,新宿Ｌｉｖｅ Ｆｒｅａｋ,03-3351-7542,http://www.live-freak.com/,,,,,,,,,,
新宿区,新宿２丁目,-,東京都新宿区新宿2-3-12 　光和ビルB1F,35.689203,139.7079855,御苑サウンド,03-3355-7877,http://gyoen-sound.com/,,,,,,ポップス、演歌・歌謡曲、ジャズ、演劇、ミュージカル、世界の民族音楽、お笑い・寄席・演芸、ダンス・パフォーマンス、合唱、映像上映会（試写会など）、講演会,ポップス、クラシック、演歌・歌謡曲、ジャズ、演劇、ミュージカル、能・狂言、日本の伝統音楽（邦楽等）、世界の民族音楽、お笑い・寄席・演芸、オペラ、ダンス・パフォーマンス、合唱、映像上映会（試写会など）、講演会、展示会,,,
新宿区,新宿１丁目,-,東京都新宿区新宿1-19-10 　サンモール第3M B1F,35.689581,139.7128905,サンモールスタジオ,03-5367-5622,http://www.sun-mallstudio.com/,100,100,オープン形式,シューボックス形式,可動席（スタッキングチェア）,演劇,演劇,一般に貸出している,,10:00～22:00
新宿区,新宿１丁目,-,東京都新宿区新宿1-19-10　サンモールクレストB1F,35.689581,139.7128905,シアターサンモール,03-3352-5577,http://theatersunmall.server-shared.com/,294,294,プロセニアム形式,アリーナ・平土間形式、扇形形式,ロールバックチェア、可動席（スタッキングチェア）,ポップス、演歌・歌謡曲、ジャズ、演劇、ミュージカル、日本の伝統音楽（邦楽等）、お笑い・寄席・演芸、ダンス・パフォーマンス、映像上映会（試写会など）,,一般に貸出している,,10:00～22:00
新宿区,新宿１丁目,-,東京都新宿区新宿1-19-8 　サンモール第7ビルB1F,35.689788,139.712544,Gyoen ROSSO 198,03-5925-8333,http://bar-rosso.com/,,,,,,,,,,
新宿区,新宿１丁目,-,東京都新宿区新宿1-34-13 　貝塚ビルB1F,35.691255,139.7108655,Ｗｉｌｄ Ｓｉｄｅ Ｔｏｋｙｏ,03-5919-8847,http://ws-tokyo.com/,,,,,,,,,,
新宿区,新宿１丁目,-,東京都新宿区新宿1-34-16 　清水ビルB1F,35.691066,139.711221,シアターブラッツ,03-3353-1868,http://www.theater-brats.com/,90,120,オープン形式,アリーナ・平土間形式、扇形形式,可動席（スタッキングチェア）,演劇、ミュージカル、お笑い・寄席・演芸、ダンス・パフォーマンス、その他1（撮影場所）,演劇、お笑い・寄席・演芸、ダンス・パフォーマンス,一般に貸出している,,10:00～22:00
新宿区,新宿１丁目,-,東京都新宿区新宿1-34-8 　近代BLD-15 B1F,35.691147,139.7102715,ＳＯＭＥＤＡＹ,03-3359-6777,http://someday.net/index2.html,,,,,,,,,,
新宿区,上落合１丁目,-,東京都新宿区上落合1-17-9,35.716041,139.6935945,ＴＡＣＣＳ １１７９,03-3950-5718,http://haikyo.co.jp/free_space/charge.html,,112,オープン形式,その他（フリースペース）,ロールバックチェア、可動席（スタッキングチェア）,演劇、ミュージカル、お笑い・寄席・演芸、ダンス・パフォーマンス,,一般に貸出している,,10:00～22:00
渋谷区,上原３丁目,-,東京都渋谷区上原3-6-12,35.667981,139.6802295,古賀政男音楽博物館〔けやきホール〕,03-3460-9051,http://www.koga.or.jp/index.html,220,220,プロセニアム形式,シューボックス形式,固定席,ポップス、クラシック、演歌・歌謡曲、ジャズ、日本の伝統音楽（邦楽等）、世界の民族音楽、お笑い・寄席・演芸、ダンス・パフォーマンス、合唱、講演会、展示会,ポップス、クラシック、演歌・歌謡曲、ジャズ、日本の伝統音楽（邦楽等）、世界の民族音楽、合唱、講演会,一般に貸出している,,09:00～21:00
渋谷区,松涛１丁目,-,東京都渋谷区松濤1-26-4,35.659116,139.6933335,タカギクラヴィア 松濤サロン,03-3770-9611,http://takagiklavier.com/salon.html,60,60,その他（サロン）,その他（サロン）,可動席（スタッキングチェア）,,,一般に貸出している,,10:00～22:00
渋谷区,初台１丁目,-,東京都渋谷区初台1-33-10,35.6796,139.6849095,初台区民会館〔大集会室〕,03-3370-8605,http://www.city.shibuya.tokyo.jp/est/kmkaikan/km_hatsudai.html,100,100,,,可動席（スタッキングチェア）（折りたたみイス）,演歌・歌謡曲、演劇、ミュージカル、お笑い・寄席・演芸、バレエ、ダンス・パフォーマンス、合唱、講演会,演歌・歌謡曲、演劇、ミュージカル、お笑い・寄席・演芸、バレエ,一般に貸出している,,09:00～21:00
渋谷区,渋谷４丁目,-,東京都渋谷区渋谷4-5-9 　青山ビルディング2F-4F,35.658639,139.709196,青山蜂,03-5766-4887,http://aoyama-hachi.net/,,,,,,,,,,
渋谷区,渋谷３丁目,-,東京都渋谷区渋谷3-21-3　渋谷ストリーム内,35.657163,139.70322,渋谷ストリーム〔渋谷ストリームホール〕,03-6419-9500,http://stream-hall.jp/,294,700,オープン形式,シューボックス形式、その他（昇降ステージなので平土間にもできます）,,ポップス、演歌・歌謡曲、ジャズ、演劇、ミュージカル、日本の伝統音楽（邦楽等）、ダンス・パフォーマンス、映像上映会（試写会など）、講演会、展示会,ポップス、クラシック、演歌・歌謡曲、ジャズ、演劇、ミュージカル、日本の伝統音楽（邦楽等）、ダンス・パフォーマンス、映像上映会（試写会など）、講演会、展示会,一般に貸出している,,09:00～20:00
渋谷区,渋谷２丁目,-,東京都渋谷区渋谷2-12-13 　八千代ビルB1F,35.65863,139.707999,ＬＡＳＴ ＷＡＬＴＺ ｂｙ ｓｈｉｏｓａｉ,03-6427-4651,http://lastwaltz.info/,,,,,,,,,,
渋谷区,渋谷２丁目,-,東京都渋谷区渋谷2-21-1 9F,35.659116,139.7039265,渋谷ヒカリエ ヒカリエホール〔ホールＡ〕,03-5468-5088,http://www.hikarie.jp/hall/index.html,,,,,,,,,,
渋谷区,渋谷２丁目,-,東京都渋谷区渋谷2-21-1　渋谷ヒカリエ11F,35.659116,139.7039265,東急シアターオーブ,03-3477-9111,http://theatre-orb.com/index.html,1972,1972,プロセニアム形式,,固定席,,,,,
渋谷区,渋谷２丁目,-,東京都渋谷区渋谷2-21-1 渋谷ヒカリエ9F,35.659116,139.7039265,渋谷ヒカリエ ヒカリエホール〔ホールＢ〕,03-5468-5088,http://www.hikarie.jp/hall/index.html,,,,,,,,,,
渋谷区,渋谷１丁目,-,東京都渋谷区円町1-5 　KINOHAUS 2F　ユーロスペース内,35.66181035,139.7040407,ユーロライブ,03-6675-5681,http://eurolive.jp/,178,178,,,固定席,演劇、お笑い・寄席・演芸、映像上映会（試写会など）、その他1（撮影）,演劇、お笑い・寄席・演芸、映像上映会（試写会など）,利用条件を設定している（市・区での活動団体等）,自主興行の開催のない日、時間帯を一般に貸出している,09:30～22:30
渋谷区,渋谷１丁目,-,東京都渋谷区渋谷1-10-2 　志水ビルB1F,35.660673,139.705056,ｃｌｕｂ ｂａｒ ＦＡＭＩＬＹ,"03-3400-9182
 (21時以降)",http://club-bar-family.com/,,,,,,,,,,
渋谷区,渋谷１丁目,-,東京都渋谷区渋谷1-10-7 　グローリア宮益坂III B1F,35.660484,139.7049525,渋谷 ＨＯＭＥ,03-5774-5822,http://www.toos.co.jp/home/index.html,,,,,,,,,,
渋谷区,渋谷１丁目,-,東京都渋谷区渋谷1-10-7 　グローリア宮益坂III B1F,35.660484,139.7049525,渋谷 ＬＵＳＨ,03-5467-3071,http://www.toos.co.jp/lush/,30,230,オープン形式,シューボックス形式,可動席（スタッキングチェア）（スタンディング）,ポップス、演歌・歌謡曲、ジャズ、ダンス・パフォーマンス,ポップス、クラシック、演歌・歌謡曲、ジャズ、お笑い・寄席・演芸、オペラ、ダンス・パフォーマンス、合唱,一般に貸出している,,09:00～22:30
渋谷区,渋谷１丁目,-,東京都渋谷区渋谷1-18-9　(美竹の丘・しぶや内),35.661861,139.7046285,シニア・いきいきコミュニティ・美竹の丘〔多目的ホール〕,03-3486-4594,https://www.city.shibuya.tokyo.jp/shisetsu/koreisha/mitake.html,,,,,,,,,,
渋谷区,渋谷１丁目,-,東京都渋谷区渋谷1-23-16　cocoti SHIBUYA（渋谷ココチ）4階,35.662023,139.702626,東京カルチャーカルチャー,03-3599-2390,http://tcc.nifty.com/,,,,,,,,,,
渋谷区,渋谷１丁目,-,東京都渋谷区渋谷1-3-3　ヒューリック青山第２ビル B1F,35.662014,139.706361,DDD AOYAMA CROSS THEATER,03-5468-5475,http://www.ddd-hall.com/about/,180,180,プロセニアム形式,シューボックス形式,ロールバックチェア,ポップス、ジャズ、演劇、ミュージカル、世界の民族音楽、お笑い・寄席・演芸、バレエ、ダンス・パフォーマンス、映像上映会（試写会など）、講演会、展示会,ポップス、クラシック、演歌・歌謡曲、ジャズ、演劇、ミュージカル、歌舞伎、能・狂言、日本の伝統音楽（邦楽等）、世界の民族音楽、お笑い・寄席・演芸、バレエ、オペラ、ダンス・パフォーマンス、合唱、映像上映会（試写会など）、講演会、展示会,一般に貸出している,,10:00～22:30
新宿区,住吉町,-,東京都新宿区住吉町3-2 　第2山田ビルB1F,35.692254,139.720455,ＢＡＣＫ ＩＮ ＴＯＷＮ,03-3353-4655,http://www.backintown.jp/index.php?z=191302,,,,,,,,,,
新宿区,若葉１丁目,-,東京都新宿区若葉1-22-16 　ASTYビル地階,35.682624,139.725936,クリエイティブスペース絵本塾ホール,03-5312-7041,http://ehonjuku-hall.com/,,,,,,,,,,
港区,芝公園４丁目,-,東京都港区芝公園4-2-8,35.658621,139.7454615,東京タワー フットタウン タワーホール,03-3433-5111,https://www.tokyotower.co.jp/foottown/index.html?id=slide_contents_wrap_6,,,,,,,,,,
港区,芝公園４丁目,-,東京都港区芝公園4-4-7 　Studio Earth 5F,35.657775,139.744917,Ｓｔａｒ Ｒｉｓｅ Ｔｏｗｅｒ〔STUDIO EARTH〕,03-6721-5450,http://starrise-tower.com/archives/rental/studio-earth,,,,,,,,,,
港区,芝公園４丁目,-,東京都港区芝公園4-4-7 　Studio Earth 5F,35.657775,139.744917,Ｓｔａｒ Ｒｉｓｅ Ｔｏｗｅｒ〔STUDIO JUPITER〕,03-6721-5450,http://starrise-tower.com/archives/rental/studio-earth,,,,,,,,,,
港区,芝公園２丁目,-,東京都港区芝公園2-5-20,35.655255,139.7513475,メルパルクホール,03-3459-5501,http://www.mielparque.jp/tokyo/hall/,,,,,,,,,,
港区,芝浦４丁目,-,東京都港区芝浦4-13-1 　UR都市機構トリニティー芝浦 1F･2F,35.640531,139.748571,芝浦港南区民センター〔区民ホール〕,03-3769-8864,http://www.shibaura-konan-civiccenter.jp/shisetsu/list_1.html,235,235,オープン形式,シューボックス形式,ロールバックチェア,ポップス、クラシック、演歌・歌謡曲、ジャズ、演劇、ミュージカル、日本の伝統音楽（邦楽等）、世界の民族音楽、ダンス・パフォーマンス、合唱、映像上映会（試写会など）、講演会,ポップス、クラシック、演歌・歌謡曲、ジャズ、演劇、ミュージカル、日本の伝統音楽（邦楽等）、世界の民族音楽、ダンス・パフォーマンス、合唱、映像上映会（試写会など）、講演会,利用条件を設定している（市・区での活動団体等）,在住、在勤等,09:00～21:30
港区,芝浦１丁目,-,東京都港区芝浦1-16-1 　みなとパーク芝浦,35.646615,139.75164,港区立男女平等参画センター　リーブラ〔リーブラホール〕,03-3456-4149,https://www.minatolibra.jp/annai/,,208,オープン形式,アリーナ・平土間形式、扇形形式,ロールバックチェア,クラシック、演劇、日本の伝統音楽（邦楽等）、世界の民族音楽、ダンス・パフォーマンス、合唱、映像上映会（試写会など）、講演会,クラシック、演劇、ダンス・パフォーマンス、合唱、映像上映会（試写会など）、講演会,一般に貸出している,,09:00～21:30
港区,芝５丁目,-,東京都港区芝5-26-20,35.647416,139.746141,建築会館ホール,03-3456-2016,http://www.aij.or.jp/ho-rugaiyoumousikomitetuduki.html,,,オープン形式,シューボックス形式,可動席（スタッキングチェア）,,,一般に貸出している,,09:00～21:00
新宿区,市谷本村町,-,東京都新宿区市谷本村町3-19 　千代田ビルB1F,35.690823,139.7310615,四谷Honey Burst,03-5261-8312,http://pafrocks.com/index.html,,,,,,,,,,
新宿区,市谷砂土原町１丁目,-,東京都新宿区市谷砂土原町1-1,35.694117,139.736214,ルーテル市ヶ谷ホール,03-3260-8621,http://www.l-i-c.com/hallindex.html,,,,,,,,,,
新宿区,市谷加賀町２丁目,-,東京都新宿区市谷加賀町2-5-26,35.697933,139.728798,加賀町ホール,03-6280-7010,公式ページなし,117,127,オープン形式,アリーナ・平土間形式、扇形形式,可動席（スタッキングチェア）,クラシック、ジャズ、合唱、講演会,クラシック、ジャズ、合唱,,,
新宿区,四谷４丁目,-,東京都新宿区四谷4-4-10,35.687259,139.717395,韓国文化院 ハンマダンホール,03-3357-5970,http://www.koreanculture.jp/intro_facility_hanmadang.php,,,,,,,,,,
新宿区,四谷３丁目,-,東京都新宿区四谷3-4-3　SCビルB1F,35.68779,139.7217465,四谷ＬＯＴＵＳ,03-5315-4781,http://yotsuyalotus.com/,,,,,,,,,,
新宿区,四谷２丁目,-,東京都新宿区四谷2-10 　第2太郎ビルB1F,35.6877,139.7248965,四谷ＯＵＴＢＲＥＡＫ！,03-5368-0852,http://www.hor-outbreak.com/,,,,,,,,,,
新宿区,山吹町,-,東京都新宿区山吹町361　誠志堂ビル1-2F,35.709021,139.7301255,Performing Gallery & Cafe 絵空箱,03-6265-0825,http://esorabako.com/,,,,,,,,,,
千代田区,三番町,-,東京都千代田区三番町6-16,35.69229,139.7457315,二松学舎大学　中洲記念講堂,03-3261-7407,http://www.nishogakusha-u.ac.jp/,415,,オープン形式,シューボックス形式,ロールバックチェア,講演会,講演会,,,09:00～16:30
港区,三田５丁目,-,東京都港区三田5-2-30 SELENE STUDIO B2F,35.64792,139.738221,白金高輪SELENE STUDIO・STUDIO b2,03-6809-5923,http://www.selene.studio/,,,,,,,,,,
港区,三田３丁目,-,東京都港区三田3-12-12,35.642565,139.742856,笹川記念会館　〔国際会議場〕,03-3454-5062,http://www.sasakawahall.jp/convention.html,,,,,,,,,,
渋谷区,笹塚２丁目,-,東京都渋谷区笹塚2-7-11 　日神デュオステージ笹塚西館B1 2号館,35.67537,139.6688265,デュオステージ ＢＢｓ,03-3377-0777,http://www.djdj.co.jp/duobbs/,100,100,,アリーナ・平土間形式、扇形形式,可動席（スタッキングチェア）,演劇、お笑い・寄席・演芸、映像上映会（試写会など）,演劇、お笑い・寄席・演芸、映像上映会（試写会など）、講演会,利用条件を設定している（市・区での活動団体等）,見学をしてから,10:00～22:00
渋谷区,桜丘町,-,東京都渋谷区桜丘町3-3 　第二岡崎ビルB1F,35.656569,139.70232,渋谷ｃｌｕｂ乙－ｋｉｎｏｔｏ－,03-3780-1010,http://kinoto.jp/,,,,,,,,,,
渋谷区,桜丘町,-,東京都渋谷区桜丘町16-12　桜丘フロントビルB1F,35.656794,139.7011005,ＲＵＩＤＯ Ｋ２,03-3462-5310,http://www.ruido.org/k2/,50,200,,,,ポップス、演歌・歌謡曲、ジャズ、演劇、ミュージカル、ダンス・パフォーマンス、展示会、その他1（アカペラ）,ポップス、演歌・歌謡曲、ジャズ、演劇、世界の民族音楽、お笑い・寄席・演芸、ダンス・パフォーマンス、その他1（アカペラ）,一般に貸出している,,10:00～22:30
渋谷区,桜丘町,-,東京都渋谷区桜丘町23-21,35.65548,139.699917,渋谷区文化総合センター大和田〔さくらホール〕,03-3464-3381,http://www.shibu-cul.jp/sakurahall,735,735,プロセニアム形式,シューボックス形式,固定席,ポップス、クラシック、演歌・歌謡曲、ジャズ、演劇、ミュージカル、歌舞伎、日本の伝統音楽（邦楽等）、世界の民族音楽、お笑い・寄席・演芸、バレエ、オペラ、ダンス・パフォーマンス、合唱、映像上映会（試写会など）、講演会,ポップス、クラシック、演歌・歌謡曲、ジャズ、演劇、ミュージカル、歌舞伎、日本の伝統音楽（邦楽等）、世界の民族音楽、お笑い・寄席・演芸、バレエ、オペラ、ダンス・パフォーマンス、合唱、映像上映会（試写会など）、講演会,一般に貸出している,,09:00～22:00
渋谷区,桜丘町,-,東京都渋谷区桜丘町23-21,35.65548,139.699917,渋谷区文化総合センター大和田〔伝承ホール〕,03-3464-3381,http://www.shibu-cul.jp/denshohall,345,345,プロセニアム形式,シューボックス形式,固定席,ポップス、クラシック、演歌・歌謡曲、ジャズ、演劇、ミュージカル、歌舞伎、能・狂言、日本の伝統音楽（邦楽等）、世界の民族音楽、お笑い・寄席・演芸、バレエ、オペラ、ダンス・パフォーマンス、合唱、映像上映会（試写会など）、講演会,ポップス、クラシック、演歌・歌謡曲、ジャズ、演劇、歌舞伎、能・狂言、日本の伝統音楽（邦楽等）、世界の民族音楽、お笑い・寄席・演芸、ダンス・パフォーマンス、合唱、映像上映会（試写会など）、講演会,一般に貸出している,,09:00～22:00
渋谷区,桜丘町,-,東京都渋谷区桜丘町26-1 B2F,35.656353,139.699593,セルリアンタワー能楽堂,03-3477-6412,http://www.ceruleantower-noh.com/,201,201,その他（能楽堂）,その他（能楽堂）,可動席（スタッキングチェア）,クラシック、ジャズ、演劇、ミュージカル、歌舞伎、能・狂言、日本の伝統音楽（邦楽等）、お笑い・寄席・演芸、バレエ、オペラ、ダンス・パフォーマンス、講演会、その他1（記者発表会）,能・狂言,,,09:00～21:00
渋谷区,桜丘町,-,東京都渋谷区桜丘町26-1　セルリアンタワー東急ホテル2F,35.656353,139.699593,JZ Brat SOUND OF TOKYO,03-5728-0168,http://www.jzbrat.com/,,,,,,,,,,
渋谷区,桜丘町,-,東京都渋谷区桜丘町3-3 　第二岡崎ビル1F,35.656569,139.70232,渋谷ＤＥＳＥＯ,03-5457-0303,http://deseo.co.jp,,,その他（エンドステージ形式）,,,ポップス、クラシック、演歌・歌謡曲、ジャズ、演劇、ミュージカル、日本の伝統音楽（邦楽等）、お笑い・寄席・演芸、バレエ、ダンス・パフォーマンス、合唱、映像上映会（試写会など）、講演会,,一般に貸出している,,09:00～22:00
千代田区,麹町１丁目,-,東京都千代田区麹町1-7　FMセンター2F,35.683425,139.7434005,TOKYO FM ホール,03-3221-0080,http://www.tfmhall.jp/,,,,,,ポップス、クラシック、演歌・歌謡曲、ジャズ、演劇、ミュージカル、お笑い・寄席・演芸、バレエ、オペラ、ダンス・パフォーマンス、合唱、映像上映会（試写会など）、講演会、展示会,ポップス、クラシック、演歌・歌謡曲、ジャズ、演劇、ミュージカル、お笑い・寄席・演芸、バレエ、オペラ、ダンス・パフォーマンス、合唱、映像上映会（試写会など）、講演会,,,
港区,高輪４丁目,-,東京都港区高輪4-10-30,35.627625,139.7367045,品川プリンスホテル　ステラボール,03-3440-1111,http://www.princehotels.co.jp/shinagawa/stellarball/,876,1884,オープン形式,シューボックス形式,ロールバックチェア、可動席（スタッキングチェア）,ポップス、クラシック、演歌・歌謡曲、ジャズ、演劇、ミュージカル、ダンス・パフォーマンス、映像上映会（試写会など）、講演会、展示会、その他1（発表会）,ポップス、クラシック、演歌・歌謡曲、ジャズ、演劇、ミュージカル、日本の伝統音楽（邦楽等）、世界の民族音楽、ダンス・パフォーマンス、合唱、映像上映会（試写会など）、講演会、展示会,利用条件を設定している（市・区での活動団体等）,法人のみ　個人不可,09:00～22:00
港区,高輪４丁目,-,東京都港区高輪4-10-30,35.627625,139.7367045,品川プリンスホテル　Club eX（クラブエックス）,03-3440-1111,http://www.princehotels.co.jp/shinagawa/clubex/,430,430,オープン形式,アリーナ・平土間形式、扇形形式,固定席、可動席（スタッキングチェア）,ポップス、クラシック、演歌・歌謡曲、ジャズ、演劇、ミュージカル、能・狂言、日本の伝統音楽（邦楽等）、お笑い・寄席・演芸、オペラ、ダンス・パフォーマンス、映像上映会（試写会など）、講演会、展示会,ポップス、クラシック、ジャズ、演劇、ミュージカル,利用条件を設定している（市・区での活動団体等）,法人のみ、個人不可,09:00～22:00
港区,高輪４丁目,-,東京都港区高輪4-24-40 　高輪プリンセスガルテン内,35.625051,139.7356245,ＡＭＢＩＥＮＴＥ,03-3443-1524,http://www.p-garten.co.jp/ambiente/,120,120,プロセニアム形式,シューボックス形式,固定席,クラシック、ミュージカル、歌舞伎、能・狂言、日本の伝統音楽（邦楽等）、バレエ、オペラ、合唱、映像上映会（試写会など）、講演会、展示会,クラシック、能・狂言、日本の伝統音楽（邦楽等）、世界の民族音楽、オペラ、講演会、展示会,一般に貸出している,,09:00～21:30
港区,高輪１丁目,-,東京都港区高輪1-16-25　　高輪コミュニティーぷらざ内,35.642043,139.734018,港区高輪区民センター〔区民ホール〕,03-5421-7616,http://takanawa.foryou.or.jp/page.php?wid=w079&pid=page013,,,,,,,,,,
新宿区,高田馬場３丁目,-,東京都新宿区高田馬場 3-4-11 　BaBa hatch 3F,35.714601,139.70232,四谷天窓,03-5338-6241,http://otonami.com/yotsuya_top,60,60,,,,,,一般に貸出している,,16:00～22:00
新宿区,高田馬場３丁目,-,東京都新宿区高田馬場 3-4-11 　BaBa hatch 5F,35.714601,139.70232,四谷天窓．ｃｏｍｆｏｒｔ,03-5338-6241,http://otonami.com/com_top,60,70,プロセニアム形式,その他,可動席（スタッキングチェア）,ポップス、クラシック、ジャズ、ミュージカル,ポップス、ジャズ,一般に貸出している,,10:00～22:00
新宿区,高田馬場３丁目,-,東京都新宿区高田馬場3-3-8 B1F,35.713548,139.7017395,高田馬場ＡＲＥＡ,03-3361-1069,http://www.xxxrecords.jp/area/,,,,,,,,,,
新宿区,高田馬場３丁目,-,東京都新宿区高田馬場3-38-3,35.711505,139.6949535,プロト・シアター,03-3360-6463,http://prototheater.la.coocan.jp/,,,,,,,,,,
新宿区,高田馬場２丁目,-,東京都新宿区高田馬場2-18-6 　柳屋ビルB1F,35.714574,139.7051325,高田馬場LiveCafe mono,03-5389-9191,http://live-mono.com/takadanobaba/,,,,,,,,,,
港区,港南２丁目,-,東京都港区港南2-15-4,35.626527,139.7420775,品川インターシティホール,03-3474-0461,http://www.sic-hall.com/index.html,700,,その他（仮設）,アリーナ・平土間形式、扇形形式,可動席（スタッキングチェア）,,ポップス、講演会、展示会,一般に貸出している,,09:00～20:00
港区,港南２丁目,-,東京都港区港南2-16-4　品川グランドセントラルタワー3F,35.626599,139.740633,THE GRAND HALL,03-5463-9971,http://www.tg-hall.com/,500,500,オープン形式,アリーナ・平土間形式、扇形形式,ロールバックチェア、可動席（スタッキングチェア）,ポップス、クラシック、演歌・歌謡曲、ジャズ、世界の民族音楽、お笑い・寄席・演芸、ダンス・パフォーマンス、合唱、映像上映会（試写会など）、講演会、展示会、その他1（記者発表会）、その他2（株主総会）、その他3（研修、会議）,ポップス、クラシック、演歌・歌謡曲、ジャズ、世界の民族音楽、お笑い・寄席・演芸、ダンス・パフォーマンス、合唱、映像上映会（試写会など）、講演会、展示会、その他1（記者発表会）、その他2（株主総会）、その他3（研修、会議）,一般に貸出している,,09:00～20:00
港区,港南２丁目,-,東京都港区港南2-18-1 　アトレ品川4F,35.628975,139.740822,Live Jazz Lounge TRIBECA,03-6717-0933,http://www.tribeca.cc/,,,,,,,,,,
港区,虎ノ門２丁目,虎ノ門,東京都港区虎ノ門2-2-1 　JTビル2F,35.66952,139.7456865,JTアートホール　アフィニス,03-5572-4945,https://www.jti.co.jp/knowledge/arthall/index.html,256,256,オープン形式,シューボックス形式,固定席,クラシック、日本の伝統音楽（邦楽等）、合唱,クラシック、日本の伝統音楽（邦楽等）,一般に貸出している,,09:00～22:00
港区,虎ノ門２丁目,虎ノ門,東京都港区虎ノ門2-9-16,35.668035,139.7459565,日本消防会館（ニッショーホール）〔ホール〕,03-3503-1486,http://www.nissho-jyouhou.jp/nissho-hall/index.html,742,742,プロセニアム形式,シューボックス形式,固定席,演劇、お笑い・寄席・演芸、ダンス・パフォーマンス、映像上映会（試写会など）、講演会,お笑い・寄席・演芸、映像上映会（試写会など）、講演会、その他1（イベント）,一般に貸出している,,09:00～21:00
新宿区,戸塚町,-,東京都新宿区戸塚町1-101,35.707599,139.7199735,早稲田小劇場どらま館,03-3202-0706,http://www.waseda.jp/student/dramakan/index.html,,,,,,,,,,
新宿区,戸塚町,-,東京都新宿区戸塚町1-101,35.707599,139.7199735,早稲田大学　どらま館,03-3202-0706,https://www.waseda.jp/student/dramakan/index.html,,,,,,,,,,
新宿区,戸塚町,-,東京都新宿区戸塚町1-104,35.709867,139.7221425,早稲田大学　大隈記念講堂〔大講堂〕,03-5272-4783,https://www.waseda.jp/culture/facility/auditorium/,,,,,,,,,,
新宿区,戸塚町,-,東京都新宿区戸塚町1-104,35.709867,139.7221425,早稲田大学　大隈記念講堂〔小講堂〕,03-5272-4783,https://www.waseda.jp/culture/facility/auditorium_s/,,,,,,,,,,
中央区,月島４丁目,-,東京都中央区月島4-1-1　4F,35.661897,139.7817405,月島社会教育会館〔ホール〕,03-3531-6367 ,http://chuo-shakyo.shopro.co.jp/tsukishima,,,,,,,,,,
渋谷区,恵比寿南３丁目,-,東京都渋谷区恵比寿南3-1-25 　ICE CUBE1F/2F,35.646066,139.7063115,ＢＡＴＩＣＡ,03-5734-1995,http://www.batica.jp/,,,その他（フロア、ステージ）,その他（フロア、ステージ）,可動席（スタッキングチェア）（ソファあり）,ポップス、ジャズ、ダンス・パフォーマンス、講演会、展示会,ポップス、ジャズ、ダンス・パフォーマンス、講演会、展示会,一般に貸出している,,10:00～23:00
渋谷区,恵比寿南２丁目,-,東京都渋谷区恵比寿南2-3-14　コンツェ恵比寿B1F,35.645472,139.7075355,ＮＯＳ ＥＢＩＳＵ,03-5773-1727,http://www.nos-ebisu.com/,,,,,,,,,,
渋谷区,恵比寿南１丁目,-,東京都渋谷区恵比寿南1-7-8 　恵比寿サウスワンビルB1F,35.64612,139.7098305,art café friends,03-6382-9050,http://www.artcafefriends.jp/index.html,110,110,オープン形式,,可動席（スタッキングチェア）,ポップス、クラシック、ジャズ、映像上映会（試写会など）,クラシック、ジャズ、ミュージカル、オペラ,一般に貸出している,,09:00～23:00
渋谷区,恵比寿西２丁目,-,東京都渋谷区恵比寿西2-12-12,35.650413,139.7057805,シアター代官山,03-3476-0189,http://www.himawari.net/about/theater.html,,,,,,,,,,
渋谷区,恵比寿西１丁目,-,東京都渋谷区恵比寿西1-34-17 　ザ・ハウスビルB1F,35.647047,139.7024685,ＵＮＩＴ,03-5459-8630,http://www.unit-tokyo.com,,,,,,,,,,
渋谷区,恵比寿４丁目,-,東京都渋谷区恵比寿4-22-7 　イーストスクエアビルB1F,35.645049,139.7147535,恵比寿ｃｌｕｂ ａｉｍ,03-5422-6657,http://clubaim.com/,50,150,オープン形式,シューボックス形式,可動席（スタッキングチェア）（スタンディング）,ポップス、お笑い・寄席・演芸、ダンス・パフォーマンス、映像上映会（試写会など）,ポップス,一般に貸出している,,12:00～23:00
渋谷区,恵比寿３丁目,-,東京都渋谷区恵比寿3-28-4 　ATOビルB1F,35.64378,139.7159415,恵比寿天窓．ｓｗｉｔｃｈ,03-5795-1887,http://otonami.com/switch_top,,,,,,,,,,
渋谷区,恵比寿３丁目,-,東京都渋谷区恵比寿3-9-25 1F,35.644158,139.7156895,日仏会館ホール,03-5424-1143,https://www.mfjtokyo.or.jp/space/hall.html,130,130,オープン形式,シューボックス形式,固定席,クラシック、ジャズ、お笑い・寄席・演芸、合唱、映像上映会（試写会など）、講演会,クラシック、ジャズ、世界の民族音楽、映像上映会（試写会など）、講演会,一般に貸出している,,09:30～20:30
渋谷区,恵比寿１丁目,-,東京都渋谷区恵比寿1-20-8,35.646804,139.713336,EBiS 303〔イベントホール〕,0120-303-557,https://www.ebis303.com/hall/,,,,,,,,,,
千代田区,九段南２丁目,-,東京都千代田区九段南2-1-30,35.692182,139.7463795,イタリア文化会館 アニェッリホール,03-3264-6011,http://www.iictokyo.esteri.it/IIC_Tokyo/Menu/Istituto/La_sede/,,,,,,,,,,
千代田区,九段南１丁目,-,東京都千代田区猿楽町2-5-5,35.69393006,139.7537114,在日本韓国YMCA アジア青少年センター 　YMCA Hotel〔スペースYホール〕,03-3233-0611,http://www.ymcajapan.org/ayc/hotel/jp/index.html,,,,,,,,,,
千代田区,九段南１丁目,-,東京都千代田区九段南1-5-10,35.695161,139.7520585,千代田区立九段生涯学習館〔レクリエーションホール〕,03-3234-2841,http://www.kudan-ll.info/,,,,,,,,,,
中央区,銀座８丁目,-,東京都中央区銀座8-2-1 　ニッタビル9F,35.670051,139.7597175,銀座ケントス,03-3572-9161,http://www.kentos-tokyo.jp/ginza/,,,,,,,,,,
中央区,銀座８丁目,-,東京都中央区銀座8-3-11 　和恒ビルＢ1Ｆ,35.669043,139.759164,月夜の仔猫/３６５１,03-3573-3651,http://www.asumi.com/,38,50,その他（フラットな客席ー体形ステージ）,その他（ライブハウス、店）,可動席（スタッキングチェア）,ポップス、クラシック、演歌・歌謡曲、ジャズ、ミュージカル、オペラ、ダンス・パフォーマンス、映像上映会（試写会など）、その他1（シャンソン・タンゴ）、その他2（フォーク・ロシア）、その他3（口笛筝）,ポップス、クラシック、演歌・歌謡曲、ジャズ、ミュージカル、日本の伝統音楽（邦楽等）、お笑い・寄席・演芸、オペラ、ダンス・パフォーマンス、合唱、映像上映会（試写会など）,一般に貸出している,,10:00～23:00
中央区,銀座８丁目,-,東京都中央区銀座8-8-11,35.667855,139.760991,博品館劇場,03-3571-1003,http://theater.hakuhinkan.co.jp/,381,395,プロセニアム形式,,固定席,ポップス、演歌・歌謡曲、ジャズ、演劇、ミュージカル、お笑い・寄席・演芸、バレエ、ダンス・パフォーマンス、映像上映会（試写会など）、講演会,,,,09:00～22:00
中央区,銀座７丁目,-,東京都中央区銀座7-5-4 　毛利ビル7F,35.670285,139.761711,GINZA Lounge ZERO,03-6274-6631,http://ginza-zero.jp/,,,,,,,,,,
中央区,銀座７丁目,-,東京都中央区銀座7-8-19 　東京ビル3F,35.669421,139.7625615,RockyTop,Fax共通03-3571-1769,http://www.liverocky.com/index.html,50,53,その他（?、よくわからない。）,その他（?、よくわからない。）,可動席（スタッキングチェア）（?、よくわからない。）,ポップス、演歌・歌謡曲、ジャズ、世界の民族音楽、その他1（ブルーグラス）、その他2（カントリー）、その他3（ロック、フォーク）,ポップス、ジャズ、世界の民族音楽、その他1（ブルーグラス）、その他2（カントリー）、その他3（ウェストコーストロック（ジプシージャズ））,一般に貸出している,,01:00～11:00
中央区,銀座７丁目,-,東京都中央区銀座7-9-14,35.66862,139.7626335,ヤマハホール,03-3572-3139,https://www.yamahaginza.com/hall/,333,333,オープン形式、その他（エンドステージ形式）,シューボックス形式、その他（ボックス・イン・ボックス）,固定席,ポップス、クラシック、演歌・歌謡曲、ジャズ、ミュージカル、日本の伝統音楽（邦楽等）、世界の民族音楽、オペラ、合唱、その他1（発表会）,クラシック、ジャズ、日本の伝統音楽（邦楽等）、世界の民族音楽、オペラ、合唱、その他1（アコースティック音楽）,一般に貸出している,,09:00～22:00
中央区,銀座７丁目,-,東京都中央区銀座7-9-14　ヤマハ銀座ビルＢ2F,35.66862,139.7626335,ヤマハ銀座スタジオ,03-3572-3139,https://www.yamahaginza.com/studio/,112,200,オープン形式、その他（エンドステージ形式、昇降ステージ）,アリーナ・平土間形式、扇形形式、その他（ボックス・イン・ボックス）,可動席（スタッキングチェア）,ポップス、クラシック、演歌・歌謡曲、ジャズ、日本の伝統音楽（邦楽等）、世界の民族音楽、オペラ、ダンス・パフォーマンス、合唱、映像上映会（試写会など）、講演会、展示会、その他1（発表会）、その他2（収録・撮影）,ポップス、クラシック、演歌・歌謡曲、ジャズ、日本の伝統音楽（邦楽等）、世界の民族音楽、ダンス・パフォーマンス、合唱、映像上映会（試写会など）、講演会、展示会、その他1（発表会）、その他2（収録・撮影）,一般に貸出している,,09:00～22:00
中央区,銀座６丁目,-,東京都中央区銀座6-10-1 GINZA SIX 13F,35.669736,139.763943,ザ・グラン銀座・多目的ホール,03-6280-6780,http://www.grandginza.com/,140,140,その他（セミナー形式）,その他（フラットになります。）,可動席（スタッキングチェア）,クラシック、講演会、展示会,クラシック、合唱、講演会、展示会,一般に貸出している,,11:00～23:00
中央区,銀座６丁目,-,東京都中央区銀座6-18-2,35.666883,139.7669805,新橋演舞場,03-3541-2600,http://www.shinbashi-enbujo.co.jp/,,,,,,,,,,
中央区,銀座６丁目,-,東京都中央区銀座6-3-16　泰明ビル4Ｆ,35.671608,139.7611395,Ｍｉｉｙａ Ｃａｆｅ,03-3571-5402,http://www.miiya-cafe.com/,,,,,,,,,,
中央区,銀座６丁目,-,東京都中央区銀座6-9-15　タクトワンビルＢ1F,35.669961,139.7630745,銀座タクト,03-3571-3939,http://ginzatact.com,,,,,,,,一般に貸出している,,10:00～22:00
中央区,銀座５丁目,-,東京都中央区銀座5-15-8,35.66808,139.7673225,時事通信ホール,03-3546-6606,http://www.jiji.com/hall/,,,,,,,,,,
中央区,銀座４丁目,-,東京都中央区銀座4-12-15,35.669421,139.767903,歌舞伎座,03-3545-6800,http://www.kabuki-za.co.jp/,,,,,,,,,,
中央区,銀座４丁目,-,東京都中央区銀座4-7-5,35.671284,139.76649,王子ホール,03-3564-0200,https://www.ojihall.jp/,315,315,オープン形式,シューボックス形式,固定席,,,不明,,09:00～21:30
中央区,銀座４丁目,-,東京都中央区銀座西2-2 　銀座インズ2　2F,35.67086982,139.7666474,ジャズクラブ 銀座スウィング,03-3563-3757,http://ginzaswing.jp/,,,,,,,,,,
中央区,銀座４丁目,-,東京都中央区銀座西7-8先 　コリドー街,35.67086982,139.7666474,シャンソニエ蛙たち,03-3571-4417,http://www.kaerutachi.jp/,,,,,,,,,,
中央区,銀座２丁目,-,東京都中央区銀座2-15-6,35.671257,139.7712015,中央区中央会館（銀座ブロッサム）〔ホール〕,03-3542-8585,http://ginza-blossom.jp/hall/,,,,,,,,,,
中央区,銀座２丁目,-,東京都中央区銀座2-2-18　TH銀座ビル10F,35.674749,139.76568,Ginza SOLA,03-6264-4971,http://ginza-sola.com/,61,61,オープン形式,アリーナ・平土間形式、扇形形式,可動席（スタッキングチェア）、可動席（スタッキングチェア）（レザーチェア）,ポップス、クラシック、演歌・歌謡曲、ジャズ、演劇、ミュージカル、日本の伝統音楽（邦楽等）、お笑い・寄席・演芸、オペラ、ダンス・パフォーマンス、合唱、講演会、展示会,ポップス、クラシック、演歌・歌謡曲、ジャズ、演劇、ミュージカル、日本の伝統音楽（邦楽等）、お笑い・寄席・演芸、オペラ、ダンス・パフォーマンス、合唱、映像上映会（試写会など）、講演会、展示会,一般に貸出している,,10:00～22:00
中央区,銀座１丁目,-,東京都中央区銀座1-25-3,35.673147,139.771593,京橋プラザ区民館〔多目的ホール〕,03-3561-5163,http://chuo7kuminkan.com/about/kyobashi-p.html,,,,,,,,,,
中央区,銀座１丁目,-,東京都中央区銀座1-8-19 キラリトギンザ12F/RF,35.674254,139.7686095,PLUSTOKYO,03-3563-3776,https://plustyo.com/,,,プロセニアム形式,シューボックス形式,可動席（スタッキングチェア）,ポップス、演歌・歌謡曲、ダンス・パフォーマンス、映像上映会（試写会など）、講演会、展示会,,一般に貸出している,,
千代田区,紀尾井町,赤坂,東京都千代田区紀尾井町3-29　紀尾井町アークビル1Ｆ,35.681859,139.737555,紀尾井町サロンホール,03-6272-4711,http://www.ark-home.jp/hall/,80,90,オープン形式,シューボックス形式,可動席（スタッキングチェア）,ポップス、クラシック、ジャズ、ミュージカル、日本の伝統音楽（邦楽等）、お笑い・寄席・演芸、オペラ、合唱、映像上映会（試写会など）、講演会、展示会,ポップス、クラシック、ジャズ、演劇、ミュージカル、歌舞伎、能・狂言、日本の伝統音楽（邦楽等）、世界の民族音楽、お笑い・寄席・演芸、オペラ、合唱、映像上映会（試写会など）、講演会、展示会,一般に貸出している,,09:00～23:00
千代田区,紀尾井町,赤坂,東京都千代田区紀尾井町6番5号,35.682039,139.732479,紀尾井ホール〔紀尾井ホール〕,03-5276-4500,http://www.kioi-hall.or.jp/,800,800,オープン形式,シューボックス形式,固定席,クラシック、ジャズ、オペラ、合唱,クラシック、ジャズ、オペラ、合唱,一般に貸出している,,09:00～21:30
千代田区,紀尾井町,赤坂,東京都千代田区紀尾井町6番5号,35.682039,139.732479,紀尾井ホール〔紀尾井小ホール〕,03-5276-4500,http://www.kioi-hall.or.jp/,250,250,オープン形式,シューボックス形式,固定席,能・狂言、日本の伝統音楽（邦楽等）、世界の民族音楽,能・狂言、日本の伝統音楽（邦楽等）,一般に貸出している,,09:00～21:30
新宿区,喜久井町,-,東京都新宿区喜久井町2　APAビルB1F & B2F,35.705475,139.720446,ＬＩＶＥ ＨＯＵＳＥ ＺＯＮＥ－Ｂ,03-3203-6022,http://zone-b.jp/,,,,,,,,,,
千代田区,岩本町３丁目,-,東京都千代田区岩本町3-7-11　神田KSビルB1F,35.696097,139.777812,LIVE GARAGE 秋田犬（あきたいぬ）,03-3863-8678,http://www.akitainu-garage.com/,,,,,,,,,,
千代田区,岩本町２丁目,-,東京都千代田区岩本町2-15-3,35.694342,139.7781045,岩本町ほほえみプラザ〔多目的ホールＡ〕,03-5825-3407,http://www.tama-dhk.or.jp/iwamoto/jigyou_plaza.html,,,,,,,,,,
千代田区,岩本町２丁目,-,東京都千代田区岩本町2-15-3,35.694342,139.7781045,岩本町ほほえみプラザ〔多目的ホールＢ〕,03-5825-3407,http://www.tama-dhk.or.jp/iwamoto/jigyou_plaza.html,,,,,,,,,,
千代田区,岩本町２丁目,-,東京都千代田区岩本町2-16-5　ＴＵＣビルＢ1F,35.694594,139.7783295,Ｔｏｋｙｏ ＴＵＣ,03-3866-8393,http://tokyotuc.jp/,,,,,,,,,,
千代田区,岩本町２丁目,-,東京都千代田区岩本町2-6-12　曙ビルＢ1F,35.693406,139.7759895,Ｅｇｇｍａｎ ｔｏｋｙｏ ｅａｓｔ,03-5829-6400,http://www.egg-mte.com/,,,,,,,,,,
千代田区,丸の内３丁目,大丸有,東京都千代田区丸の内3-1-1,35.676972,139.761324,帝国劇場,03-3213-7221,https://www.toho.co.jp/stage/teigeki/index.php,1951,1951,プロセニアム形式,シューボックス形式,固定席,演劇、ミュージカル,演劇、ミュージカル,,,
千代田区,丸の内３丁目,大丸有,東京都千代田区丸の内3-5-1,35.676972,139.7636325,東京国際フォーラム〔ホールA〕,03-5221-9000,https://www.t-i-forum.co.jp/,,,,,,,,,,
千代田区,丸の内３丁目,大丸有,東京都千代田区丸の内3-5-1,35.676972,139.7636325,東京国際フォーラム〔ホールB7〕,03-5221-9000,https://www.t-i-forum.co.jp/,,,,,,,,,,
千代田区,丸の内３丁目,大丸有,東京都千代田区丸の内3-5-1,35.676972,139.7636325,東京国際フォーラム〔ホールC〕,03-5221-9000,https://www.t-i-forum.co.jp/,,,,,,,,,,
千代田区,丸の内３丁目,大丸有,東京都千代田区丸の内3-5-1,35.676972,139.7636325,東京国際フォーラム〔ホールD7〕,03-5221-9000,https://www.t-i-forum.co.jp/,,,,,,,,,,
千代田区,丸の内２丁目,大丸有,東京都千代田区丸の内2-1-1　明治安田生命ビル内,35.678979,139.762143,ＭＹ ＰＬＡＺＡホール,03-5219-5602,http://www.myplaza.jp/about.html,,,,,,,,,,
千代田区,丸の内２丁目,大丸有,東京都千代田区丸の内2-4-1　丸ビル7F・8F,35.681139,139.76379,丸ビルホール＆コンファレンススクエア〔丸ビルホール〕,03-3217-7111,http://www.marunouchi-hc.jp/hc-marubiru/,,,,,,,,,,
千代田区,丸の内２丁目,大丸有,東京都千代田区丸の内2-7-3 　東京ビルTOKIA 2F,35.678574,139.7649105,東京ＣＯＴＴＯＮ ＣＬＵＢ,03-3215-1555,http://www.cottonclubjapan.co.jp/,,,,,,,,,,
千代田区,外神田６丁目,-,東京都千代田区外神田6-11-14,35.704242,139.7708145,ちよだアートスクエア（アーツ千代田3331）〔コミュニティスペース〕,03-6803-2441,http://www.3331.jp/,100,100,,,,演劇、ダンス・パフォーマンス、映像上映会（試写会など）、講演会、展示会,,一般に貸出している,,10:00～21:00
千代田区,外神田３丁目,-,東京都千代田区外神田3-2-12 　Ｂｏｘ’Ｒ ＡＫＩＢＡビルB1F,35.700444,139.770135,Ｔｗｉｎ Ｂｏｘ ＡＫＩＨＡＢＡＲＡ,03-3525-4466,http://tb-akihabara.com/,,,,,,,,,,
千代田区,外神田３丁目,-,東京都千代田区外神田3-2-12　Ｂｏｘ’Ｒ ＡＫＩＢＡビル1Ｆ,35.700444,139.770135,Ｔｗｉｎ Ｂｏｘ ＧＡＲＡＧＥ,03-3525-4466,http://tp-co.jp/output/twin-box-akihabara-garage/,,,,,,,,,,
千代田区,外神田３丁目,-,東京都千代田区外神田3-2-14 今井ビルB1F,35.700399,139.7697255,秋葉原ZEST,03-3527-1701,http://akihabarazest.com/,,,,,,,,,,
千代田区,外神田２丁目,-,東京都千代田区外神田2-16-2 神田明神文化交流館2F,35.702046,139.767939,神田明神文化交流館・神田明神ホール,03-6672-6721,http://myoujin-hall.jp/,,,,,,,,,,
千代田区,外神田１丁目,-,東京都千代田区外神田1-7-6 　ＡＫＩＢＡカルチャーズＺＯＮＥ Ｂ1F,35.699508,139.770387,ＡＫＩＢＡカルチャーズ劇場,非公開,http://akibalive.jp/,220,298,,,固定席,ポップス、ダンス・パフォーマンス、その他1（プレスリリース）,ポップス、ダンス・パフォーマンス、その他1（プレスリリース）,一般に貸出している,,09:00～23:00
港区,海岸１丁目,-,東京都港区海岸1-10-48,35.656866,139.762053,JR東日本アートセンター　四季劇場〔春〕,03-5776-6730,https://www.shiki.jp/theatres/gr/shiki/,,,,,,,,,,
港区,海岸１丁目,-,東京都港区海岸1-10-48,35.656866,139.762053,JR東日本アートセンター　四季劇場〔秋〕,03-5776-6730,https://www.shiki.jp/theatres/gr/shiki/,,,,,,,,,,
港区,海岸１丁目,-,東京都港区海岸1-10-53,35.656929,139.761963,JR東日本アートセンター　自由劇場,03-5776-6730,https://www.shiki.jp/theatres/4008/,,,,,,,,一般への貸出はしていない　　,,
港区,海岸１丁目,-,東京都港区海岸1-11-1　ニューピア竹芝ノースタワー1F,35.655804,139.7637675,NEW PIER HALL,03-3578-0041,http://www.newpier-hall.jp/,796,900,オープン形式,アリーナ・平土間形式、扇形形式,ロールバックチェア、可動席（スタッキングチェア）,ポップス、クラシック、演歌・歌謡曲、ジャズ、演劇、ミュージカル、日本の伝統音楽（邦楽等）、お笑い・寄席・演芸、ダンス・パフォーマンス、合唱、映像上映会（試写会など）、講演会、展示会,ポップス、クラシック、演歌・歌謡曲、ジャズ、演劇、ミュージカル、歌舞伎、能・狂言、日本の伝統音楽（邦楽等）、世界の民族音楽、お笑い・寄席・演芸、バレエ、オペラ、ダンス・パフォーマンス、合唱、映像上映会（試写会など）、講演会、展示会,一般に貸出している,,09:00～21:00
千代田区,霞が関３丁目,虎ノ門広域,東京都千代田区霞が関3-2-1　霞が関コモンゲート　西館ショップ＆レストラン３F,35.671806,139.7478195,霞が関コモンゲート〔霞が関ナレッジスクエア〕,03-3288-1921 ,http://www.kk2.ne.jp/kk2/index.html/,,,,,,,,,,
新宿区,歌舞伎町２丁目,-,東京都新宿区歌舞伎町2-1-2 　HANROKUビルB1F,35.695008,139.7063925,新宿ナインスパイス,03-3205-1439,http://9spices.rinky.info/,,,,,,,,,,
新宿区,歌舞伎町２丁目,-,東京都新宿区歌舞伎町2-24-3 　興和ビルB2F,35.695719,139.7036925,ＨＯＬＩＤＡＹ ＳＨＩＮＪＵＫＵ,03-5292-0591,http://live-ban.com/shinjuku_h/,,,,,,,,,,
新宿区,歌舞伎町２丁目,-,東京都新宿区歌舞伎町2-25-6　永和第6ビルB1F,35.695476,139.703571,Club SIENCE,03-6233-9006,http://club-science.com/,,,,,,,,,,
新宿区,歌舞伎町２丁目,-,東京都新宿区歌舞伎町2-28-16 　ウィーザードセブンビルB1F,35.696106,139.703409,新宿ＯＲＥＢＡＫＯ,03-6278-9332,http://orebako.com/,,,,,,,,,,
新宿区,歌舞伎町２丁目,-,東京都新宿区歌舞伎町2‐36‐3 　アシベ会館B2F,35.695908,139.70241,ライブハウス新宿ACB HALL,03-3205-0901,http://www.acb-hall.jp,150,250,オープン形式,アリーナ・平土間形式、扇形形式,可動席（スタッキングチェア）（オールスタンディング）,ポップス、ダンス・パフォーマンス、講演会、展示会、その他1（ロック）,ポップス、ダンス・パフォーマンス、講演会、展示会、その他1（ロック）,一般に貸出している,,09:00～04:00
新宿区,歌舞伎町２丁目,-,東京都新宿区歌舞伎町2-42-16 第2大滝ビルB1,35.697861,139.7017755,新宿SAMURAI,03-5287-3390,http://live-samurai.jp/,,,,,,,,,,
新宿区,歌舞伎町２丁目,-,東京都新宿区歌舞伎町2-44-1 　ハイジアB1F,35.696628,139.700988,ハイジアＶ－１,03-6273-8901,http://vitus.main.jp/hygeiaV1.htm,70,70,プロセニアム形式,シューボックス形式,固定席,演劇、お笑い・寄席・演芸、映像上映会（試写会など）、講演会、展示会,ポップス、クラシック、演歌・歌謡曲、ジャズ、演劇、ミュージカル、歌舞伎、能・狂言、日本の伝統音楽（邦楽等）、世界の民族音楽、お笑い・寄席・演芸、バレエ、オペラ、ダンス・パフォーマンス、合唱、映像上映会（試写会など）、講演会、展示会,一般に貸出している,,11:00～21:50
新宿区,歌舞伎町２丁目,-,東京都新宿区歌舞伎町2-45-1 　第一トキワビルB1F,35.69634,139.700574,新宿ＭＡＲＺ,03-3202-8248,http://www.marz.jp/,,,,,,,,,,
新宿区,歌舞伎町２丁目,-,東京都新宿区歌舞伎町2-45-2 　カイダ第3ジャストビル4F,35.696358,139.70043,新宿シアター・ミラクル,03-5155-0788,http://www.t-miracle.jp/,,,,,,,,,,
新宿区,歌舞伎町２丁目,-,東京都新宿区歌舞伎町2-45-2 　新宿ジャストビルB1F ,35.696358,139.70043,新宿Ｍａｒｂｌｅ,03-5272-3558,http://marble-web.jp/top.html,,,,,,,,,,
新宿区,歌舞伎町２丁目,-,東京都新宿区歌舞伎町2-45-2　ジャストビル5F ,35.696358,139.70043,新宿Ｍｏｔｉｏｎ,03-3202-8308,http://motion-web.jp/,,,,,,,,,,
新宿区,歌舞伎町２丁目,-,東京都新宿区歌舞伎町2-45-4　1F,35.696448,139.700484,バティオス,03-6273-8901,http://vitus.maim.jp/vatios.htm,100,110,プロセニアム形式,シューボックス形式,固定席,演劇、お笑い・寄席・演芸、映像上映会（試写会など）、講演会、展示会,ポップス、クラシック、演歌・歌謡曲、ジャズ、演劇、ミュージカル、歌舞伎、能・狂言、日本の伝統音楽（邦楽等）、世界の民族音楽、お笑い・寄席・演芸、バレエ、オペラ、ダンス・パフォーマンス、合唱、映像上映会（試写会など）、講演会、展示会,一般に貸出している,,00:00～24:00
新宿区,歌舞伎町２丁目,-,東京都新宿区歌舞伎町2-45-5 　新宿永谷ビル1F,35.696664,139.7004525,新宿永谷ホール(Fu-),03-3232-1251,http://ntgp.co.jp/engei/sinjuku/index.html,70,70,オープン形式,シューボックス形式,可動席（スタッキングチェア）,演歌・歌謡曲、演劇、お笑い・寄席・演芸、ダンス・パフォーマンス、映像上映会（試写会など）,お笑い・寄席・演芸、ダンス・パフォーマンス、映像上映会（試写会など）、講演会,一般に貸出している,,09:00～21:00
新宿区,歌舞伎町２丁目,-,東京都新宿区歌舞伎町2-45-8 アビテビルB1F,35.697105,139.700493,新宿STAR CRANE,0,https://star-crane.com/,,,,,,,,,,
新宿区,歌舞伎町１丁目,-,東京都新宿区歌舞伎町1-12-9 　タテハナビルB2F,35.695341,139.7025765,新宿ＬＯＦＴ,03-5272-0382,http://www.loft-prj.co.jp/LOFT/,,,,,,,,,,
新宿区,歌舞伎町１丁目,-,東京都新宿区歌舞伎町1-14-7 　新宿ハヤシビル3F,35.694594,139.7021805,ＤＲＥＡＭＳＴＯＲＥ,03-5287-2286,http://dreamstore-shinjuku.jp/,,,,,,,,,,
新宿区,歌舞伎町１丁目,-,東京都新宿区歌舞伎町1-14-7 　林ビルB2F,35.694594,139.7021805,新宿ＬＯＦＴ／ＰＬＵＳ ＯＮＥ,03-3205-6864,http://www.loft-prj.co.jp/PLUSONE/,,,,,,,,,,
新宿区,歌舞伎町１丁目,-,東京都新宿区歌舞伎町1-16-10 　第27東京ビルB2F,35.693847,139.702176,ライブハウス＆バー GOLDEN EGG,03-3203-0405,http://www.g-egg.info/top.html,,,,,,,,,,
新宿区,歌舞伎町１丁目,-,東京都新宿区歌舞伎町1-1-7　マルハビル1F,35.694135,139.7044935,新宿ゴールデン街劇場,0,http://golden-gai-gekijou.jimdo.com/,41,41,オープン形式,シューボックス形式,固定席,演歌・歌謡曲、演劇、お笑い・寄席・演芸、ダンス・パフォーマンス、映像上映会（試写会など）、講演会,,一般に貸出している,,
新宿区,歌舞伎町１丁目,-,東京都新宿区歌舞伎町1-20-1 　ヒューマックスパビリオン新宿歌舞伎町7F,35.695836,139.7014605,新宿フェイス,03-3200-1300,http://www.shinjuku-face.com,511,511,その他（オープン形式とアリーナ形式）,シューボックス形式、アリーナ・平土間形式、扇形形式,可動席（スタッキングチェア）,,,,,
新宿区,歌舞伎町１丁目,-,東京都新宿区歌舞伎町1-2-13 　新光ビルB2F,35.694693,139.7044215,ＲＵＩＤＯ Ｋ４,03-5292-5125,http://www.ruido.org/k4/,,,,,,,,,,
新宿区,歌舞伎町１丁目,-,東京都新宿区歌舞伎町1-2-13 　新光ビルB2F,35.694693,139.7044215,新宿レッドノーズ,03-5155-8550,http://www.shinjuku-rednose.com/,,,,,,,,,,
新宿区,歌舞伎町１丁目,-,東京都新宿区歌舞伎町1-21-7 　ヒューマックスパビリオン新宿アネックスB2F,35.695323,139.7009925,新宿ＢＬＡＺＥ,03-5155-5990,http://shinjuku-blaze.com/,359,800,オープン形式,シューボックス形式,可動席（スタッキングチェア）、可動席（スタッキングチェア）（スタンディング）,,,,,
新宿区,歌舞伎町１丁目,-,東京都新宿区歌舞伎町1-6-14 　第二ショーリビルB1F,35.693676,139.702842,新宿メモリーズ,03-3208-6540,http://s.live-memories.com/,,,,,,,,,,
新宿区,歌舞伎町１丁目,-,東京都新宿区歌舞伎町1丁目2-5 東陽ビルB2F,35.693685,139.703994,Zirco Tokyo,03-6278-9190,http://zirco-tokyo.jp/,,,オープン形式,シューボックス形式,可動席（スタッキングチェア）（スタンディング）,ポップス、ダンス・パフォーマンス、合唱、その他1（ロック）、その他2（アイドル）、その他3（ＤＪ）,,一般に貸出している,,-
新宿区,下落合１丁目,-,東京都新宿区下落合１－９－６,35.716122,139.699017,東京富士大学　二上講堂,03－3362－7297,http://www.fuji.ac.jp/guidance/facility/,,,,,,,,,,
渋谷区,猿楽町,-,東京都渋谷区猿楽町29-18,35.647398,139.701474,HILLSIDE TERRACE　HILLSIDE PLAZA,03-3780-5977,http://www.hillsideterrace.com/index2.html,,,,,,,,,,
渋谷区,猿楽町,-,東京都渋谷区猿楽町3-9 　アベニューサイド代官山3F,35.652078,139.704255,代官山NOMAD,03-3770-3723,http://www.daikanyama-nomad.com/,,,,,,,,,,
渋谷区,円山町,-,東京都渋谷区円山町1-5 KINOHAUS 1F,35.659305,139.695228,LOFT9 Shibuya,03-5784-1239,http://www.loft-prj.co.jp/loft9/,,,,,,,,,,
渋谷区,円山町,-,東京都渋谷区円山町1-8,35.659035,139.695327,clubasia,03-5458-2551,http://www.clubasia.co.jp,,,,,,,,,,
渋谷区,円山町,-,東京都渋谷区円山町18-2 　藤田ハイツB1F,35.656974,139.694157,Ｌａｎｔｅｒｎ,03-3476-0438,https://sites.google.com/site/lanternweb/,,,,,,ポップス、クラシック、演歌・歌謡曲、ジャズ、日本の伝統音楽（邦楽等）、お笑い・寄席・演芸、ダンス・パフォーマンス、合唱、映像上映会（試写会など）、講演会,ポップス、クラシック、演歌・歌謡曲、ジャズ,一般に貸出している,,09:00～24:00
渋谷区,円山町,-,東京都渋谷区円山町2-16,35.658405,139.6950435,ＷＯＭＢ,03-5459-0039,http://www.womb.co.jp/,,,,,,,,,,
渋谷区,円山町,-,東京都渋谷区円山町2-3 　,35.658486,139.695246,ＴＳＵＴＡＹＡ Ｏ－ｎｅｓｔ,03-3462-4420,http://shibuya-o.com/nest/,,,,,,,,,,
渋谷区,円山町,-,東京都渋谷区円山町2-3 　O-WESTビル7F,35.658486,139.695246,渋谷７ｔｈ ＦＬＯＯＲ,03-3462-4466,http://7th-floor.net/,,,,,,,,,,
渋谷区,円山町,-,東京都渋谷区円山町2-3 2F,35.658486,139.695246,ＴＳＵＴＡＹＡ Ｏ－ＷＥＳＴ,03-5784-7088,http://shibuya-o.com/west/,,,,,,,,,,
千代田区,永田町２丁目,赤坂,東京都千代田区永田町2-16-2,35.67672,139.740822,星陵会館〔ホール〕,03-3581-5650,http://www.seiryokai.org/kaikan.html,400,400,プロセニアム形式,アリーナ・平土間形式、扇形形式,固定席、可動席（スタッキングチェア）,日本の伝統音楽（邦楽等）、合唱、映像上映会（試写会など）、講演会、その他,日本の伝統音楽（邦楽等）、合唱、映像上映会（試写会など）、講演会、その他,一般に貸出している,,09:00～21:00
渋谷区,宇田川町,-,東京都渋谷区宇田川町31-3 　第3田中ビルB1F,35.661348,139.6978425,ＷＡＳＴＥＤ ＴＩＭＥ,03-3461-8383,http://www.wastedtime.jp/index.html,,,,,,,,,,
渋谷区,宇田川町,-,東京都渋谷区宇田川町12-18　東急ハンズB1F,35.661996,139.6979955,Midnight Lounge ballo ballo,03-6277-5032,http://www.live-loop.com/ballo/schedule/schedule.html,,,,,,,,,,
渋谷区,宇田川町,-,東京都渋谷区宇田川町13-16 　国際ビルA館B2F,35.661447,139.69854,渋谷ＣＹＣＬＯＮＥ,03-3463-0069,http://www.cyclone1997.com/home.html,,,,,,,,,,
渋谷区,宇田川町,-,東京都渋谷区宇田川町13-16 　国際ビルB館B1F,35.661447,139.69854,ＧＡＲＲＥＴ ｕｄａｇａｗａ,03-3463-0069,http://www.cyclone1997.com/garret/garret_home.html,,,,,,,,,,
渋谷区,宇田川町,-,東京都渋谷区宇田川町13-17 　ライズビル地下,35.661465,139.698711,ＷＷＷ,03-5458-7685,http://www-shibuya.jp,,,,,,,,一般に貸出している,,
渋谷区,宇田川町,-,東京都渋谷区宇田川町13-17 ライズビル2F,35.661465,139.698711,渋谷WWW X,03-5458-7688,http://www-shibuya.jp/,,,,,,,,一般に貸出している,,
渋谷区,宇田川町,-,東京都渋谷区宇田川町30-5　JowビルB1F,35.660871,139.697955,渋谷Club Malcolm,03-6455-0225,http://www.club-malcolm.com,,,オープン形式,アリーナ・平土間形式、扇形形式,可動席（スタッキングチェア）,,,,,
渋谷区,宇田川町,-,東京都渋谷区宇田川町3-10 　いちごフィエスタ渋谷4Ｆ,35.6625,139.69872,Ｌｉｖｅ＆Ｐｕｂ Ｓｈｉｂｕｙａ ｇｅｅ－ｇｅ．,03-6416-3468,http://www.gee-ge.net/,,,,,,,,,,
渋谷区,宇田川町,-,東京都渋谷区宇田川町31-2　渋谷ビーム内,35.661357,139.697523,よしもと∞ホール,03-5728-8880,http://www.yoshimoto.co.jp/mugendai/,218,282,オープン形式,その他,固定席,お笑い・寄席・演芸,お笑い・寄席・演芸,一般に貸出している,,15:00～23:00
渋谷区,宇田川町,-,東京都渋谷区宇田川町32-12 　アソルティ渋谷B1F,35.661087,139.6973745,渋谷 ＴＡＫＥ ＯＦＦ ７,03-3770-7755,http://kox-radio.jp/takeoff7/,,,,,,,,,,
渋谷区,宇田川町,-,東京都渋谷区宇田川町32-13 4F・5F,35.661024,139.6975365,渋谷ＣＬＵＢ ＱＵＡＴＴＲＯ,03-3477-8750,http://www.club-quattro.com,,,,,,,,,,
渋谷区,宇田川町,-,東京都渋谷区宇田川町37-18 　トツネビル,35.662851,139.694796,アップリンク渋谷〔UP　LINK　FACTORY〕,03-6825-5503,http://www.uplink.co.jp/,68,68,,,,演劇、世界の民族音楽、お笑い・寄席・演芸、ダンス・パフォーマンス、映像上映会（試写会など）、講演会、展示会、その他1（映画上映）,,一般に貸出している,,10:00～23:00
渋谷区,宇田川町,-,東京都渋谷区宇田川町41-29 　石井ビル2F,35.662995,139.6949355,渋谷 ＳＯＮＧＬＩＮＥＳ,03-5784-4186,http://song-bird.net/songlines/,,,,,,,,,,
渋谷区,宇田川町,-,東京都渋谷区宇田川町4-7 　トウセン宇田川ビル1F,35.662464,139.6978695,渋谷Ｓｔａｒ ｌｏｕｎｇｅ,03-6277-5373,http://www.starlounge.jp,,,,,,,,不明,,-
渋谷区,宇田川町,-,東京都渋谷区宇田川町4-7 　トウセン宇田川ビルB1F,35.662464,139.6978695,ＣＨＥＬＳＥＡ ＨＯＴＥＬ,03-3770-1567,http://chelseahotel.jp,,,,,,,,,,
渋谷区,宇田川町,-,東京都渋谷区宇田川町4-7 　トウセン宇田川町ビル2F,35.662464,139.6978695,渋谷ＴＨＥ ＧＡＭＥ,03-5456-5038,http://www.shibuyathegame.com/,,,,,,,,,,
渋谷区,宇田川町,-,東京都渋谷区宇田川町4-7 　トウセン宇田川町ビル3F,35.662464,139.6978695,渋谷Ｍｉｌｋｙｗａｙ,03-6416-3227,http://www.shibuyamilkyway.com/,,,,,,,,,,
渋谷区,宇田川町,-,東京都渋谷区宇田川町4-7 　トウセン宇田川町ビル5F,35.662464,139.6978695,ａｕｂｅ ｓｈｉｂｕｙａ,03-5459-2896,http://1091m.com/?page_id=8,,,,,,,,,,
千代田区,一番町,-,東京都千代田区一番町12,35.686971,139.739319,いきいきプラザ一番町〔カスケードホール〕,03-3265-6311,http://www.ikiikiplaza-eiwa.jp/sub/plaza_B1F.html,,,,,,,,,,
千代田区,一ツ橋２丁目,-,東京都千代田区一ツ橋2-1-2　学術総合センター内,35.692479,139.757994,一橋大学　一橋講堂,03-4212-3900,http://www.hit-u.ac.jp/hall/index.html,521,521,オープン形式,その他,固定席,講演会、その他1（シンポジウム）、その他2（セミナー）、その他3（学会）,講演会、その他1（シンポジウム）、その他2（セミナー）、その他3（学会）,一般に貸出している,,-
千代田区,一ツ橋２丁目,-,東京都千代田区一ツ橋2-6-2,35.694279,139.7562435,日本教育会館〔一ツ橋ホール〕,03-3230-2831,http://www.jec.or.jp/,802,,オープン形式,シューボックス形式,固定席,ポップス、クラシック、演歌・歌謡曲、ジャズ、演劇、ミュージカル、歌舞伎、世界の民族音楽、お笑い・寄席・演芸、ダンス・パフォーマンス、合唱、映像上映会（試写会など）、講演会、展示会,ポップス、クラシック、演歌・歌謡曲、ジャズ、演劇、ミュージカル、世界の民族音楽、お笑い・寄席・演芸、バレエ、ダンス・パフォーマンス、合唱、映像上映会（試写会など）、講演会、展示会,一般に貸出している,,-
