指標名,コワーキング施設,,,参考情報,「TOKYOテレワークアプリ」に掲載されているサテライトオフィス一覧も公開されている。,,
出典,コワーキングスペース検索,,,,https://catalog.data.metro.tokyo.lg.jp/dataset/t000012d0000000019/resource/26213e3e-9275-4208-b7e7-be71a6d35a60,,
年次,2021/1/15取得,,,,,,
URL,https://coworking-search.jp/zenkoku/,,,,,,
備考,より掲載数の多い出典に変更。,,,,,,
,,,,,,,
区,町丁,エリア,住所,緯度,経度,施設名,URL
港区,六本木７丁目,六本木,東京都港区六本木7-14-23 ラウンドクロス六本木4，5階,35.6638424,139.7309943,クロスオフィス六本木注目物件,https://coworking-search.jp/space/2049/
港区,六本木７丁目,六本木,東京都港区六本木7-15-7 新六本木ビル5〜9F（受付9F）,35.6630848,139.7310779,SENQ 六本木,https://coworking-search.jp/space/2026/
港区,六本木６丁目,六本木,東京都港区六本木6-2-31 六本木ヒルズノースタワー17階,35.6617988,139.7301965,エグゼクティブセンター 六本木ヒルズノースタワー,https://coworking-search.jp/space/160/
港区,六本木６丁目,六本木,東京都港区六本木6-10-1 六本木ヒルズ森タワー ウェストウォーク6F,35.6606636,139.728988,PARK6 powered by bondolfi boncaffē 六本木,https://coworking-search.jp/space/1251/
港区,六本木６丁目,六本木,東京都港区六本木6丁目10番1号 六本木ヒルズ森タワー49Ｆ,35.6604864,139.7288467,六本木ヒルズライブラリー,https://coworking-search.jp/space/1553/
港区,六本木３丁目,六本木,東京都港区六本木3-4-33 マルマン六本木ビル3F,35.6648405,139.7361235,六本木ビジネスセンター,https://coworking-search.jp/space/191/
港区,六本木２丁目,六本木,東京都港区六本木2-2-6 福吉町ビル6F,35.667448,139.7389574,Katana 六本木オフィス,https://coworking-search.jp/space/1556/
港区,麻布十番２丁目,,東京都港区麻布十番2-20-7 麻布十番髙木ビル 8F/9F,35.654751,139.7367289,BIRTH 麻布十番,https://coworking-search.jp/space/2103/
港区,麻布十番１丁目,,東京都港区麻布十番1-5-10 アトラスビル4〜6F,35.656873,139.733684,AZABU HILLSIDE,https://coworking-search.jp/space/183/
港区,北青山３丁目,,"東京都港区北青山3-5-6 青朋ビル本館2F,3F",35.6673358,139.7138514,PORTAL POINT AOYAMA,https://coworking-search.jp/space/1978/
港区,北青山２丁目,,東京都港区北青山2-7-13 プラセオ青山ビル 3階,35.6710348,139.7178257,青山アラマンダワークコート,https://coworking-search.jp/space/1544/
港区,浜松町２丁目,,東京都港区浜松町2-5-3,35.6543546,139.7564584,リブポート 浜松町,https://coworking-search.jp/space/1945/
港区,浜松町１丁目,,東京都港区浜松町1丁目27-17 三和ビル 4階,35.657667,139.7552103,プレミアムオフィス浜松町,https://coworking-search.jp/space/817/
港区,白金台３丁目,,東京都港区白金台3-18-1 3F,35.6351277,139.7207211,クリエイターズパイプライン,https://coworking-search.jp/space/1566/
港区,南麻布４丁目,,東京都港区南麻布4-5-48 フォーサイト南麻布 4F,35.6492512,139.7248488,GLAMOROUS H 麻布広尾,https://coworking-search.jp/space/447/
港区,南麻布４丁目,,東京都港区南麻布4-12-25 南麻布セントレ 2F,35.6471557,139.7242303,PLAZA M's 南麻布,https://coworking-search.jp/space/1159/
港区,南青山５丁目,,東京都港区南青山5丁目11-24 グレイセス2F,35.662197,139.7116645,クリエイター向けコワーキングスペース「PROP」,https://coworking-search.jp/space/1571/
港区,南青山４丁目,,東京都港区南青山4-17-33 グランカーサ南青山2F,35.6641775,139.7182328,NAGAYA AOYAMA,https://coworking-search.jp/space/781/
港区,南青山３丁目,,東京都港区南青山三丁目1番30号 エイベックスビル 2F,35.6677398,139.7157978,CREATIVE BASE avex EYE,https://coworking-search.jp/space/1861/
港区,南青山３丁目,,東京都港区南青山3-8-40 青山センタービル2F,35.6674254,139.7151324,コワーキングスペース「THE HUB 南青山」,https://coworking-search.jp/space/186/
港区,南青山３丁目,,東京都港区南青山3-1-5 ラ･クラースビル5F,35.6684924,139.716546,スタイル南青山,https://coworking-search.jp/space/1197/
港区,南青山３丁目,,東京都港区南青山3-13 Commune 2nd,35.6656305,139.7133201,みどり荘 表参道,https://coworking-search.jp/space/1170/
港区,南青山３丁目,,東京都港区南青山3-7-21,35.6662922,139.7159786,女性のためのコワーキングスペース「SHEworks」,https://coworking-search.jp/space/1576/
港区,南青山２丁目,,東京都港区南青山2-2-15,35.6713461,139.7238781,女性専用シェアオフィス 『ショコラ』,https://coworking-search.jp/space/1545/
港区,南青山２丁目,,東京都港区南青山二丁目15番5号 FARO青山,35.6698124,139.7210778,FARO青山,https://coworking-search.jp/space/1862/
港区,東麻布１丁目,,東京都港区東麻布1丁目7-3 第二渡邊ビル7F,35.6576512,139.7435944,01 Garage,https://coworking-search.jp/space/1776/
港区,東新橋２丁目,虎ノ門全域,東京都港区東新橋2-7-3 昭和アステック1号館1～7F（全館）,35.6615979,139.7568175,BIZMARKS 新橋汐留,https://coworking-search.jp/space/820/
港区,東新橋２丁目,虎ノ門全域,東京都港区東新橋2-10-10 東新橋ビル2Ｆ,35.6611898,139.7562236,Katana 汐留オフィス,https://coworking-search.jp/space/1555/
港区,赤阪４丁目,,東京都港区赤阪4丁目2番3号 ディライトビル2階～5階,35.6760337,139.7356944,赤坂コークス,https://coworking-search.jp/space/1564/
港区,赤坂９丁目,,東京都港区赤坂9-2-13,35.6680481,139.7321217,ninetytwo13,https://coworking-search.jp/space/1530/
港区,赤坂４丁目,赤坂,東京都港区赤坂4-9-25 新東洋赤坂ビル5階,35.6756096,139.7329304,キッズルーム併設のコワーキングスペース「Hatch Cowork+KIDs」,https://coworking-search.jp/space/1393/
港区,赤坂３丁目,赤坂,東京都港区赤坂3丁目11-15 VORT赤坂見附4Ｆ,35.6749167,139.737281,セルオフィス赤坂,https://coworking-search.jp/space/1356/
港区,赤坂３丁目,赤坂,東京都港区赤坂3丁目21-3 牧野ビル2F,35.6766852,139.735666,匠ソホラ赤坂,https://coworking-search.jp/space/1572/
港区,赤坂３丁目,赤坂,東京都港区赤坂3-1-16 BIビル,35.6774456,139.7365226,コワーキングスペース『THE HUB 赤坂見附』,https://coworking-search.jp/space/2057/
港区,赤坂３丁目,赤坂,東京都港区赤坂3-19-1 東京農村4F.Root office,35.6760455,139.7363586,Root Office 赤坂,https://coworking-search.jp/space/1517/
港区,赤坂２丁目,赤坂,東京都港区赤坂2-10-2 吉川ビル2階,35.6708355,139.7416533,co-ba 赤坂,https://coworking-search.jp/space/1423/
港区,赤坂２丁目,赤坂,東京都港区赤坂2-16-6 BIZMARKS赤坂,35.6709775,139.7382789,BIZMARKS 赤坂,https://coworking-search.jp/space/184/
港区,西麻布３丁目,,東京都港区西麻布3-3-1 長井ビル3F,35.6582275,139.7272569,KAKUREGA,https://coworking-search.jp/space/1562/
港区,西麻布１丁目,,東京都港区西麻布1-8-3,35.660877,139.7256308,VXL 六本木,https://coworking-search.jp/space/1563/
港区,西新橋２丁目,虎ノ門,東京都港区西新橋2-4-3 プロス西新橋ビル6･7F,35.667384,139.752496,THE HUB 新橋west,https://coworking-search.jp/space/187/
港区,西新橋１丁目,虎ノ門,東京都港区西新橋1-18-6,35.6678056,139.753367,クロスオフィス内幸町注目物件,https://coworking-search.jp/space/2131/
港区,西新橋１丁目,虎ノ門,東京都港区西新橋1-17-6 高嶋ビル4階,35.667529,139.753869,TeaTree Studio 新橋,https://coworking-search.jp/space/1125/
港区,西新橋１丁目,虎ノ門,東京都港区西新橋1-6-13 吉荒ビル 2F,35.6695643,139.752681,MY BASIC OFFICE 虎ノ門,https://coworking-search.jp/space/1785/
港区,西新橋１丁目,虎ノ門,東京都港区西新橋1-6-13 柏屋ビル 1F,35.6695484,139.7526901,HAKADORU 虎ノ門店,https://coworking-search.jp/space/2176/
港区,西新橋１丁目,虎ノ門,東京都港区西新橋1-7-5,35.6690646,139.7518528,BIRTH 虎ノ門,https://coworking-search.jp/space/2102/
港区,新橋６丁目,虎ノ門全域,東京都港区新橋6-16-8 レックスビル,35.6620269,139.7524506,KIZASU@Office 新橋,https://coworking-search.jp/space/1494/
港区,新橋２丁目,虎ノ門全域,東京都港区新橋2-16-1 ニュー新橋ビル305Ｃ,35.6662818,139.7573815,ニュー新橋コワーキング,https://coworking-search.jp/space/1934/
港区,新橋２丁目,虎ノ門全域,東京都港区新橋2-19-3 カシケイビル2F,35.6667378,139.7596375,コワーキングスペース『BasisPoint 新橋』,https://coworking-search.jp/space/1418/
港区,新橋２丁目,虎ノ門全域,東京都港区新橋2-20-15 新橋駅前ビル1号館 6階,35.6662135,139.7595377,ビステーション新橋,https://coworking-search.jp/space/706/
港区,新橋２丁目,虎ノ門全域,東京都港区新橋2-16-1 ​ニュー新橋ビル9F,35.6662818,139.7573815,KEY STATION OFFICE 新橋,https://coworking-search.jp/space/1974/
港区,新橋２丁目,虎ノ門全域,東京都港区新橋2丁目20番15号 新橋駅前ビル1号館4階（402B区画）,35.6663007,139.7596234,フィルポート,https://coworking-search.jp/space/797/
港区,新橋１丁目,虎ノ門全域,東京都港区新橋1-18-21 第一日比谷ビル4〜7F,35.6686878,139.7552853,THE CODE 新橋,https://coworking-search.jp/space/185/
港区,新橋１丁目,虎ノ門全域,東京都港区新橋1-15-7 新橋NFビル 7F,35.6680892,139.7572817,NewWork 新橋,https://coworking-search.jp/space/2192/
港区,芝大門１丁目,,東京都港区芝大門1-6-6 芝大門ヤマトビル 3F,35.6577296,139.7541691,いいオフィス浜松町 by wedo,https://coworking-search.jp/space/2071/
港区,芝浦３丁目,,東京都港区芝浦3-15-6 島倉田町ビル6F,35.6421207,139.7482586,勉強カフェ 田町スタジオ,https://coworking-search.jp/space/1585/
港区,芝浦１丁目,,東京都港区芝浦1-13-10 第3東運ビル8階,35.6462587,139.7532412,co-ba Re-SOHKO 田町,https://coworking-search.jp/space/1428/
港区,芝浦１丁目,,東京都港区芝浦1-13-16 森永芝浦ビル 2階,35.6466545,139.7529895,コワーキングスペース MORINAGA Village【森永ヴィレッジ】,https://coworking-search.jp/space/1384/
港区,芝浦１丁目,,東京都港区芝浦1-9-7 おもだかビル4F,35.6481283,139.7534886,田町ビジネスセンター,https://coworking-search.jp/space/190/
港区,芝５丁目,,東京都港区芝5-29-20,35.6461508,139.744672,クロスオフィス三田注目物件,https://coworking-search.jp/space/2132/
港区,芝５丁目,,東京都港区芝5-31-10 サンシャインビル1F/2F,35.64695,139.74689,TSUTAYA田町駅前店,https://coworking-search.jp/space/2248/
港区,芝５丁目,,"東京都港区芝5-16-14 三田ノックスビル3F,4F",35.6485992,139.745697,BIZcomfort 田町,https://coworking-search.jp/space/1891/
港区,三田３丁目,,"東京都港区三田3-4-3 RIPL9 1,4,6F",35.6464479,139.7429733,THE OFFICE 田町三田,https://coworking-search.jp/space/990/
港区,高輪３丁目,,東京都港区高輪3丁目23-17 品川センタービルディング4F,35.6306361,139.7370215,ジュークシナガワ,https://coworking-search.jp/space/1627/
港区,高輪２丁目,,東京都港区高輪2-14-17 グレイス高輪ビル8･9F,35.6354738,139.7382589,品川ビジネスセンター,https://coworking-search.jp/space/189/
港区,高輪２丁目,,東京都港区高輪2丁目21-36 プロスパラス高輪501,35.6355994,139.7389075,ivyCafe NEIGHBOR&WORK 高輪,https://coworking-search.jp/space/2285/
港区,高輪２丁目,,東京都港区高輪2-16-4,35.6400398,139.7393306,STOCK 品川,https://coworking-search.jp/space/1500/
港区,高輪１丁目,,東京都港区高輪1-26-22,35.6371559,139.7327289,つなぐラボ高輪,https://coworking-search.jp/space/1940/
港区,港南２丁目,,東京都港区港南2-16-1 品川イーストワンタワー3F,35.627763,139.7407736,NewWork 品川,https://coworking-search.jp/space/1367/
港区,港南１丁目,,東京都港区港南1-8-15 Wビル2階,35.6303771,139.7441833,リブポート 品川,https://coworking-search.jp/space/2055/
港区,港南１丁目,,東京都港区港南1-9-36 NTT DATA品川ビル（アレア品川）,35.630036,139.7412419,EXPERT OFFICE 品川,https://coworking-search.jp/space/103/
港区,虎ノ門５丁目,虎ノ門,東京都港区虎ノ門5-13-1 虎ノ門40MTビル 7階,35.6633809,139.7457635,コンパスオフィス 虎ノ門40MTビル注目物件,https://coworking-search.jp/space/2233/
港区,虎ノ門５丁目,虎ノ門,東京都港区虎ノ門5丁目11-15 虎ノ門KTビル,35.6622731,139.7447455,シェアル虎ノ門,https://coworking-search.jp/space/1999/
港区,虎ノ門４丁目,虎ノ門,東京都港区虎ノ門4-3-1 城山トラストタワー4F,35.6646397,139.7430889,コワーキングスペース「docks」 虎ノ門,https://coworking-search.jp/space/1567/
港区,虎ノ門１丁目,虎ノ門,東京都港区虎ノ門1-1-21 新虎ノ門実業会館5F,35.670297,139.750434,新虎ノ門実業会館,https://coworking-search.jp/space/192/
港区,元麻布３丁目,,東京都港区元麻布 3-1-6,35.6581966,139.728495,BLINK 六本木,https://coworking-search.jp/space/1561/
千代田区,六番町６丁目,,東京都千代田区六番町6-4 LH番町スクエア4～6F,35.688085,139.7325429,四ツ谷ビジネスラウンジ（六番町オフィス）,https://coworking-search.jp/space/1303/
千代田区,六番町５丁目,,東京都千代田区六番町5-5 飯田ビル,35.6865901,139.7337087,シェアオフィス六番町,https://coworking-search.jp/space/1239/
千代田区,有楽町２丁目,大丸有,東京都千代田区有楽町2-10-1 東京交通会館ビル6階,35.6749453,139.7643442,LEAGUE有楽町,https://coworking-search.jp/space/717/
千代田区,有楽町２丁目,大丸有,東京都千代田区有楽町2-10-1,35.6748902,139.7643308,goodoffice 東京有楽町,https://coworking-search.jp/space/1845/
千代田区,有楽町１丁目,大丸有,東京都千代田区有楽町1-6-3 日比谷頴川エイセンビル 6F〜11F,35.6739033,139.7606645,Vision Works 有楽町,https://coworking-search.jp/space/1328/
千代田区,有楽町１丁目,大丸有,東京都千代田区有楽町1-12-1 新有楽町ビル11階,35.6755604,139.7620932,PORTAL POINT YURAKUCHO,https://coworking-search.jp/space/1977/
千代田区,平河町２丁目,,東京都千代田区平河町2-5-3 Nagatacho GRID 5F,35.679827,139.739605,みどり荘 永田町,https://coworking-search.jp/space/1169/
千代田区,平河町１丁目,,"東京都千代田区平河町一丁目3番6号 BIZMARKS 麹町2,3,5,6F",35.6828625,139.7397461,BIZMARKS 麹町,https://coworking-search.jp/space/1864/
千代田区,飯田橋４丁目,,東京都千代田区飯田橋4-8-13 山商ビル5F,35.7011239,139.7463823,ジェネラボ 飯田橋,https://coworking-search.jp/space/1302/
千代田区,飯田橋４丁目,,東京都千代田区飯田橋4-4-6 SJビル2F,35.7003666,139.746624,勉強カフェ 飯田橋スタジオ,https://coworking-search.jp/space/1579/
千代田区,飯田橋３丁目,,東京都千代田区飯田橋3-11-13 飯田橋i-MARK ANNEX 9F,35.7027194,139.7482684,NewWork 飯田橋,https://coworking-search.jp/space/2158/
千代田区,二番町９丁目,,東京都千代田区二番町9-3 THE BASE 麹町1F,35.6850478,139.7367218,コワーキングスペース「THE HUB 麹町」,https://coworking-search.jp/space/1470/
千代田区,二番町,,東京都千代田区二番町2番 平田ビル1階,35.6869664,139.7381275,社会起業家コワーキングスペース,https://coworking-search.jp/space/1610/
千代田区,内神田２丁目,,東京都千代田区内神田2−2−5 光正ビル5F,35.6897674,139.7671377,SPACE BRiDD 大手町,https://coworking-search.jp/space/1398/
千代田区,内神田１丁目,,東京都千代田区内神田1-15-10,35.6921793,139.7656291,the C,https://coworking-search.jp/space/711/
千代田区,内幸町２丁目,,東京都千代田区内幸町2-1-1 飯野ビルディング9階,35.6709214,139.7526701,クロスオフィス日比谷注目物件,https://coworking-search.jp/space/2133/
千代田区,内幸町１丁目,,東京都千代田区内幸町1丁目3-1 幸ビルディング,35.669827,139.756024,EXPERT OFFICE GRAND新橋／内幸町,https://coworking-search.jp/space/592/
千代田区,東神田１丁目,,"東京都千代田区東神田1-15-9 2F,3F",35.6949895,139.782697,クロックカフェ,https://coworking-search.jp/space/1773/
千代田区,鍛冶町２丁目,,東京都千代田区鍛冶町２－２－２,35.6913423,139.7715405,ビジョンオフィス神田,https://coworking-search.jp/space/331/
千代田区,鍛冶町２丁目,,東京都千代田区鍛冶町2-7-1,35.692274,139.7717653,ビジョンオフィス神田ＡＮＮＥＸ,https://coworking-search.jp/space/332/
千代田区,鍛治町２丁目,,東京都千代田区鍛治町2-12-12 2階,35.6929032,139.77157,KANDA LOUNGE,https://coworking-search.jp/space/1084/
千代田区,神田多町２丁目,,東京都千代田区神田多町2-11 カツミビル601,35.694504,139.768916,ソフトオフィス神田,https://coworking-search.jp/space/404/
千代田区,神田多町２丁目,,東京都千代田区神田多町2-1 神田東山ビル7F/8F,35.692978,139.7695467,Connect-Lounge神田,https://coworking-search.jp/space/1894/
千代田区,神田須田町２丁目,,東京都千代田区神田須田町2-19-23 野村第3ビル4階,35.6965498,139.7718174,コワーキングスペース 秋葉原 Weeyble,https://coworking-search.jp/space/1631/
千代田区,神田須田町１丁目,,東京都千代田区神田須田町1-16-5 ヒューリック神田ビル 1F,35.6952071,139.7706971,アクセア 神田店,https://coworking-search.jp/space/1952/
千代田区,神田須田町１丁目,,東京都千代田区神田須田町1-2-7 淡路町駅前ビル3階,35.695243,139.7677362,プレミアムオフィス神田,https://coworking-search.jp/space/389/
千代田区,神田神保町３丁目,,東京都千代田区神田神保町3-11-1 安田神保町マンション,35.6953748,139.7544868,BIZcomfort 神保町,https://coworking-search.jp/space/1882/
千代田区,神田神保町２丁目,,"東京都千代田区神田神保町2丁目3-1 神保町ブックセンター 1F,3F",35.6957485,139.7575553,LEAGUE神保町,https://coworking-search.jp/space/1522/
千代田区,神田神保町２丁目,,東京都千代田区神田神保町2-12-3 安富ビル,35.6965764,139.7568991,EDITORY 神保町,https://coworking-search.jp/space/1129/
千代田区,神田神保町２丁目,,"東京都千代田区神田神保町2-2 B1,3F",35.6962498,139.7572421,東京レンタル自習室 神保町,https://coworking-search.jp/space/1612/
千代田区,神田神保町１丁目,,東京都千代田区神田神保町1-4-6 クロサワビル6F,35.6961937,139.7598371,コワーキングスペース『BasisPoint 神保町』,https://coworking-search.jp/space/1420/
千代田区,神田小川町２丁目,,東京都千代田区神田小川町2-1 檜ビル3F,35.6939907,139.765003,シェアオフィスKOTO-BA,https://coworking-search.jp/space/707/
千代田区,神田小川町１丁目,,東京都千代田区神田小川町1-6-1 宝ビル8F,35.6952026,139.7662812,イノバゼスト 神田,https://coworking-search.jp/space/1630/
千代田区,神田小川町１丁目,,東京都千代田区神田小川町1-8-3 小川町北ビル 3F〜5F、7F,35.6950538,139.7657371,THE OFFICE 神田,https://coworking-search.jp/space/172/
千代田区,神田司町２丁目,,東京都千代田区神田司町2-13,35.6941903,139.7672788,ワイムビジネスプラザ神田,https://coworking-search.jp/space/446/
千代田区,神田三崎町３丁目,,東京都千代田区神田三崎町3-1-3 一輝ビル 3F,35.6991212,139.7530095,シェアオフィスMIXER 神保町・水道橋,https://coworking-search.jp/space/639/
千代田区,神田三崎町２丁目,,"東京都千代田区神田三崎町2-12-9 B1,2F,3F,4F,5F",35.7010103,139.753702,東京レンタル自習室 水道橋,https://coworking-search.jp/space/1613/
千代田区,神田三崎町２丁目,,東京都千代田区神田三崎町2-17-8 ドメス水道橋（旧皆川ビル）,35.7013869,139.7532743,BIZcomfort 水道橋,https://coworking-search.jp/space/1902/
千代田区,神田三崎町１丁目,,東京都千代田区神田三崎町1-3-12 水道橋ビル1F,35.7008314,139.755981,Be Smart 水道橋,https://coworking-search.jp/space/2269/
千代田区,神田佐久間町１丁目,,東京都千代田区神田佐久間町1-14 第2東ビル303,35.697792,139.774374,秋葉原コワーキングスペース「Rampart」,https://coworking-search.jp/space/1400/
千代田区,神田佐久間,,東京都千代田区神田佐久間河岸78-3 柴田ビル3階,35.6970744,139.778048,アイラボ・シェアオフィス 秋葉原,https://coworking-search.jp/space/1535/
千代田区,神田錦町２丁目,,東京都千代田区神田錦町2-4 ダヴィンチ小川町 3F,35.6938175,139.7637351,FUSION_N,https://coworking-search.jp/space/1531/
千代田区,神田錦町１丁目,,東京都千代田区神田錦町1-17-1 神田髙木ビル7階,35.6911431,139.7638304,BIRTH 神田,https://coworking-search.jp/space/1946/
千代田区,麹町４丁目,,東京都千代田区麹町4-8 高善ビル5F,35.684626,139.736183,未来ファクトリー,https://coworking-search.jp/space/494/
千代田区,麹町２丁目,,東京都千代田区麹町2丁目10-3 エキスパートオフィス麹町,35.6850703,139.7404426,EXPERT OFFICE 麹町,https://coworking-search.jp/space/591/
千代田区,麹町２丁目,,東京都千代田区麹町2-2-4 麹町セントラルビル4F,35.6845112,139.7409392,CーWORK 半蔵門,https://coworking-search.jp/space/1451/
千代田区,九段南２丁目,,東京都千代田区九段南2-4-11,35.6933988,139.7442486,HIVE TOKYO,https://coworking-search.jp/space/546/
千代田区,九段南１丁目,,東京都千代田区九段南1-5-6 りそな九段ビル5F KSフロア,35.6950824,139.751761,ナレッジソサエティ,https://coworking-search.jp/space/344/
千代田区,紀尾井町,赤坂,東京都千代田区紀尾井町1-3 東京ガーデンテラス17F,35.6799926,139.7379363,オープンコラボレーションスペース「LODGE」永田町,https://coworking-search.jp/space/1332/
千代田区,岩本町３丁目,,東京都千代田区岩本町3-8-8 中和秋葉原ビル,35.6963905,139.7771091,BIZcomfort 秋葉原岩本町,https://coworking-search.jp/space/1900/
千代田区,岩本町３丁目,,東京都千代田区岩本町3-6-5 木所ビル 3階,35.6961276,139.7780114,GARAGE 秋葉原,https://coworking-search.jp/space/1495/
千代田区,岩本町１丁目,,東京都千代田区岩本町1-2-13 渡東ビルディング3F,35.6917133,139.7763505,シェアル岩本町,https://coworking-search.jp/space/2000/
千代田区,岩本町１丁目,,東京都千代田区岩本町1-3-1 神田ビジネスセンター,35.6916044,139.7751987,神田ビジネスセンター,https://coworking-search.jp/space/173/
千代田区,丸の内１丁目,大丸有,東京都千代田区丸の内1-6-2 新丸の内センタービル 21階,35.6841764,139.766406,エグゼクティブセンター 新丸の内センタービル,https://coworking-search.jp/space/105/
千代田区,外神田６丁目,,東京都千代田区外神田6-14-1 日興ビル2F,35.703263,139.7713585,勉強カフェ 秋葉原スタジオ,https://coworking-search.jp/space/1578/
千代田区,外神田４丁目,,東京都千代田区外神田4-9-2 1F/2F,35.7021553,139.7724343,1/3rd Life（ワンサードライフ）注目物件,https://coworking-search.jp/space/2148/
千代田区,外神田１丁目,,東京都千代田区外神田1-1-10,35.6977571,139.7703742,パセラリゾーツAKIBAマルチエンターテインメント,https://coworking-search.jp/space/2262/
千代田区,外神田１丁目,,東京都千代田区外神田1-16-10 ニュー秋葉原センター32号,35.6972783,139.7726745,プログラマー自習室&コワーキングスペース『ギークライブラリー』,https://coworking-search.jp/space/2251/
千代田区,外神田１丁目,,東京都千代田区外神田1丁目13-2 うすやビル 1F,35.6989887,139.771627,カラオケパセラ 秋葉原電気街店,https://coworking-search.jp/space/2238/
千代田区,霞が関１丁目,虎ノ門全域,東京都千代田区霞が関1-4-1 日土地ビル2階,35.6708063,139.7505941,SENQ 霞が関,https://coworking-search.jp/space/957/
千代田区,永田町２丁目,赤坂,東京都千代田区永田町2-13-1 オカムラ赤坂ビル 9F,35.6748119,139.7387179,NewWork 赤坂見附,https://coworking-search.jp/space/2157/
千代田区,永田町２丁目,赤坂,東京都千代田区永田町2-11-1 山王パークタワー 3階,35.6731479,139.7406938,エグゼクティブセンター 山王パークタワー,https://coworking-search.jp/space/158/
千代田区,一番町,,東京都千代田区一番町10-8 一番町ウェストビル5階,35.686839,139.740021,パズル一番町,https://coworking-search.jp/space/452/
千代田区,一番町,,東京都千代田区一番町6 相模屋本社ビル7F,35.6875891,139.741854,一番町インキュベーションセンター,https://coworking-search.jp/space/1527/
中央区,八丁堀４丁目,,東京都中央区八丁堀4−9−4,35.6743345,139.7774303,FROM ONE SPORTS BASE,https://coworking-search.jp/space/1781/
中央区,八丁堀１丁目,,東京都中央区八丁堀1-9-8 八重洲通ハタビル 5・6階,35.6773777,139.7770653,アットビジネスセンター東京駅八重洲通り,https://coworking-search.jp/space/2223/
中央区,八重洲２丁目,日八京,東京都中央区八重洲2-4-1 ユニゾ八重洲ビル5階,35.6784086,139.7684826,NewWork 東京八重洲,https://coworking-search.jp/space/1368/
中央区,八重洲２丁目,日八京,東京都中央区八重洲2-4-10 第一幸田ビル 5F,35.6782524,139.7693013,ウィズスクエア八重洲店,https://coworking-search.jp/space/397/
中央区,八重洲２丁目,日八京,東京都中央区八重洲2丁目4-13 ユニゾ八重洲二丁目ビル 7F,35.6781442,139.7689419,NewWork 東京八重洲2nd,https://coworking-search.jp/space/2042/
中央区,八重洲２丁目,日八京,東京都中央区八重洲2丁目8-7 福岡ビル4F,35.6765862,139.7679635,DIAGONAL RUN TOKYO,https://coworking-search.jp/space/1214/
中央区,八重洲１丁目,日八京,東京都中央区八重洲1-5-9 八重洲アメレックスビル 3階,35.6817591,139.7713381,HUB cafe,https://coworking-search.jp/space/1624/
中央区,八重洲１丁目,日八京,東京都中央区八重洲1-5-9 八重洲アメレックスビル 2F・3F,35.6817769,139.7713194,東京VIPラウンジ,https://coworking-search.jp/space/1816/
中央区,八重洲１丁目,日八京,東京都中央区八重洲1-8-17 新槇町ビル6F,35.680826,139.769837,ビジネストランスファー 八重洲,https://coworking-search.jp/space/511/
中央区,八重洲１丁目,日八京,東京都中央区八重洲1-4-16 東京建物八重洲ビル3階,35.6823667,139.7711983,+OURS 八重洲,https://coworking-search.jp/space/909/
中央区,入船１丁目,,東京都中央区入船一丁目1番24号 ドルフィンkoto入船ビル 6 / 7F,35.673445,139.7770894,はぐみっく子連れコワーキングスペース,https://coworking-search.jp/space/1623/
中央区,日本橋富沢町,,東京都中央区日本橋富沢町4-10 京成日本橋富沢町ビル3階,35.6880171,139.783061,BIZcomfort 日本橋人形町,https://coworking-search.jp/space/1903/
中央区,日本橋箱崎町,,東京都中央区日本橋箱崎町1-2 FtFビル 2Ｆ,35.6791105,139.7840473,箱崎インキュベーションセンター,https://coworking-search.jp/space/1526/
中央区,日本橋大伝馬町,,東京都中央区日本橋大伝馬町13-1 Creative Hub 131 6階,35.6904783,139.7805323,コワーキングスペース「Community Dimension」,https://coworking-search.jp/space/1609/
中央区,日本橋大伝馬町,,"東京都中央区日本橋大伝馬町13-7 日本橋大富ビル2,3F",35.6909217,139.7810438,日本橋ビジネスセンター・ノースポイント,https://coworking-search.jp/space/176/
中央区,日本橋人形町３丁目,,東京都中央区日本橋人形町3-6-8,35.6869002,139.7814793,グリーンオフィス人形町,https://coworking-search.jp/space/665/
中央区,日本橋人形１丁目,,東京都中央区日本橋人形町1-2-12 WARMLIGHTビル3階,35.6851361,139.7808744,ShareOffice assets 日本橋,https://coworking-search.jp/space/1171/
中央区,日本橋小網町,,東京都中央区日本橋小網町11-9 ザ・パークレックス小網町第2ビル5階,35.6825953,139.7811237,flat5,https://coworking-search.jp/space/1780/
中央区,日本橋小網町,,東京都中央区日本橋小網町11-5 リードシー日本橋小網町ビル8F,35.6827619,139.7812547,BIZcomfort 日本橋小網町,https://coworking-search.jp/space/1899/
中央区,日本橋小網町,,東京都中央区日本橋小網町8-2 BIZMARKS 日本橋茅場町,35.6821058,139.7804885,BIZMARKS 日本橋茅場町,https://coworking-search.jp/space/818/
中央区,日本橋室町１丁目,日八京,東京都中央区日本橋室町1丁目5-3 福島ビル5F,35.6858279,139.7744481,Cross Transit 日本橋,https://coworking-search.jp/space/1846/
中央区,日本橋茅場町１丁目,,東京都中央区日本橋茅場町1-5-8 東京証券会館1階,35.6806096,139.7793462,CAFE SALVADOR BUSINESS SALON,https://coworking-search.jp/space/1743/
中央区,日本橋茅場２丁目,,東京都中央区日本橋茅場町2-17-9 日本橋イヅミビル5F,35.6785127,139.7806044,勉強カフェ 日本橋茅場町スタジオ,https://coworking-search.jp/space/1586/
中央区,日本橋兜町,,東京都中央区日本橋兜町18-5 日本橋兜町ビル2F,35.678912,139.7756915,日本橋ビジネスセンター,https://coworking-search.jp/space/180/
中央区,日本橋蛎殻町１丁目,,"東京都中央区日本橋蛎殻町1-28-4 岩崎ビル2F,4F,5F",35.6828452,139.7830011,いいオフィス 日本橋 by FUKUMITOYA,https://coworking-search.jp/space/1878/
中央区,日本橋蛎殻町１丁目,,東京都中央区日本橋蛎殻町1-24-4 井川ビル2F,35.6815746,139.7840548,ソーシャルビジネスラボ,https://coworking-search.jp/space/1098/
中央区,日本橋蛎殻町１丁目,,東京都中央区日本橋蛎殻町1-13-1 ユニゾ蛎殻町北島ビル B1F-A,35.6837381,139.7820021,日本橋第2ビジネスセンター,https://coworking-search.jp/space/182/
中央区,日本橋３丁目,日八京,東京都中央区日本橋3-2-14 日本橋KNビル 4F,35.6804229,139.7714509,ウィズスクエア日本橋店,https://coworking-search.jp/space/396/
中央区,日本橋３丁目,日八京,東京都中央区日本橋3丁目2番14号 新槇町ビル別館第一,35.6804194,139.7713419,東京アントレサロン,https://coworking-search.jp/space/324/
中央区,日本橋２丁目,日八京,東京都中央区日本橋2-1-3 アーバンネット日本橋二丁目ビル,35.6826041,139.7725962,EXPERT OFFICE 東京,https://coworking-search.jp/space/590/
中央区,日本橋２丁目,日八京,東京都中央区日本橋2-8-6 太陽生命ひまわり日本橋ビル 6F,35.6814381,139.7751334,NewWork 日本橋,https://coworking-search.jp/space/2152/
中央区,日本橋１丁目,日八京,東京都中央区日本橋1-4-1 日本橋一丁目三井ビルディング5階（COREDO日本橋）,35.6825249,139.7746156,WASEDA NEO,https://coworking-search.jp/space/1622/
中央区,日本橋１丁目,日八京,東京都中央区日本橋1-6-7 日本橋関谷ビル6F,35.6826583,139.775372,シェアル,https://coworking-search.jp/space/784/
中央区,築地４丁目,,東京都中央区築地4丁目1番1号 東劇ビル8階,35.6677103,139.7686424,銀座アントレサロン3号店 東劇ビル,https://coworking-search.jp/space/1376/
中央区,築地４丁目,,東京都中央区築地4丁目7番3号 築地ファーストビル6階,35.6669049,139.7699004,銀座アントレサロン5号店 築地ファーストビル,https://coworking-search.jp/space/1378/
中央区,築地３丁目,,東京都中央区築地3-7-1 TSUKIJI GRANDE 2F,35.6679528,139.7736346,DMZ WORK 築地,https://coworking-search.jp/space/2100/
中央区,築地１丁目,,"東京都中央区築地1-7-10 2F, 3F, 4F",35.669525,139.7706192,TIMBER's DESK 銀座,https://coworking-search.jp/space/814/
中央区,新川２丁目,,東京都中央区新川2-21-10 リードシー八丁堀ビル2F/3F,35.6734477,139.7821579,BIZcomfort 日本橋新川,https://coworking-search.jp/space/1893/
中央区,新川１丁目,,東京都中央区新川1-3-7 ストークマンション新川301,35.6784789,139.7820424,女性専用の会員制コワーキングスペース「Bright One」,https://coworking-search.jp/space/1782/
中央区,新川１丁目,,東京都中央区新川1-6-12 AIビル茅場町2〜5F,35.6771735,139.7810523,日本橋茅場町ビジネスセンター,https://coworking-search.jp/space/179/
中央区,新川１丁目,,東京都中央区新川1-3-4 PAビル5F,35.6786384,139.7820823,コワーキングスペース 茅場町 Co-Edo®,https://coworking-search.jp/space/1852/
中央区,新川１丁目,,東京都中央区新川1-25-2 新川STビル2F,35.6767438,139.7841595,Future Tech Hub,https://coworking-search.jp/space/1529/
中央区,銀座７丁目,,東京都中央区銀座7丁目13番5号 NREG銀座ビル1階,35.6679654,139.7646689,銀座アントレサロン1号店 NREG銀座ビル,https://coworking-search.jp/space/325/
中央区,銀座７丁目,,東京都中央区銀座7丁目13番6号 サガミビル2階,35.6678815,139.7645491,銀座アントレサロン2号店 サガミビル,https://coworking-search.jp/space/1375/
中央区,銀座６丁目,,東京都中央区銀座6-12-2,35.6692929,139.7648908,Addroom-Ginza-,https://coworking-search.jp/space/349/
中央区,銀座６丁目,,東京都中央区銀座6-4-8 曽根ビルB1F,35.6710129,139.7614447,コワーク大内,https://coworking-search.jp/space/1626/
中央区,銀座６丁目,,"東京都中央区銀座6-13-16 銀座ウォールビル パセラリゾーツ銀座店 B2,B3F",35.6692757,139.7651962,おしごとパセラ 銀座店,https://coworking-search.jp/space/2204/
中央区,銀座６丁目,,東京都中央区銀座6-14-8 銀座石井ビル4～7F,35.668438,139.765266,THE OFFICE 銀座,https://coworking-search.jp/space/175/
中央区,銀座６丁目,,東京都中央区銀座6丁目12番10号 旭ビル3階,35.6687739,139.7642695,銀座アントレサロン4号店 旭ビル,https://coworking-search.jp/space/1377/
中央区,銀座６丁目,,東京都中央区銀座6丁目13-5 三愛・星名ビル2階,35.6690554,139.7651342,いいオフィス 銀座 by MeRISE,https://coworking-search.jp/space/1876/
中央区,銀座６丁目,,東京都中央区銀座6-16-12 丸高ビル3F,35.6679808,139.7656473,ベンチャーデスク銀座,https://coworking-search.jp/space/798/
中央区,銀座５丁目,,東京都中央区銀座5-6-12 みゆきビル,35.6708894,139.7635508,bizcube 銀座,https://coworking-search.jp/space/341/
中央区,銀座４丁目,,東京都中央区銀座四丁目10-10 銀座山王ビル 8F,35.6700318,139.767005,リロワークス 東銀座,https://coworking-search.jp/space/1625/
中央区,銀座３丁目,,東京都中央区銀座3-14-13 第一厚生館ビル5F,35.669922,139.769179,銀座ビジネスセンター,https://coworking-search.jp/space/178/
中央区,銀座３丁目,,東京都中央区銀座3-11-3,35.6711954,139.7691716,LEAGUE銀座,https://coworking-search.jp/space/449/
中央区,銀座１丁目,,東京都中央区銀座1-8−19 キラリトギンザ11F,35.6743361,139.768675,BINARYSTAR 銀座,https://coworking-search.jp/space/1569/
中央区,銀座１丁目,,"東京都中央区銀座1-13-1 ヒューリック銀座一丁目ビル4,5F",35.674116,139.769809,ヒューリック銀座一丁目ビル,https://coworking-search.jp/space/174/
中央区,京橋３丁目,日八京,東京都中央区京橋3-3-13 平和ビル3号館 3F,35.6756199,139.7681032,コワーキングスペース『THE HUB 有楽町EAST』,https://coworking-search.jp/space/2143/
中央区,京橋２丁目,日八京,東京都中央区京橋2-2-1 京橋エドグラン3・4F,35.6773686,139.7694908,SENQ 京橋,https://coworking-search.jp/space/955/
新宿区,矢来町,,東京都新宿区矢来町16,35.7019788,139.7307353,神楽坂クロススタジオ,https://coworking-search.jp/space/1607/
新宿区,四谷本塩町,,東京都新宿区本塩町７ 新井ビル１階,-1,-1,Froh Coworking 四ツ谷,https://coworking-search.jp/space/1096/
新宿区,天神町７丁目,,東京都新宿区天神町7-11,35.7048095,139.7314238,BIZcomfort 神楽坂天神,https://coworking-search.jp/space/1907/
新宿区,袋町,,東京都新宿区袋町5番地1 FARO神楽坂,35.7012638,139.7382427,FARO神楽坂,https://coworking-search.jp/space/1863/
新宿区,早稲田鶴巻町,,東京都新宿区早稲田鶴巻町518 早稲田玉井ビル 3階,35.7081886,139.7224523,GARAGE 早稲田,https://coworking-search.jp/space/1496/
新宿区,早稲田町,,東京都新宿区早稲田町12-5 ニュー早稲田ビル 5F,35.7055012,139.722634,BIZcomfort 早稲田,https://coworking-search.jp/space/2123/
新宿区,西新宿８丁目,,東京都新宿区西新宿8-3-1 西新宿GFビル1～4F,35.695158,139.693916,西新宿ビジネスセンター,https://coworking-search.jp/space/194/
新宿区,西新宿７丁目,,東京都新宿区西新宿7-1-12,35.6947206,139.6989928,クロスオフィス新宿注目物件,https://coworking-search.jp/space/2279/
新宿区,西新宿７丁目,,東京都新宿区西新宿7-18-18 新宿税理士ビル1F,35.6958064,139.6968722,勉強カフェ 新宿ベースポイントスタジオ,https://coworking-search.jp/space/1958/
新宿区,西新宿７丁目,,東京都新宿区西新宿7-22-3 BPビル,35.695027,139.695231,BASE POINT,https://coworking-search.jp/space/2211/
新宿区,西新宿７丁目,,東京都新宿区西新宿7-2-5 TH西新宿ビル 5階／6階,35.6952873,139.6987152,知恵の場オフィス 本館,https://coworking-search.jp/space/1856/
新宿区,西新宿７丁目,,東京都新宿区西新宿7-4-4 武蔵ビル5F,35.6960056,139.6985962,HAPON 西新宿,https://coworking-search.jp/space/638/
新宿区,西新宿７丁目,,東京都新宿区西新宿7-4-7 イマス浜田ビル 5階,35.6961429,139.6985363,知恵の場オフィス 別館,https://coworking-search.jp/space/1857/
新宿区,西新宿６丁目,,東京都新宿区西新宿6-5-1 新宿アイランドタワー20F,35.6931316,139.6931422,モバフ新宿アイランド,https://coworking-search.jp/space/1574/
新宿区,西新宿３丁目,,東京都新宿区西新宿3-2-9 新宿ワシントンビル本館 2F,35.6869211,139.6933196,コワーキングスペース『THE HUB 新宿ワシントン』,https://coworking-search.jp/space/2125/
新宿区,西新宿１丁目,,東京都新宿区西新宿1-12-11 山銀ビル4F,35.6899904,139.6971402,新宿VIPラウンジ,https://coworking-search.jp/space/1817/
新宿区,西新宿１丁目,,東京都新宿区西新宿1-1-6,35.6885715,139.6996971,12 SHINJUKU,https://coworking-search.jp/space/1981/
新宿区,西新宿１丁目,,東京都新宿区西新宿1-17-1 日本生命新宿西口ビル 9F,35.6892945,139.6983967,NewWork 新宿,https://coworking-search.jp/space/1360/
新宿区,西新宿１丁目,,東京都新宿区西新宿1-18-2晴花ビル６F,35.6888088,139.6985905,ビジョンオフィス新宿,https://coworking-search.jp/space/1551/
新宿区,西新宿１丁目,,東京都新宿区西新宿1-25-1 新宿センタービル49階,35.6917502,139.6954187,+OURS 新宿,https://coworking-search.jp/space/1534/
新宿区,神楽坂６丁目,,東京都新宿区神楽坂6−８ 文悠ビルB1,35.7028965,139.7373309,BOOK&OFFICE 文悠,https://coworking-search.jp/space/1989/
新宿区,神楽坂２丁目,,東京都新宿区神楽坂2-12,35.7012331,139.7415478,TOKI CAFE,https://coworking-search.jp/space/2137/
新宿区,新宿５丁目,,東京都新宿区新宿5-15-14,35.6936972,139.7073474,INBOUND LEAGUE,https://coworking-search.jp/space/995/
新宿区,新宿４丁目,,東京都新宿区新宿4-3-15 レイフラット新宿B棟3F,35.6886342,139.7036224,コワーキングスペース「THE HUB 新宿」,https://coworking-search.jp/space/1135/
新宿区,新宿３丁目,,東京都新宿区新宿3-26-14 新宿ミニムビルⅠ 4階,35.6917856,139.7023452,TSUTAYA BOOK APARTMENT,https://coworking-search.jp/space/1608/
新宿区,新宿３丁目,,東京都新宿区新宿3丁目1-24 京王新宿三丁目ビル 1F,35.6901997,139.7053776,HAKADORU 新宿三丁目店,https://coworking-search.jp/space/2237/
新宿区,新宿２丁目,,東京都新宿区新宿2-11-7-5F,35.6904187,139.7073269,CO-Work&...新宿,https://coworking-search.jp/space/2059/
新宿区,新宿２丁目,,東京都新宿区新宿2丁目12番13号 新宿アントレサロンビル 2F,35.6906234,139.7080111,新宿アントレサロン,https://coworking-search.jp/space/326/
新宿区,新宿１丁目,,東京都新宿区新宿1-36-12 サンカテリーナビル6F,35.690833,139.710567,新宿ビジネスセンター,https://coworking-search.jp/space/195/
新宿区,舟町,,"東京都新宿区舟町7 舟町ビル1F,3F",35.689166,139.7203413,ワイムポート新宿舟町,https://coworking-search.jp/space/1881/
新宿区,市谷八幡町,,東京都新宿区市谷八幡町2-1 大手町建物市ヶ谷ビル3階,35.6923297,139.7348892,海外ビジネス特化型コワーキングスペース「Digima 〜出島〜BASE」市ヶ谷,https://coworking-search.jp/space/1605/
新宿区,四谷３丁目,,東京都新宿区四谷3-12,35.6876129,139.7192422,ワイムビジネスプラザ四谷,https://coworking-search.jp/space/464/
新宿区,四谷１丁目,,東京都新宿区四谷1-13-15 URBANE BUILDING SAKAS8 C棟,35.6849857,139.7280256,lifework space KANPAI Hütte,https://coworking-search.jp/space/2040/
新宿区,四谷１丁目,,東京都新宿区四谷1-9 天龍ビル 6階,35.6860101,139.7282639,フレンドリンクメンバーズオフィス,https://coworking-search.jp/space/1611/
新宿区,高田馬場１丁目,,東京都新宿区高田馬場1-26-12 高田馬場ビル802号室,35.712847,139.7055021,おとな自習室 高田馬場,https://coworking-search.jp/space/1965/
新宿区,高田馬場１丁目,,東京都新宿区高田馬場1-28-10 三慶ビル4F,35.7120999,139.7047189,シェアオフィス＆コワーキングスペース「CASE Shinjuku」,https://coworking-search.jp/space/899/
新宿区,高田馬場１丁目,,東京都新宿区高田馬場１丁目３２−１０ 新宿消費生活センター分館 併設,35.7108583,139.7037415,新宿区立高田馬場創業支援センター,https://coworking-search.jp/space/1172/
新宿区,歌舞伎町１丁目,,東京都新宿区歌舞伎町1-1-15 東信同和ビル9階,35.6930793,139.7045598,東信ビジネスセンター,https://coworking-search.jp/space/1744/
渋谷区,富ヶ谷１丁目,,東京都渋谷区富ヶ谷1-6-8 モリービル3F,35.6690231,139.6895075,MAKERS COFFEE,https://coworking-search.jp/space/1620/
渋谷区,道玄坂１丁目,,東京都渋谷区道玄坂一丁目12番5号 渋谷マークシティ4階 クリエーションスクエアしぶや内,35.6578627,139.6975798,Coin Space 渋谷マークシティ店 by 渋谷区観光協会,https://coworking-search.jp/space/1333/
渋谷区,道玄坂１丁目,,東京都渋谷区道玄坂一丁目12番5号 渋谷マークシティ,35.6578627,139.6975798,Coin Space 渋谷マークシティ2号店,https://coworking-search.jp/space/1334/
渋谷区,道玄坂１丁目,,東京都渋谷区道玄坂1-15-3 プリメーラ道玄坂1F,35.6572942,139.6977186,Printworks Studio Shibuya,https://coworking-search.jp/space/1783/
渋谷区,桜丘町,,東京都渋谷区桜丘町30-4 渋谷アジアマンション202号室,35.6556044,139.6983768,「StartUp４４田寮」渋谷,https://coworking-search.jp/space/1615/
渋谷区,桜丘町,,東京都渋谷区桜丘町26-1 セルリアンタワー15階,35.656351,139.6993749,エグゼクティブセンター 渋谷セルリアンタワー,https://coworking-search.jp/space/159/
渋谷区,桜丘町,,東京都渋谷区桜丘町12-10,35.6543774,139.7014392,ブロックチェーンに特化したコワーキングスペース『Neutrino』,https://coworking-search.jp/space/1383/
渋谷区,恵比寿西１丁目,,"東京都渋谷区恵比寿西一丁目33番6号 JP noie 恵比寿西 1F,2F",35.6470003,139.7040431,co-ba 恵比寿,https://coworking-search.jp/space/2096/
渋谷区,恵比寿西１丁目,,東京都渋谷区恵比寿西1-7-4 エビスファーストビル 4階,35.6477646,139.7089482,E-コワーキング,https://coworking-search.jp/space/2227/
渋谷区,恵比寿２丁目,,東京都渋谷区恵比寿2-28-7,35.6450765,139.721193,ベンチャーシティ恵比寿,https://coworking-search.jp/space/401/
渋谷区,宇田川町,,東京都渋谷区宇田川町3‐7ヒューリック渋谷公園通りビル,35.66254,139.6989951,la billage SHIBUYA注目物件,https://coworking-search.jp/space/2268/
渋谷区,宇田川町,,東京都渋谷区宇田川町36-6 ワールド宇田川ビル 6F,35.6617877,139.6974793,Agora Tokyo コワーキング スペース,https://coworking-search.jp/space/831/
渋谷区,宇田川町,,東京都渋谷区宇田川町3-1 渋谷東武ホテル内 地下1階,35.6631313,139.6990171,勉強カフェ 渋谷スタジオ,https://coworking-search.jp/space/1583/
渋谷区,代々木３丁目,,東京都渋谷区代々木3-1-11 パシフィックスクエア代々木2F,35.6822604,139.6957442,Creators Mall 代々木,https://coworking-search.jp/space/198/
渋谷区,代々木３丁目,,東京都渋谷区代々木3-1-11 パシフィックスクエア代々木 4F,35.6822604,139.6957442,Business Mall 代々木,https://coworking-search.jp/space/196/
渋谷区,代々木３丁目,,東京都渋谷区代々木3-1-11 パシフィックスクエア代々木 3F,35.6822604,139.6957442,Business Lounge 代々木,https://coworking-search.jp/space/197/
渋谷区,代々木２丁目,,東京都渋谷区代々木2-5-1 羽田ビル905号室,35.687146,139.697598,おとな自習室 新宿,https://coworking-search.jp/space/1964/
渋谷区,代々木２丁目,,東京都渋谷区代々木2-30-4,35.6837024,139.6985503,YCS 代々木,https://coworking-search.jp/space/833/
渋谷区,代々木２丁目,,東京都渋谷区代々木2-14-1 新宿松本ビル6F,35.686855,139.6967414,勉強カフェ 新宿スタジオ,https://coworking-search.jp/space/1584/
渋谷区,代々木１丁目,,東京都渋谷区代々木1-43-11,35.6825344,139.6991247,BIZcomfort 代々木,https://coworking-search.jp/space/2203/
渋谷区,代々木１丁目,,東京都渋谷区代々木1-13-4 代々木ブラウンビル4F,35.6820274,139.6998926,コワーキングスペース「spAce4510」,https://coworking-search.jp/space/1606/
渋谷区,円山町５丁目,,東京都渋谷区円山町5-5 Navi渋谷Ⅴ 3階,35.6567387,139.6952619,渋谷アントレサロン,https://coworking-search.jp/space/1487/
渋谷区,広尾１丁目,,東京都渋谷区広尾1-3-18 広尾オフィスビル11F,35.6488966,139.7123726,恵比寿ビジネスセンター,https://coworking-search.jp/space/199/
渋谷区,東１丁目,,東京都渋谷区東1-3-1,35.6575282,139.7081479,タマリバ,https://coworking-search.jp/space/1777/
渋谷区,西原１丁目,,"東京都渋谷区西原1-50-8 1F, B1F",35.6744984,139.6852244,BathHaus,https://coworking-search.jp/space/1778/
渋谷区,道玄坂２丁目,,東京都渋谷区道玄坂2丁目17-2 トップ美奄 2F,35.6586625,139.6965654,KOBUSHI BEER LOUNGE & BAR,https://coworking-search.jp/space/2201/
渋谷区,道玄坂１丁目,,東京都渋谷区道玄坂1丁目22−7 道玄坂ピア2F,35.6560383,139.6954849,FabCafe MTRL 渋谷,https://coworking-search.jp/space/1253/
渋谷区,代官山町,,東京都渋谷区代官山町9-10 SodaCCo 4-6F,35.6516941,139.7047019,クリエイター専用シェアオフィス『co-lab 代官山』,https://coworking-search.jp/space/1937/
渋谷区,代官山町,,東京都渋谷区代官山町20-23 TENOHA代官山,35.6484983,139.7020595,TENOHA 代官山,https://coworking-search.jp/space/1614/
渋谷区,代官山町,,東京都渋谷区代官山町14-9 ヴァイシャーリー B1F/1F/3F,35.6502148,139.7043759,いいオフィス 代官山 by N'sLounge,https://coworking-search.jp/space/2073/
渋谷区,千駄ヶ谷４丁目,,東京都渋谷区千駄ケ谷4-23-5 JPR千駄ヶ谷ビル 2F,35.6809355,139.7068626,AURORA GARDEN,https://coworking-search.jp/space/2141/
渋谷区,千駄ヶ谷３丁目,,東京都渋谷区千駄ヶ谷3-28-8 鳩森ビル303,35.6776615,139.7083897,ジーエルベース・コワーキングスペース 千駄ヶ谷,https://coworking-search.jp/space/1156/
渋谷区,千駄ヶ谷３丁目,,東京都渋谷区千駄ヶ谷3-15-3,35.6764629,139.7069699,マフィス北参道,https://coworking-search.jp/space/1344/
渋谷区,千駄ヶ谷１丁目,,東京都渋谷区千駄ヶ谷1-13-11,35.6771714,139.7119006,THE FORUM 千駄ヶ谷,https://coworking-search.jp/space/1575/
渋谷区,神南１丁目,,東京都渋谷区神南1丁目13-4 IDOビル,35.6631787,139.700451,Creative House,https://coworking-search.jp/space/837/
渋谷区,神南１丁目,,東京都渋谷区神南1-21-3 渋谷モディ4F,35.6615867,139.7004778,Coin Space 渋谷モディ店,https://coworking-search.jp/space/1546/
渋谷区,神南１丁目,,"東京都渋谷区神南1-20-2 第一清水ビル 2階, 3階",35.6619118,139.7001166,co-ba 神南,https://coworking-search.jp/space/2095/
渋谷区,神南１丁目,,東京都渋谷区神南1-20-13 ​​ザ・ミレニアルズ渋谷内,35.6622153,139.6996339,.andwork 渋谷,https://coworking-search.jp/space/1342/
渋谷区,神南１丁目,,東京都渋谷区神南1-19-8 渋谷区勤労福祉会館2階,35.6624998,139.6994279,Coin Space 渋谷神南店,https://coworking-search.jp/space/1335/
渋谷区,神南１丁目,,東京都渋谷区神南1-12-16 和光ビル5F,35.6625783,139.7005408,RESONANCE POINT 渋谷,https://coworking-search.jp/space/640/
渋谷区,神泉町,,東京都渋谷区神泉町8-1 鈴屋ビルB1F,35.6551291,139.6940454,basement cafe 神泉,https://coworking-search.jp/space/1415/
渋谷区,神宮前６丁目,,東京都渋谷区神宮前6丁目4-1 原宿八角館ビル 6階,35.6681081,139.7055372,Biz Platto,https://coworking-search.jp/space/2136/
渋谷区,神宮前６丁目,,東京都渋谷区神宮前6-33-14 神宮ハイツ408号,35.6681049,139.7041011,ファッション系コワーキングスペース『coromoza』神宮前,https://coworking-search.jp/space/1257/
渋谷区,神宮前６丁目,,東京都渋谷区神宮前6-33-14 神宮ハイツ1F-201,35.6681699,139.7041514,TURN harajuku,https://coworking-search.jp/space/902/
渋谷区,神宮前６丁目,,東京都渋谷区神宮前6-19-15 高野第1ビル5階,35.6634031,139.7024156,ShareOffice BIGness 渋谷,https://coworking-search.jp/space/1870/
渋谷区,神宮前６丁目,,東京都渋谷区神宮前6-17-10 原宿アールビル2F,35.6652746,139.7033032,モバフ原宿,https://coworking-search.jp/space/1573/
渋谷区,神宮前６丁目,,東京都渋谷区神宮前6-10-9 原宿董友ビル4階,35.6673596,139.704879,サクラサク（女性専用）,https://coworking-search.jp/space/1570/
渋谷区,神宮前４丁目,,東京都渋谷区神宮前4-26-28,35.6692073,139.7078749,ドロップイン原宿,https://coworking-search.jp/space/977/
渋谷区,神宮前３丁目,,東京都渋谷区神宮前3-25-18,35.6718151,139.7084509,THE SHARE 神宮前,https://coworking-search.jp/space/1093/
渋谷区,神宮前３丁目,,東京都渋谷区神宮前3-18-16,35.6700865,139.7089031,MARIA HOUSE,https://coworking-search.jp/space/1603/
渋谷区,神宮前２丁目,,東京都渋谷区神宮前2丁目18-21,35.6728554,139.7098407,kurkku home 神宮前,https://coworking-search.jp/space/1979/
渋谷区,神宮前１丁目,,"東京都渋谷区神宮前1-5-8 神宮前タワービルディング 13階,14階",35.6706882,139.7066941,エグゼクティブセンター 神宮前タワービル,https://coworking-search.jp/space/1860/
渋谷区,神宮前１丁目,,東京都渋谷区神宮前1-20-2 FOUND HARAJUKU 3階,35.6716401,139.7048481,W CAFE,https://coworking-search.jp/space/1577/
渋谷区,渋谷４丁目,,東京都渋谷区渋谷4-5-5,35.6586212,139.7087804,COHSA SHIBUYA,https://coworking-search.jp/space/2017/
渋谷区,渋谷３丁目,,東京都渋谷区渋谷3-6-2 エクラート渋谷5F,35.6579485,139.705028,コワーキングスぺース「THE HUB 渋谷」,https://coworking-search.jp/space/1136/
渋谷区,渋谷３丁目,,東京都渋谷区渋谷3-6-1 イースト渋谷ビル 9F,35.6579131,139.7048391,NewWork 渋谷イースト9F,https://coworking-search.jp/space/564/
渋谷区,渋谷３丁目,,東京都渋谷区渋谷3-6-1 イースト渋谷ビル 3F,35.6579131,139.7048391,NewWork 渋谷イースト3F,https://coworking-search.jp/space/2151/
渋谷区,渋谷３丁目,,東京都渋谷区渋谷3-5-16 渋谷3丁目スクエアビル2F,35.6580069,139.7068138,Katana 渋谷オフィス,https://coworking-search.jp/space/1554/
渋谷区,渋谷３丁目,,東京都渋谷区渋谷3-28-8 第三久我屋ビル8F,35.6560492,139.7042606,STUDY LOUNGE,https://coworking-search.jp/space/1756/
渋谷区,渋谷３丁目,,東京都渋谷区渋谷3-27-15 坂上ビル7階,35.6560717,139.704669,Lightning spot 渋谷,https://coworking-search.jp/space/1395/
渋谷区,渋谷３丁目,,東京都渋谷区渋谷3-26-16 第五叶ビル 5F,35.6541646,139.7055808,co-ba 渋谷,https://coworking-search.jp/space/2094/
渋谷区,渋谷２丁目,,東京都渋谷区渋谷2丁目2-17 TranceWORKS青山ビル,35.6607532,139.7083126,トランスワークス青山,https://coworking-search.jp/space/1542/
渋谷区,渋谷２丁目,,東京都渋谷区渋谷2丁目10-15,35.6603253,139.7066894,EXPERT OFFICE 渋谷,https://coworking-search.jp/space/165/
渋谷区,渋谷２丁目,,東京都渋谷区渋谷2-24-12 渋谷スクランブルスクエア 11F,35.6584287,139.7021686,SHARE LOUNGE,https://coworking-search.jp/space/2195/
渋谷区,渋谷２丁目,,東京都渋谷区渋谷2-22-8 名取ビル 3～5階,35.6584833,139.7035063,アットビジネスセンター渋谷東口駅前,https://coworking-search.jp/space/2222/
渋谷区,渋谷２丁目,,東京都渋谷区渋谷2-22-6 幸和ビル10F,35.6584808,139.7038418,POINT EDGE ShibuyaBASE,https://coworking-search.jp/space/1543/
渋谷区,渋谷２丁目,,東京都渋谷区渋谷2-21-1 渋谷ヒカリエ8階 8 ⁄（ハチ）,35.659066,139.7037417,Creative Lounge MOV,https://coworking-search.jp/space/1850/
渋谷区,渋谷１丁目,,東京都渋谷区渋谷1-7-5 2F,35.6608281,139.706553,KEY STATION OFFICE 渋谷,https://coworking-search.jp/space/1975/
渋谷区,渋谷１丁目,,東京都渋谷区渋谷1-24-7 渋谷宮下パークビルB102,35.6605247,139.7019669,konochikara 渋谷店,https://coworking-search.jp/space/1617/
渋谷区,渋谷１丁目,,東京都渋谷区渋谷1-23-21 渋谷キャスト 1-2F,35.6625971,139.7028492,クリエイター専用シェアオフィス『co-lab 渋谷キャスト』,https://coworking-search.jp/space/1936/
渋谷区,渋谷１丁目,,東京都渋谷区渋谷1-17-1 TOC第2ビル3F,35.6614494,139.7030639,PORTAL 渋谷,https://coworking-search.jp/space/1394/
渋谷区,渋谷１丁目,,東京都渋谷区渋谷1-17-1 TOC第2ビル 2F,35.6615412,139.7030313,シェアオフィス『HOLSTAR』渋谷,https://coworking-search.jp/space/1256/
渋谷区,渋谷１丁目,,"東京都渋谷区渋谷1-1-3 アミーホール 3,4F",35.6614533,139.7073725,THE HUB 青山WEST,https://coworking-search.jp/space/2207/
渋谷区,渋谷１丁目,,東京都渋谷区渋谷1-12-2,35.660247,139.7034628,クロスオフィス渋谷注目物件,https://coworking-search.jp/space/2280/
渋谷区,恵比寿南３丁目,,東京都渋谷区恵比寿南3丁目1-1 恵比寿グリーングラス 6-9F,35.6460585,139.7066824,コンパスオフィス 恵比寿グリーングラス注目物件,https://coworking-search.jp/space/2234/
渋谷区,恵比寿南３丁目,,東京都渋谷区恵比寿南3-5-7 デジタルゲートビル 2F,35.6461743,139.7037819,Open Network Space 代官山,https://coworking-search.jp/space/1616/
渋谷区,恵比寿南１丁目,,東京都渋谷区恵比寿南1-8-8 リアルミホビル3F,35.6460099,139.7087986,SHARE BA UNION 恵比寿,https://coworking-search.jp/space/1619/
渋谷区,恵比寿１丁目,,渋谷区恵比寿1-16-29 デリス第２ビル4F,35.6479491,139.7130929,Flower-King FLOWER GARDEN 恵比寿コワーキングスペース,https://coworking-search.jp/space/2033/
渋谷区,上原１丁目,,東京都渋谷区上原1-3-9,35.6680526,139.6862515,GOOD WORK 代々木八幡,https://coworking-search.jp/space/1618/
品川区,南品川２丁目,,東京都品川区南品川2-2-5 リードシー南品川ビル2F,35.6119646,139.7420943,BIZcomfort 品川大井町,https://coworking-search.jp/space/1917/
品川区,東五反田５丁目,,東京都品川区東五反田5-22-37,35.6283405,139.7217712,オフィスサークルN五反田,https://coworking-search.jp/space/786/
品川区,東五反田２丁目,,東京都品川区東五反田2-3-5 五反田中央ビル7F,35.6254969,139.7264451,KEY STATION OFFICE 五反田,https://coworking-search.jp/space/1976/
品川区,東五反田２丁目,,東京都品川区東五反田2-8-5 KNビル 5F,35.6247517,139.7253476,コワーキングスペース Pao,https://coworking-search.jp/space/972/
品川区,東五反田１丁目,,東京都品川区東五反田1-13-12いちご五反田ビル10F,35.626698,139.7246094,Coin Space by Centro注目物件,https://coworking-search.jp/space/1879/
品川区,東五反田１丁目,,東京都品川区東五反田1-22-6 五反田さくらビル3F,35.6258434,139.7270271,コワーキングスペース『BasisPoint 五反田』,https://coworking-search.jp/space/1419/
品川区,旗の台５丁目,,東京都品川区旗の台5-3-6 リブ・イン102,35.6048227,139.70081,サードプレイス旗の台,https://coworking-search.jp/space/1621/
品川区,西品川１丁目,,東京都品川区西品川一丁目1-1 住友不動産大崎ガーデンタワー 9階,35.6149384,139.731068,TUNNEL TOKYO,https://coworking-search.jp/space/1849/
品川区,西五反田８丁目,,東京都品川区西五反田8-2-12 アール五反田7A,35.6229266,139.7207984,Office Plata 五反田,https://coworking-search.jp/space/2031/
品川区,西五反田２丁目,,東京都品川区西五反田2-14-13 NICハイム五反田2階,35.6264409,139.719721,BIZcomfort 五反田,https://coworking-search.jp/space/1912/
品川区,西五反田１丁目,,東京都品川区西五反田1-3-8 五反田PLACE 9F,35.6255144,139.7223747,NewWork 五反田,https://coworking-search.jp/space/2150/
品川区,西五反田１丁目,,東京都品川区西五反田1-13-7 マルキビル503,35.6239943,139.7241305,コワーキングスペース「CONTENTZ」五反田,https://coworking-search.jp/space/545/
品川区,五反田２丁目,,東京都品川区西五反田2丁目10-8 ドルミ五反田ドゥメゾン306,35.6271304,139.7208583,Space to win注目物件,https://coworking-search.jp/space/2240/
品川区,北品川５丁目,,東京都品川区北品川5-5-15 大崎ブライトコア4階,35.6221748,139.7309548,品川区立品川産業支援交流施設 ＳＨＩＰ 注目物件,https://coworking-search.jp/space/2130/
品川区,小山４丁目,,東京都品川区小山4-4-7 コスモ武蔵小山ビル8F,35.6185379,139.7043205,nagaya 8f,https://coworking-search.jp/space/1524/
品川区,小山４丁目,,東京都品川区小山4-7-15 石神ビル2F,35.61778,139.7040412,STUDIO4,https://coworking-search.jp/space/1774/
品川区,大崎４丁目,,東京都品川区大崎4-1-7,35.6221757,139.7227051,VACANCY OFFICE GOTANDA,https://coworking-search.jp/space/1263/
品川区,大崎２丁目,,東京都品川区大崎2-9-3 大崎ウエストシティビル2階,35.6172375,139.7273231,ロッカールーム大崎,https://coworking-search.jp/space/510/
品川区,上大崎３丁目,,東京都品川区上大崎 3-1-1 目黒セントラルスクエア 17F（アマゾン新目黒オフィス）,35.6333455,139.7165887,AWS Loft Tokyo,https://coworking-search.jp/space/1847/
江東区,富岡２丁目,,東京都江東区富岡2-11-18 リードシー門前仲町 4階,35.6699741,139.8014388,BIZcomfort 門前仲町,https://coworking-search.jp/space/1905/
江東区,門前仲町１丁目,,東京都江東区門前仲町1-13-12 HYPERMIX B1,35.6733743,139.7951999,HYPERMIX「COFFICE 門前仲町」,https://coworking-search.jp/space/1983/
江東区,門前仲町１丁目,,東京都江東区門前仲町1-9-13 ウィズビル1階,35.6734,139.7939072,room EXPLACE 門前仲町,https://coworking-search.jp/space/1953/
江東区,三好２丁目,,東京都江東区三好2-6-10 The Fleming House 2F,35.679489,139.803409,NAGAYA 清澄白河,https://coworking-search.jp/space/1525/
江東区,東陽３丁目,,東京都江東区東陽3-27-17 長谷川ビル5階,35.6706915,139.8161452,room EXPLACE 東陽町,https://coworking-search.jp/space/1954/
江東区,亀戸７丁目,,東京都江東区亀戸7ｰ44ｰ2,35.6960724,139.8343063,BIZcomfort 亀戸南,https://coworking-search.jp/space/2065/
江東区,亀戸５丁目,,東京都江東区亀戸5-6-21 UIW9BLDG 2F,35.6983145,139.8276559,BIZcomfort 亀戸,https://coworking-search.jp/space/1888/
江東区,亀戸１丁目,,東京都江東区亀戸1-7-3 パークノヴァ亀戸 201号室,35.6960011,139.8211014,ソフトオフィス錦糸町,https://coworking-search.jp/space/403/
江東区,大島５丁目,,東京都江東区大島5丁目12-3,35.6885167,139.8341934,ivyCafe NEIGHBOR&WORK 大島,https://coworking-search.jp/space/2252/
江東区,青海２丁目,,東京都江東区青海2丁目7-4,35.6179935,139.7748521,the SOHO,https://coworking-search.jp/space/498/
江東区,青海２丁目,,東京都江東区青海二丁目5番10号 テレコムセンタービル東棟14階,35.6170886,139.7800651,モノづくりコワーキングスペースMONO,https://coworking-search.jp/space/1070/
江東区,有明３丁目,,東京都江東区有明3-7-11 有明パークビル 20F,35.6328563,139.7934559,コワーキングスペース『THE HUB東京ベイ有明ワシントン』,https://coworking-search.jp/space/2126/
