指標名,文化財,,,,,,,,,,,,,,,,
出典,国指定文化財等データベース,,,,,,,,,,,,,,,,
年次,2021/2/1取得,,,,,,,,,,,,,,,,
URL,https://kunishitei.bunka.go.jp/,,,,,,,,,,,,,,,,
備考,（2019年度：482件。2020年度：516件）,,,,,,,,,,,,,,,,
,,,,,,,,,,,,,,,,,
区,町丁,エリア,住所,緯度,経度,名称,棟名,文化財種類,種別1,種別2,国,時代,重文指定年月日,国宝指定年月日,保管施設の名称,所有者名,管理団体又は責任者
品川区,東五反田３丁目,-,東京都品川区東五反田三丁目191番地39,35.630727,139.729589,旧島津家本邸,本館,国宝・重要文化財(建造物),重要文化財,近代／住居,,大正,2019/12/27,,,学校法人　清泉女子大学,
品川区,東五反田３丁目,-,東京都品川区東五反田三丁目191番地39,35.630727,139.729589,旧島津家本邸,事務所,国宝・重要文化財(建造物),重要文化財,近代／住居,,大正,2019/12/27,,,学校法人　清泉女子大学,
品川区,大井６丁目,-,大田区山王一丁目、品川区大井六丁目,35.59298,139.7302,大森貝塚,,史跡名勝天然記念物,史跡,,,,1955/03/24,,,,
品川区,北品川４丁目,-,品川区北品川三丁目,35.61789,139.7367,加茂真淵墓,,史跡名勝天然記念物,史跡,,,,1926/10/20,,,,
品川区,北品川４丁目,-,品川区北品川三丁目,35.61765,139.7365,沢庵墓,,史跡名勝天然記念物,史跡,,,,1926/10/20,,,,
品川区,豊町１丁目,-,東京都品川区豊町一丁目1131-1,35.612283,139.720536,旧三井文庫第二書庫,,登録有形文化財(建造物),文化福祉,建築物,,大正,,,,品川区,
品川区,北品川５丁目,-,東京都品川区北品川5-740-10,35.62074,139.7349,小池家住宅主屋,,登録有形文化財(建造物),住宅,建築物,,昭和前,2011/01/26,,,,
品川区,平塚１丁目,-,東京都品川区平塚一丁目584,35.616225,139.716044,長濱家住宅主屋,,登録有形文化財(建造物),住宅,建築物,,大正,,,,,
品川区,平塚１丁目,-,東京都品川区平塚一丁目584,35.616225,139.716044,長濱家住宅門,,登録有形文化財(建造物),住宅,その他工作物,,大正,,,,,
品川区,旗の台３丁目,-,東京都品川区旗の台3-852-1,35.60452,139.7083,旗岡八幡神社絵馬殿,,登録有形文化財(建造物),宗教,建築物,,昭和前,2013/06/21,,,旗岡八幡神社,
中央区,水面調査区,-,東京都中央区新川、江東区佐賀,35.67629,139.7875,永代橋,,国宝・重要文化財(建造物),重要文化財,近代／産業・交通・土木,,大正,2007/06/18,,,東京都,
中央区,水面調査区,-,東京都中央区築地、勝どき,35.66223,139.7749,勝鬨橋,,国宝・重要文化財(建造物),重要文化財,近代／産業・交通・土木,,昭和,2007/06/18,,,東京都,
中央区,日本橋中洲,-,東京都中央区日本橋中洲、江東区清澄,35.68242,139.7918,清洲橋,,国宝・重要文化財(建造物),重要文化財,近代／産業・交通・土木,,昭和,2007/06/18,,,東京都,
中央区,日本橋２丁目,日八京,東京都中央区日本橋2丁目4番1号,35.68078,139.7734,髙島屋東京店,髙島屋東京店,国宝・重要文化財(建造物),重要文化財,近代／商業・業務,,昭和,2009/06/30,,,株式会社髙島屋,
中央区,築地３丁目,-,東京都中央区築地三丁目一五〇一番,35.66651,139.7722,築地本願寺本堂,,国宝・重要文化財(建造物),重要文化財,近代／宗教,,昭和,2014/12/10,,,築地本願寺,
中央区,日本橋本石町２丁目,日八京,東京都中央区日本橋本石町二丁目1番1号,35.68656,139.7715,日本銀行本店本館,,国宝・重要文化財(建造物),重要文化財,近代／商業・業務,,明治,1974/02/05,,,日本銀行,
中央区,日本橋１丁目,日八京,東京都中央区日本橋一丁目・日本橋室町一丁目間,35.68405,139.7744,日本橋,,国宝・重要文化財(建造物),重要文化財,近代／産業・交通・土木,,明治,1999/05/13,,,国（国土交通省）,
中央区,日本橋室町２丁目,日八京,東京都中央区日本橋室町二丁目1番1号,35.68631,139.7731,三井本館,,国宝・重要文化財(建造物),重要文化財,近代／商業・業務,,昭和,1998/12/25,,,三井不動産株式会社,
中央区,日本橋室町１丁目,日八京,東京都中央区日本橋室町一丁目7番地,35.68559,139.7733,三越日本橋本店,,国宝・重要文化財(建造物),重要文化財,近代／商業・業務,,昭和,2016/07/25,,,株式会社三越伊勢丹,
中央区,京橋３丁目,日八京,神奈川県相模原市高根3-1-4,35.6755,139.7706,映画フィルム「小林富次郎葬儀」,,国宝・重要文化財(美術品),重要文化財,歴史資料,日本,明治,2011/06/27,,国立映画アーカイブ相模原分館,独立行政法人国立美術館,
中央区,日本橋室町２丁目,日八京,三井記念美術館　東京都中央区日本橋室町2-1-1三井本館7階,35.68641,139.7735,刀〈銘国広／〉,,国宝・重要文化財(美術品),重要文化財,工芸品,日本,桃山,1939/05/27,,三井記念美術館　,公益財団法人三井文庫,
中央区,日本橋室町２丁目,日八京,三井記念美術館　東京都中央区日本橋室町2-1-1三井本館7階,35.68641,139.7735,唐物肩衝茶入（北野）,,国宝・重要文化財(美術品),重要文化財,工芸品,中国,南宋時代,2003/05/29,,三井記念美術館　,公益財団法人三井文庫,
中央区,日本橋室町２丁目,日八京,東京都中央区日本橋室町2－1－1　三井本館7階,35.68641,139.7735,旧金剛宗家伝来能面,,国宝・重要文化財(美術品),重要文化財,彫刻,,室町、桃山、江戸,2008/07/10,,三井記念美術館,公益財団法人三井文庫,
中央区,日本橋室町２丁目,日八京,三井記念美術館　東京都中央区日本橋室町2-1-1三井本館7階,35.68641,139.7735,熊野御幸記〈藤原定家筆／建仁元年十月〉,,国宝・重要文化財(美術品),国宝,古文書,日本,鎌倉,,1967/06/15,三井記念美術館　,公益財団法人三井文庫,
中央区,日本橋室町２丁目,日八京,三井記念美術館　東京都中央区日本橋室町2-1-1三井本館7階,35.68641,139.7735,古林清茂墨蹟〈与無夢一清偈／泰定四年至節後三日〉,,国宝・重要文化財(美術品),重要文化財,書跡・典籍,中国,元,1989/06/12,,三井記念美術館　,公益財団法人三井文庫,
中央区,日本橋室町２丁目,日八京,三井記念美術館　東京都中央区日本橋室町2-1-1三井本館7階,35.68641,139.7735,黒楽茶碗（俊寛）〈長次郎作／〉,,国宝・重要文化財(美術品),重要文化財,工芸品,日本,桃山,1996/06/27,,三井記念美術館　,公益財団法人三井文庫,
中央区,日本橋室町２丁目,日八京,三井記念美術館　東京都中央区日本橋室町2-1-1三井本館７階,35.68669,139.7729,粉引茶碗（三好）,,国宝・重要文化財(美術品),重要文化財,工芸品,朝鮮,朝鮮,2016/08/17,,三井記念美術館,公益財団法人三井文庫,
中央区,日本橋室町２丁目,日八京,三井記念美術館　東京都中央区日本橋室町2-1-1三井本館7階,35.68641,139.7735,志野茶碗〈銘卯花墻／〉,,国宝・重要文化財(美術品),国宝,工芸品,日本,桃山,1955/02/02,1959/06/27,三井記念美術館　,公益財団法人三井文庫,
中央区,日本橋室町２丁目,日八京,東京都中央区日本橋室町2-1-1三井本館7階,35.68641,139.7735,紙本著色東福門院入内図〈／四曲屏風〉,,国宝・重要文化財(美術品),重要文化財,絵画,日本,江戸,2006/06/09,,三井記念美術館,公益財団法人三井文庫,
中央区,日本橋室町２丁目,日八京,東京都中央区日本橋室町2-1-1,35.68669,139.7729,拾遺抄,,国宝・重要文化財(美術品),重要文化財,書跡・典籍,日本,鎌倉,2016/08/17,,三井記念美術館,公益財団法人三井文庫,
中央区,日本橋室町２丁目,日八京,三井記念美術館　東京都中央区日本橋室町2-1-1三井本館7階,35.68641,139.7735,清拙正澄墨蹟〈霊致別称偈／延元元年仲夏〉,,国宝・重要文化財(美術品),重要文化財,書跡・典籍,中国・日本,元～南北朝,1953/11/14,,三井記念美術館　,公益財団法人三井文庫,
中央区,日本橋室町２丁目,日八京,三井記念美術館　東京都中央区日本橋室町2-1-1三井本館7階,35.68641,139.7735,太刀〈銘国信／〉,,国宝・重要文化財(美術品),重要文化財,工芸品,日本,南北朝,1955/06/22,,三井記念美術館　,公益財団法人三井文庫,
中央区,日本橋室町２丁目,日八京,三井記念美術館　東京都中央区日本橋室町2-1-1三井本館7階,35.68641,139.7735,太刀〈銘助真／〉,,国宝・重要文化財(美術品),重要文化財,工芸品,日本,鎌倉,1957/02/19,,三井記念美術館　,公益財団法人三井文庫,
中央区,日本橋室町２丁目,日八京,三井記念美術館　東京都中央区日本橋室町2-1-1三井本館7階,35.68641,139.7735,太刀〈銘則宗／〉,,国宝・重要文化財(美術品),重要文化財,工芸品,日本,鎌倉,1941/07/03,,三井記念美術館　,公益財団法人三井文庫,
中央区,日本橋室町２丁目,日八京,三井記念美術館　東京都中央区日本橋室町2-1-1三井本館7階,35.68641,139.7735,太刀〈銘備州長船住兼光／暦応二年正月日〉,,国宝・重要文化財(美術品),重要文化財,工芸品,日本,南北朝,1952/03/29,,三井記念美術館　,公益財団法人三井文庫,
中央区,日本橋室町２丁目,日八京,三井記念美術館　東京都中央区日本橋室町2-1-1三井本館7階,35.68641,139.7735,太刀〈銘備州長鉛基光／〉,,国宝・重要文化財(美術品),重要文化財,工芸品,日本,南北朝,1953/03/31,,三井記念美術館　,公益財団法人三井文庫,
中央区,日本橋室町２丁目,日八京,三井記念美術館　東京都中央区日本橋室町2-1-1三井本館7階,35.68641,139.7735,短刀〈無銘貞宗（名物徳善院貞宗）／〉,,国宝・重要文化財(美術品),国宝,工芸品,日本,鎌倉,1937/05/25,1952/11/22,三井記念美術館　,公益財団法人三井文庫,
中央区,日本橋室町２丁目,日八京,三井記念美術館　東京都中央区日本橋室町2-1-1三井本館7階,35.68641,139.7735,短刀〈無銘正宗（名物日向正宗）／〉,,国宝・重要文化財(美術品),国宝,工芸品,日本,鎌倉,1941/07/03,1952/11/22,三井記念美術館　,公益財団法人三井文庫,
中央区,日本橋室町２丁目,日八京,三井記念美術館　東京都中央区日本橋室町2-1-1三井本館7階,35.68641,139.7735,手鑑「たかまつ」（百八十六葉）,,国宝・重要文化財(美術品),重要文化財,書跡・典籍,日本,奈良～江戸,1989/06/12,,三井記念美術館　,公益財団法人三井文庫,
中央区,日本橋室町２丁目,日八京,三井記念美術館　東京都中央区日本橋室町2-1-1三井本館7階,35.68641,139.7735,銅製船氏王後墓誌,,国宝・重要文化財(美術品),国宝,考古資料,日本,奈良,1953/03/31,1961/04/27,三井記念美術館　,,
中央区,日本橋室町２丁目,日八京,三井記念美術館　東京都中央区日本橋室町2-1-1三井本館7階,35.68641,139.7735,薙刀〈銘一／〉,,国宝・重要文化財(美術品),重要文化財,工芸品,日本,鎌倉,1952/07/19,,三井記念美術館　,公益財団法人三井文庫,
中央区,日本橋室町２丁目,日八京,三井記念美術館　東京都中央区日本橋室町2-1-1三井本館7階,35.68641,139.7735,日本航海図〈（羊皮紙著色）／〉,,国宝・重要文化財(美術品),重要文化財,歴史資料,日本,江戸,1995/06/15,,三井記念美術館　,公益財団法人三井文庫,
中央区,日本橋３丁目,日八京,東京国立博物館文化庁分室　東京都台東区上野公園13-9,35.679674,139.773537,梵鐘,,国宝・重要文化財(美術品),重要文化財,工芸品,日本,平安,1952/07/19,,東京国立博物館文化庁分室,国（文化庁）,
中央区,日本橋室町２丁目,日八京,三井記念美術館　東京都中央区日本橋室町2-1-1三井本館7階,35.68641,139.7735,楽焼黒茶碗（雨雲）〈光悦作／〉,,国宝・重要文化財(美術品),重要文化財,工芸品,日本,江戸,1955/06/22,,三井記念美術館　,公益財団法人三井文庫,
中央区,日本橋室町２丁目,日八京,三井記念美術館　東京都中央区日本橋室町2-1-1三井本館7階,35.68641,139.7735,鸞天目茶碗,,国宝・重要文化財(美術品),重要文化財,工芸品,中国,南宋時代,2000/06/27,,三井記念美術館　,公益財団法人三井文庫,
中央区,日本橋室町２丁目,日八京,三井記念美術館　東京都中央区日本橋室町2-1-1三井本館7階,35.68641,139.7735,紙本金地著色日月松鶴図〈／六曲屏風〉,,国宝・重要文化財(美術品),重要文化財,絵画,日本,室町,1993/06/10,,三井記念美術館　,公益財団法人三井文庫,
中央区,日本橋室町２丁目,日八京,三井記念美術館　東京都中央区日本橋室町2-1-1三井本館7階,35.68641,139.7735,紙本淡彩雪松図〈円山応挙筆／六曲屏風〉,,国宝・重要文化財(美術品),国宝,絵画,日本,江戸,,1952/03/29,三井記念美術館　,公益財団法人三井文庫,
中央区,浜離宮庭園,-,中央区浜離宮庭園,35.65989,139.7633,旧浜離宮庭園,,史跡名勝天然記念物,特別名勝,特別史跡,,,1948/12/18,,,,
中央区,日本橋大伝馬町,-,東京都中央区日本橋大伝馬町1-5,35.6891,139.7782,江戸屋店舗兼住宅,,登録有形文化財(建造物),産業3次,建築物,,大正,2014/04/25,,,,
中央区,新富２丁目,-,東京都中央区新富2-6-13,35.67128,139.7737,大野屋總本店店舗,,登録有形文化財(建造物),産業3次,建築物,,大正,2014/04/25,,,,
中央区,日本橋小網町,-,東京都中央区日本橋小網町10-5,35.68268,139.7808,喜代川店舗,,登録有形文化財(建造物),産業3次,建築物,,昭和前,2018/05/10,,,,
中央区,新富１丁目,-,東京都中央区新富町一丁目11-3他,35.67211,139.7746,新富町躍金楼店舗,,登録有形文化財(建造物),産業3次,建築物,,昭和中,2018/05/10,,,,
中央区,東日本橋２丁目,-,東京都中央区東日本橋2-16-8,35.69452,139.7855,玉置文治郎ビル,,登録有形文化財(建造物),産業3次,建築物,,昭和前,2005/02/09,,,,
中央区,日本橋富沢町,-,東京都中央区日本橋富沢町9-3,35.68887,139.7819,ハリオグラスビル,,登録有形文化財(建造物),産業3次,建築物,,昭和前,2003/07/01,,,ハリオテック株式会社,
中央区,京橋２丁目,日八京,東京都中央区京橋二丁目5-60他,35.67613,139.7712,繭山龍泉堂店舗,,登録有形文化財(建造物),産業3次,建築物,,昭和中,2018/05/10,,,株式会社繭山龍泉堂,
中央区,日本橋人形町１丁目,-,東京都中央区日本橋人形町1-5-2,35.6851,139.7818,よし梅芳町亭,,登録有形文化財(建造物),住宅,建築物,,昭和前,2002/08/21,,,,
千代田区,北の丸公園,-,東京都千代田区北の丸公園,35.69276,139.7525,旧江戸城清水門,櫓門,国宝・重要文化財(建造物),重要文化財,近世以前／城郭,,江戸前期,1961/06/07,,,国(文部科学省),
千代田区,北の丸公園,-,東京都千代田区北の丸公園,35.69278,139.7528,旧江戸城清水門,清水門,国宝・重要文化財(建造物),重要文化財,近世以前／城郭,,江戸前期,1961/06/07,,,国(文部科学省),
千代田区,皇居外苑,-,東京都千代田区皇居外苑,35.67862,139.7537,旧江戸城外桜田門,櫓門,国宝・重要文化財(建造物),重要文化財,近世以前／城郭,,江戸中期,1961/06/07,,,国(環境省),皇居外苑管理事務所
千代田区,北の丸公園,-,東京都千代田区北の丸公園,35.69428,139.7493,旧江戸城田安門,田安門,国宝・重要文化財(建造物),重要文化財,近世以前／城郭,,江戸前期,1961/06/07,,,国(文部科学省),
千代田区,皇居外苑,-,東京都千代田区皇居外苑,35.67855,139.7536,旧江戸城外桜田門,外桜田門,国宝・重要文化財(建造物),重要文化財,近世以前／城郭,,江戸中期,1961/06/07,,,国(環境省),
千代田区,北の丸公園,-,東京都千代田区北の丸公園,35.69405,139.7493,旧江戸城田安門,櫓門,国宝・重要文化財(建造物),重要文化財,近世以前／城郭,,江戸前期,1961/06/07,,,国(文部科学省),
千代田区,北の丸公園,-,東京都千代田区北の丸公園,35.68963,139.7504,旧近衛師団司令部庁舎,,国宝・重要文化財(建造物),重要文化財,近代／官公庁舎,,明治,1972/10/02,,,独立行政法人国立美術館,
千代田区,永田町１丁目,赤坂,東京都千代田区永田町一丁目1番地2号,35.677866,139.747577,水準原点,原点,国宝・重要文化財(建造物),重要文化財,近代／産業・交通・土木,,明治,2019/12/27,,,国（国土交通省）,
千代田区,永田町１丁目,赤坂,東京都千代田区永田町一丁目1番地2号,35.677866,139.747577,水準原点,掩蓋,国宝・重要文化財(建造物),重要文化財,近代／産業・交通・土木,,明治,2019/12/27,,,国（国土交通省）,
千代田区,丸の内１丁目,大丸有,東京都千代田区丸の内一丁目1番3号,35.68138,139.766,東京駅丸ノ内本屋,,国宝・重要文化財(建造物),重要文化財,近代／産業・交通・土木,,大正,2003/05/30,,,東日本旅客鉄道株式会社,
千代田区,神田駿河台４丁目,-,東京都千代田区神田駿河台四丁目1番3号,35.69799,139.7655,日本ハリストス正教会教団復活大聖堂（ニコライ堂）,,国宝・重要文化財(建造物),重要文化財,近代／宗教,,明治,1962/06/21,,,日本ハリストス正教会教団,
千代田区,霞が関１丁目,虎ノ門広域,東京都千代田区霞が関一丁目1番1号,35.6764,139.7533,法務省旧本館,,国宝・重要文化財(建造物),重要文化財,近代／官公庁舎,,明治,1994/12/27,,,国（法務省）,
千代田区,丸の内２丁目,大丸有,東京都千代田区丸の内二丁目1番1号,35.67896,139.7616,明治生命保険相互会社本社本館,,国宝・重要文化財(建造物),重要文化財,近代／商業・業務,,昭和,1997/05/29,,,明治生命保険相互会社,
千代田区,丸の内３丁目,大丸有,出光美術館　東京都千代田区丸の内3-1-1,35.67675,139.7611,赤楽兎文香合〈光悦作／〉,,国宝・重要文化財(美術品),重要文化財,工芸品,日本,江戸,2012/09/06,,出光美術館,公益財団法人出光美術館,
千代田区,北の丸公園,-,東京都千代田区北の丸公園3-2,35.69025,139.7538,吾妻鏡（北条本）,,国宝・重要文化財(美術品),重要文化財,書跡・典籍,日本,室町～江戸,1993/01/20,,独立行政法人国立公文書館,独立行政法人国立公文書館,
千代田区,神田駿河台１丁目,-,東京都千代田区神田駿河台2-9,35.69678,139.7632,医心方〈巻第廿ニ／〉,,国宝・重要文化財(美術品),重要文化財,書跡・典籍,日本,平安,1933/01/23,,一般財団法人石川武美記念図書館,一般財団法人石川武美記念図書館,
千代田区,丸の内３丁目,大丸有,東京都千代田区丸の内3-1-1,35.67659,139.7607,色絵花鳥文八角大壺〈伊万里／〉,,国宝・重要文化財(美術品),重要文化財,工芸品,日本,江戸時代,2000/06/27,,財団法人出光美術館,財団法人出光美術館,
千代田区,丸の内３丁目,大丸有,東京都千代田区丸の内3-1-1,35.67659,139.7607,色絵罌粟文茶壺〈仁清作／〉,,国宝・重要文化財(美術品),重要文化財,工芸品,日本,江戸,1960/06/09,,財団法人出光美術館,財団法人出光美術館,
千代田区,丸の内３丁目,大丸有,東京都千代田区丸の内3-1-1,35.67659,139.7607,色絵鳳凰文壺〈仁清作／〉,,国宝・重要文化財(美術品),重要文化財,工芸品,日本,江戸,1931/01/19,,財団法人出光美術館,財団法人出光美術館,
千代田区,神田駿河台１丁目,-,東京都千代田区神田駿河台1-1,35.69771,139.7617,岩宿遺跡出土品,,国宝・重要文化財(美術品),重要文化財,考古資料,日本,旧石器,1975/06/12,,明治大学,明治大学,
千代田区,富士見２丁目,-,東京都千代田区富士見2-7-1,35.69569,139.7421,謡本〈百二十番／（車屋本）鳥養道晰筆〉,,国宝・重要文化財(美術品),重要文化財,書跡・典籍,日本,桃山,1960/06/09,,法政大学,法政大学,
千代田区,丸の内３丁目,大丸有,東京都千代田区丸の内3-1-1,35.67659,139.7607,絵唐津芦文壺,,国宝・重要文化財(美術品),重要文化財,工芸品,日本,桃山,2008/07/10,,財団法人出光美術館,財団法人出光美術館,
千代田区,丸の内３丁目,大丸有,東京都千代田区丸の内3-1-1,35.67659,139.7607,絵唐津柿文三耳壺,,国宝・重要文化財(美術品),重要文化財,工芸品,日本,江戸,2005/06/09,,財団法人出光美術館,財団法人出光美術館,
千代田区,神田駿河台２丁目,-,東京都千代田区神田駿河台2-9,35.70097,139.7585,絵唐津松樹文大皿,,国宝・重要文化財(美術品),重要文化財,工芸品,日本,江戸,1977/06/11,,梅澤記念館,梅澤記念館,
千代田区,北の丸公園,-,東京都千代田区北の丸公園三ー二,35.69027,139.7538,江戸幕府書物方関係資料,,国宝・重要文化財(美術品),重要文化財,歴史資料,日本,江戸時代,2018/10/31,,独立行政法人国立公文書館,独立行政法人国立公文書館,
千代田区,北の丸公園,-,東京国立近代美術館　東京都千代田区北の丸公園3-1,35.69056,139.7547,エロシェンコ像〈中村　彜筆　一九二〇年／油絵　麻布〉,,国宝・重要文化財(美術品),重要文化財,絵画,日本,大正,1977/06/11,,東京国立近代美術館,独立行政法人国立美術館,
千代田区,永田町１丁目,赤坂,東京都千代田区永田町1-10-1,35.67859,139.7443,小野蘭山関係資料,,国宝・重要文化財(美術品),重要文化財,歴史資料,日本,江戸時代,2015/09/04,,国立国会図書館,国,
千代田区,北の丸公園,-,東京都千代田区北の丸公園3-2,35.69025,139.7538,阿蘭陀本草和解〈野呂玄丈抄訳／〉,,国宝・重要文化財(美術品),重要文化財,歴史資料,日本,江戸,1999/06/07,,独立行政法人国立公文書館,独立行政法人国立公文書館,
千代田区,丸の内３丁目,大丸有,出光美術館　東京都千代田区丸の内3-1-1,35.67675,139.7611,柏木菟蒔絵料紙箱及春日野蒔絵硯箱〈小川破笠作／〉,,国宝・重要文化財(美術品),重要文化財,工芸品,日本,江戸,2013/06/19,,出光美術館,公益財団法人出光美術館,
千代田区,神田駿河台１丁目,-,千代田区神田駿河台1-1,35.69771,139.7617,神奈川県夏島貝塚出土品,,国宝・重要文化財(美術品),重要文化財,考古資料,日本,縄文,1998/06/30,,明治大学,明治大学,
千代田区,北の丸公園,-,東京都千代田区北の丸公園3-2,35.69025,139.7538,管見抄〈（第三冊欠）／〉,,国宝・重要文化財(美術品),重要文化財,書跡・典籍,日本,鎌倉,1957/02/19,,独立行政法人国立公文書館,独立行政法人国立公文書館,
千代田区,霞が関３丁目,虎ノ門広域,東京都千代田区霞が関3-2-2,35.67132,139.7472,乾漆伎楽面,,国宝・重要文化財(美術品),重要文化財,彫刻,,奈良時代,2015/09/04,,文化庁,国（文化庁）,
千代田区,北の丸公園,-,東京都千代田区北の丸公園3-1,35.69056,139.7547,騎竜観音〈原田直次郎筆　一八九〇年／油絵　麻布〉,,国宝・重要文化財(美術品),重要文化財,絵画,日本,近代,2007/06/08,,東京国立近代美術館,宗教法人護国寺,
千代田区,丸の内３丁目,大丸有,東京都千代田区丸の内3-1-1,35.67659,139.7607,金銀藍絵松樹文蓋物〈尾形乾山作／〉,,国宝・重要文化財(美術品),重要文化財,工芸品,日本,江戸,1987/06/06,,財団法人出光美術館,財団法人出光美術館,
千代田区,富士見２丁目,-,東京都千代田区富士見2-7-1,35.69569,139.7421,曲舞〈三十番／（車屋本）鳥養道晰筆〉,,国宝・重要文化財(美術品),重要文化財,書跡・典籍,日本,桃山,1960/06/09,,法政大学,法政大学,
千代田区,北の丸公園,-,東京都千代田区北の丸公園3-2,35.69025,139.7538,国絵図並郷帳,,国宝・重要文化財(美術品),重要文化財,歴史資料,日本,江戸,1983/06/06,,独立行政法人国立公文書館,独立行政法人国立公文書館,
千代田区,北の丸公園,-,東京都千代田区北の丸公園3-2,35.69025,139.7538,元版全相平話,,国宝・重要文化財(美術品),重要文化財,書跡・典籍,中国,元,1955/06/22,,独立行政法人国立公文書館,独立行政法人国立公文書館,
千代田区,丸の内３丁目,大丸有,東京都千代田区丸の内3-1-1,35.67659,139.7607,絹本著色漁釣図〈徐祚筆／〉,,国宝・重要文化財(美術品),重要文化財,絵画,中国,南宋,1937/05/25,,公益財団法人出光美術館,公益財団法人出光美術館,
千代田区,北の丸公園,-,東京国立近代美術館　東京都千代田区北の丸公園3-1,35.69056,139.7547,絹本著色賢首菩薩図〈菱田春草筆／〉,,国宝・重要文化財(美術品),重要文化財,絵画,日本,明治,1979/06/06,,東京国立近代美術館,独立行政法人国立美術館,
千代田区,丸の内３丁目,大丸有,東京都千代田区丸の内3-1-1,35.67659,139.7607,絹本著色更衣美人図〈喜多川歌麿筆／〉,,国宝・重要文化財(美術品),重要文化財,絵画,日本,江戸,1999/06/07,,公益財団法人出光美術館,公益財団法人出光美術館,
千代田区,丸の内３丁目,大丸有,東京都千代田区丸の内3-1-1,35.67659,139.7607,絹本著色十王図,,国宝・重要文化財(美術品),重要文化財,絵画,日本,南北朝,1968/04/25,,公益財団法人出光美術館,公益財団法人出光美術館,
千代田区,丸の内３丁目,大丸有,東京都千代田区丸の内3-1-1,35.67659,139.7607,絹本著色真言八祖行状図,,国宝・重要文化財(美術品),重要文化財,絵画,日本,平安,2002/06/26,,公益財団法人出光美術館,公益財団法人出光美術館,
千代田区,北の丸公園,-,東京国立近代美術館　東京都千代田区北の丸公園3-1,35.69056,139.7547,絹本著色日高河清姫図〈村上華岳筆／〉,,国宝・重要文化財(美術品),重要文化財,絵画,日本,大正,1999/06/07,,東京国立近代美術館,独立行政法人国立美術館,
千代田区,北の丸公園,-,東京国立近代美術館　東京都千代田区北の丸公園3-1,35.69056,139.7547,絹本著色湯女図〈土田麦僊筆／二曲屏風〉,,国宝・重要文化財(美術品),重要文化財,絵画,日本,大正,1999/06/07,,東京国立近代美術館,独立行政法人国立美術館,
千代田区,北の丸公園,-,東京国立近代美術館　東京都千代田区北の丸公園3-1,35.69056,139.7547,絹本墨画生々流転図〈横山大観筆／〉,,国宝・重要文化財(美術品),重要文化財,絵画,日本,大正,1967/06/15,,東京国立近代美術館,独立行政法人国立美術館,
千代田区,永田町１丁目,赤坂,東京都千代田区永田町1-10-1,35.67859,139.7443,弘安礼節,,国宝・重要文化財(美術品),重要文化財,書跡・典籍,日本,鎌倉,2014/08/21,,国立国会図書館,国（国会図書館保管）,
千代田区,北の丸公園,-,東京都千代田区北の丸公園3-2,35.69025,139.7538,公文録（図表共）並索引,,国宝・重要文化財(美術品),重要文化財,歴史資料,日本,明治,1998/06/30,,独立行政法人国立公文書館,独立行政法人国立公文書館,
千代田区,丸の内３丁目,大丸有,東京都千代田区丸の内3-1-1,35.67659,139.7607,虎関師錬筆消息〈六月十八日／檀溪心涼宛〉,,国宝・重要文化財(美術品),重要文化財,古文書,日本,鎌倉,1949/05/30,,財団法人出光美術館,財団法人出光美術館,
千代田区,丸の内３丁目,大丸有,東京都千代田区丸の内3-1-1,35.67675,139.7611,古今和歌集巻第一断簡〈（高野切）／（寛平の）〉,,国宝・重要文化財(美術品),重要文化財,書跡・典籍,日本,平安,2013/06/19,,公益財団法人出光美術館,公益財団法人出光美術館,
千代田区,神田駿河台２丁目,-,東京都千代田区神田駿河台2-9,35.70097,139.7585,古瀬戸黄釉巴文壺,,国宝・重要文化財(美術品),重要文化財,工芸品,日本,鎌倉,1953/03/31,,梅澤記念館,梅澤記念館,
千代田区,丸の内３丁目,大丸有,東京都千代田区丸の内3-1-1,35.67659,139.7607,古文孝経（金沢文庫本）,,国宝・重要文化財(美術品),重要文化財,書跡・典籍,日本,鎌倉,1976/06/05,,財団法人出光美術館,財団法人出光美術館,
千代田区,神田駿河台１丁目,-,東京都千代田区神田駿河台2-9,35.69678,139.7632,古葉略類聚鈔,,国宝・重要文化財(美術品),重要文化財,書跡・典籍,日本,鎌倉,1931/12/14,,一般財団法人石川武美記念図書館,一般財団法人石川武美記念図書館,
千代田区,神田駿河台１丁目,-,東京都千代田区神田駿河台2-9,35.69678,139.7632,古律書残篇,,国宝・重要文化財(美術品),重要文化財,書跡・典籍,日本,平安,1933/01/23,,一般財団法人石川武美記念図書館,一般財団法人石川武美記念図書館,
千代田区,丸の内３丁目,大丸有,東京都千代田区丸の内3-1-1,35.67659,139.7607,金銅蓮唐草文透彫経箱,,国宝・重要文化財(美術品),重要文化財,工芸品,日本,室町,1959/06/27,,財団法人出光美術館,財団法人出光美術館,
千代田区,神田駿河台１丁目,-,千代田区神田駿河台1-1,35.69771,139.7617,埼玉県砂川遺跡出土品,,国宝・重要文化財(美術品),重要文化財,考古資料,日本,旧石器,1993/01/20,,明治大学,明治大学,
千代田区,丸の内３丁目,大丸有,東京都千代田区丸の内3-1-1,35.67659,139.7607,定頼集〈藤原定家筆／〉,,国宝・重要文化財(美術品),重要文化財,書跡・典籍,日本,鎌倉,1936/05/06,,財団法人出光美術館,財団法人出光美術館,
千代田区,丸の内３丁目,大丸有,東京都千代田区丸の内3-1-1,35.67659,139.7607,紙本淡彩山水図〈与謝蕪村筆／宝暦十三年四月の年記がある／六曲屏風〉,,国宝・重要文化財(美術品),重要文化財,絵画,日本,江戸,1976/06/05,,公益財団法人出光美術館,公益財団法人出光美術館,
千代田区,北の丸公園,-,東京都千代田区北の丸公園3-1,35.69056,139.7547,紙本著色黄瀬川陣〈安田靫彦筆/六曲屏風〉,,国宝・重要文化財(美術品),重要文化財,絵画,日本,近代,2011/06/27,,東京国立近代美術館,独立行政法人国立美術館,
千代田区,丸の内３丁目,大丸有,東京都千代田区丸の内3-1-1,35.67659,139.7607,紙本著色三十六歌仙切〈（遍昭）／佐竹家伝来〉,,国宝・重要文化財(美術品),重要文化財,絵画,日本,鎌倉,1937/05/25,,公益財団法人出光美術館,公益財団法人出光美術館,
千代田区,丸の内３丁目,大丸有,東京都千代田区丸の内3-1-1,35.67659,139.7607,紙本著色四季日待図〈英一蝶筆〉,,国宝・重要文化財(美術品),重要文化財,絵画,日本,江戸,2006/06/09,,公益財団法人出光美術館,公益財団法人出光美術館,
千代田区,丸の内３丁目,大丸有,東京都千代田区丸の内3-1-1,35.67659,139.7607,紙本墨画花鳥図〈能阿弥筆／〉,,国宝・重要文化財(美術品),重要文化財,絵画,日本,室町,1998/06/30,,公益財団法人出光美術館,公益財団法人出光美術館,
千代田区,丸の内３丁目,大丸有,東京都千代田区丸の内3-1-1,35.67652,139.7611,紙本墨画淡彩野々宮図,,国宝・重要文化財(美術品),重要文化財,絵画,日本,江戸,2018/10/31,,公益財団法人出光美術館,公益財団法人出光美術館,
千代田区,丸の内３丁目,大丸有,東京都千代田区丸の内3-1-1,35.67659,139.7607,紙本墨書光厳院宸翰御消息（十一月五日）,,国宝・重要文化財(美術品),重要文化財,古文書,日本,南北朝,1935/04/30,,財団法人出光美術館,財団法人出光美術館,
千代田区,丸の内３丁目,大丸有,東京都千代田区丸の内3-1-1,35.67659,139.7607,紙本墨書後光厳院宸翰御消息（七月廿九日）,,国宝・重要文化財(美術品),重要文化財,古文書,日本,南北朝,1935/04/30,,財団法人出光美術館,財団法人出光美術館,
千代田区,丸の内３丁目,大丸有,東京都千代田区丸の内3-1-1,35.67659,139.7607,紙本墨書後小松天皇宸翰御消息（七月廿五日）,,国宝・重要文化財(美術品),重要文化財,古文書,日本,室町,1940/05/03,,財団法人出光美術館,財団法人出光美術館,
千代田区,丸の内３丁目,大丸有,東京都千代田区丸の内3-1-1,35.67659,139.7607,紙本墨書陽光院御筆御消息（七十三通）,,国宝・重要文化財(美術品),重要文化財,古文書,日本,桃山,1938/07/04,,財団法人出光美術館,財団法人出光美術館,
千代田区,神田駿河台１丁目,-,千代田区神田駿河台1-1,35.69771,139.7617,下野出流原遺跡出土品,,国宝・重要文化財(美術品),重要文化財,考古資料,日本,弥生,1982/06/05,,明治大学,明治大学,
千代田区,永田町１丁目,赤坂,東京都千代田区永田町1-10-1,35.67859,139.7443,釈氏往来,,国宝・重要文化財(美術品),重要文化財,書跡・典籍,日本,鎌倉,2012/09/06,,国立国会図書館,国立国会図書館,
千代田区,北の丸公園,-,東京都千代田区北の丸公園3-2,35.69025,139.7538,貞享暦〈渋川春海筆／（巻四補写本）〉,,国宝・重要文化財(美術品),重要文化財,歴史資料,日本,江戸,1994/06/28,,独立行政法人国立公文書館,独立行政法人国立公文書館,
千代田区,北の丸公園,-,東京都千代田区北の丸公園3-2,35.69025,139.7538,正保城絵図,,国宝・重要文化財(美術品),重要文化財,歴史資料,日本,江戸,1986/06/06,,独立行政法人国立公文書館,独立行政法人国立公文書館,
千代田区,北の丸公園,-,東京都千代田区北の丸公園3-2,35.69025,139.7538,諸宗末寺帳,,国宝・重要文化財(美術品),重要文化財,歴史資料,日本,江戸,1989/06/12,,独立行政法人国立公文書館,独立行政法人国立公文書館,
千代田区,北の丸公園,-,東京都千代田区北の丸公園3-2,35.69025,139.7538,庶物類纂,,国宝・重要文化財(美術品),重要文化財,歴史資料,日本,江戸,1996/06/27,,独立行政法人国立公文書館,独立行政法人国立公文書館,
千代田区,北の丸公園,-,東京都千代田区北の丸公園3-2,35.69025,139.7538,庶物類纂図翼,,国宝・重要文化財(美術品),重要文化財,歴史資料,日本,江戸,1996/06/27,,独立行政法人国立公文書館,独立行政法人国立公文書館,
千代田区,北の丸公園,-,東京都千代田区北の丸公園3-2,35.69025,139.7538,尋憲記,,国宝・重要文化財(美術品),重要文化財,古文書,日本,室町～安土桃山,2011/06/27,,独立行政法人国立公文書館,独立行政法人国立公文書館,
千代田区,丸の内３丁目,大丸有,東京都千代田区丸の内3-1-1,35.67659,139.7607,青磁下蕪花生,,国宝・重要文化財(美術品),重要文化財,工芸品,中国,南宋,1978/06/15,,財団法人出光美術館,財団法人出光美術館,
千代田区,丸の内３丁目,大丸有,東京都千代田区丸の内3-1-1,35.67659,139.7607,青磁袴腰大香炉,,国宝・重要文化財(美術品),重要文化財,工芸品,中国,南宋,1955/02/02,,財団法人出光美術館,財団法人出光美術館,
千代田区,丸の内３丁目,大丸有,東京都千代田区丸の内3-1-1,35.67659,139.7607,禅院額字〈選仏場／〉,,国宝・重要文化財(美術品),重要文化財,書跡・典籍,中国,南宋,1952/03/29,,財団法人出光美術館,財団法人出光美術館,
千代田区,北の丸公園,-,東京都千代田区北の丸公園3-2,35.69025,139.7538,宋版頴浜先生大全文集,,国宝・重要文化財(美術品),重要文化財,書跡・典籍,中国,南宋,1957/02/19,,独立行政法人国立公文書館,独立行政法人国立公文書館,
千代田区,北の丸公園,-,東京都千代田区北の丸公園3-2,35.69025,139.7538,宋版鉅宋広韻,,国宝・重要文化財(美術品),重要文化財,書跡・典籍,中国,南宋,1957/02/19,,独立行政法人国立公文書館,独立行政法人国立公文書館,
千代田区,北の丸公園,-,東京都千代田区北の丸公園3-2,35.69025,139.7538,宋版周易新講義,,国宝・重要文化財(美術品),重要文化財,書跡・典籍,中国,南宋,1956/06/28,,独立行政法人国立公文書館,独立行政法人国立公文書館,
千代田区,北の丸公園,-,東京都千代田区北の丸公園3-2,35.69025,139.7538,宋版子略,,国宝・重要文化財(美術品),重要文化財,書跡・典籍,中国,南宋,1956/06/28,,独立行政法人国立公文書館,独立行政法人国立公文書館,
千代田区,北の丸公園,-,東京都千代田区北の丸公園3-2,35.69025,139.7538,宋版史略,,国宝・重要文化財(美術品),重要文化財,書跡・典籍,中国,南宋,1956/06/28,,独立行政法人国立公文書館,独立行政法人国立公文書館,
千代田区,永田町１丁目,赤坂,国立国会図書館　東京都千代田区永田町1-10-1,35.67842,139.7442,宋版姓解,,国宝・重要文化財(美術品),重要文化財,書跡・典籍,中国,南宋,1956/06/28,,国立国会図書館,国（国立国会図書館）,
千代田区,北の丸公園,-,東京都千代田区北の丸公園3-2,35.69025,139.7538,宋版東坡集,,国宝・重要文化財(美術品),重要文化財,書跡・典籍,中国,南宋,1956/06/28,,独立行政法人国立公文書館,独立行政法人国立公文書館,
千代田区,北の丸公園,-,東京都千代田区北の丸公園3-2,35.69025,139.7538,宋版梅亭先生四六標準,,国宝・重要文化財(美術品),重要文化財,書跡・典籍,中国,南宋,1957/02/19,,独立行政法人国立公文書館,独立行政法人国立公文書館,
千代田区,北の丸公園,-,東京都千代田区北の丸公園3-2,35.69025,139.7538,宋版平斉文集,,国宝・重要文化財(美術品),重要文化財,書跡・典籍,中国,南宋,1957/02/19,,独立行政法人国立公文書館,独立行政法人国立公文書館,
千代田区,北の丸公園,-,東京都千代田区北の丸公園3-2,35.69025,139.7538,宋版予章先生集,,国宝・重要文化財(美術品),重要文化財,書跡・典籍,中国,南宋,1957/02/19,,独立行政法人国立公文書館,独立行政法人国立公文書館,
千代田区,北の丸公園,-,東京都千代田区北の丸公園3-2,35.69025,139.7538,宋版廬山記,,国宝・重要文化財(美術品),重要文化財,書跡・典籍,中国,南宋,1955/06/22,,独立行政法人国立公文書館,独立行政法人国立公文書館,
千代田区,北の丸公園,-,東京都千代田区北の丸公園3-2,35.69025,139.7538,宋版准海集,,国宝・重要文化財(美術品),重要文化財,書跡・典籍,中国,南宋,1956/06/28,,独立行政法人国立公文書館,独立行政法人国立公文書館,
千代田区,丸の内３丁目,大丸有,東京都千代田区丸の内3-1-1,35.67659,139.7607,大燈国師墨蹟〈偈頌／（夏日）〉,,国宝・重要文化財(美術品),重要文化財,書跡・典籍,日本,鎌倉～南北朝,1961/06/30,,財団法人出光美術館,財団法人出光美術館,
千代田区,丸の内３丁目,大丸有,東京都千代田区丸の内3-1-1,35.67659,139.7607,大燈国師墨蹟〈偈語（興作）／〉,,国宝・重要文化財(美術品),重要文化財,書跡・典籍,日本,鎌倉～南北朝,1961/06/30,,財団法人出光美術館,財団法人出光美術館,
千代田区,丸の内３丁目,大丸有,東京都千代田区丸の内3-1-1,35.67659,139.7607,太刀〈銘国村／〉,,国宝・重要文化財(美術品),重要文化財,工芸品,日本,鎌倉,1949/02/18,,財団法人出光美術館,財団法人出光美術館,
千代田区,丸の内３丁目,大丸有,東京都千代田区丸の内3-1-1,35.67659,139.7607,継色紙（むめのかの）,,国宝・重要文化財(美術品),重要文化財,書跡・典籍,日本,平安,1987/06/06,,財団法人出光美術館,財団法人出光美術館,
千代田区,永田町１丁目,赤坂,国立国会図書館　東京都千代田区永田町1-10-1,35.67842,139.7442,対馬宗家倭館関係資料,,国宝・重要文化財(美術品),重要文化財,歴史資料,日本,江戸,2007/06/08,,国立国会図書館,国（国立国会図書館）,
千代田区,丸の内３丁目,大丸有,東京都千代田区丸の内3-1-1,35.67659,139.7607,壺形土器,,国宝・重要文化財(美術品),重要文化財,考古資料,日本,弥生,1974/06/08,,財団法人出光美術館,財団法人出光美術館,
千代田区,丸の内３丁目,大丸有,東京都千代田区丸の内3-1-1,35.67659,139.7607,手鑑「見ぬ世の友」（二百二十九葉）,,国宝・重要文化財(美術品),国宝,書跡・典籍,日本,奈良～室町,,1952/11/22,公益財団法人出光美術館,公益財団法人出光美術館,
千代田区,永田町１丁目,赤坂,国立国会図書館　東京都千代田区永田町1-10-1,35.67842,139.7442,天台山記,,国宝・重要文化財(美術品),重要文化財,書跡・典籍,日本,平安,1955/06/22,,国立国会図書館,国（国立国会図書館）,
千代田区,丸の内３丁目,大丸有,東京都千代田区丸の内3-1-1,35.67659,139.7607,中務集,,国宝・重要文化財(美術品),重要文化財,書跡・典籍,日本,鎌倉,1937/05/25,,財団法人出光美術館,財団法人出光美術館,
千代田区,北の丸公園,-,東京都千代田区北の丸公園3-1,35.69056,139.7546,南風,,国宝・重要文化財(美術品),重要文化財,絵画,日本,近代,2018/10/31,,東京国立近代美術館,独立行政法人国立美術館,
千代田区,神田駿河台１丁目,-,東京都千代田区神田駿河台2-9,35.69678,139.7632,秘府略〈巻第八百六十四／〉,,国宝・重要文化財(美術品),重要文化財,書跡・典籍,日本,平安,1931/12/14,,一般財団法人石川武美記念図書館,一般財団法人石川武美記念図書館,
千代田区,神田駿河台１丁目,-,東京都千代田区神田駿河台2-9,35.69678,139.7632,不空三蔵表制集〈巻第六／（紙背）〉,,国宝・重要文化財(美術品),重要文化財,書跡・典籍,日本,平安,1933/01/23,,一般財団法人石川武美記念図書館,一般財団法人石川武美記念図書館,
千代田区,丸の内３丁目,大丸有,東京都千代田区丸の内3-1-1,35.67659,139.7607,伏見天皇宸翰御歌集（五十六首）,,国宝・重要文化財(美術品),重要文化財,書跡・典籍,日本,鎌倉,1943/06/09,,財団法人出光美術館,財団法人出光美術館,
千代田区,丸の内３丁目,大丸有,東京都千代田区丸の内3-1-1,35.67659,139.7607,藤原定家筆消息〈九月十日／〉,,国宝・重要文化財(美術品),重要文化財,古文書,日本,鎌倉,1953/11/14,,財団法人出光美術館,財団法人出光美術館,
千代田区,北の丸公園,-,東京都千代田区北の丸公園3-2,35.69025,139.7538,北槎聞略〈寛政六年八月／〉,,国宝・重要文化財(美術品),重要文化財,歴史資料,日本,江戸,1993/01/20,,独立行政法人国立公文書館,独立行政法人国立公文書館,
千代田区,北の丸公園,-,東京都千代田区北の丸公園3-1,35.69056,139.7547,母子〈上村松園筆/絹本著色〉,,国宝・重要文化財(美術品),重要文化財,絵画,日本,近代,2011/06/27,,東京国立近代美術館,独立行政法人国立美術館,
千代田区,北の丸公園,-,東京都千代田区北の丸公園3-2,35.69025,139.7538,法曹類林〈巻第百九十二断簡／第百九十七断簡、第二百（金沢文庫本）〉,,国宝・重要文化財(美術品),重要文化財,書跡・典籍,日本,鎌倉,1955/06/22,,独立行政法人国立公文書館,独立行政法人国立公文書館,
千代田区,北の丸公園,-,東京都千代田区北の丸公園3-2,35.69025,139.7538,本朝続文粋（金沢文庫本）,,国宝・重要文化財(美術品),重要文化財,書跡・典籍,日本,鎌倉,1955/06/22,,独立行政法人国立公文書館,独立行政法人国立公文書館,
千代田区,北の丸公園,-,東京都千代田区北の丸公園3-2,35.69025,139.7538,間宮林蔵北蝦夷等見分関係記録,,国宝・重要文化財(美術品),重要文化財,歴史資料,日本,江戸,1991/06/21,,独立行政法人国立公文書館,独立行政法人国立公文書館,
千代田区,永田町１丁目,赤坂,国立国会図書館　東京都千代田区永田町1-10-1,35.67842,139.7442,満済准后日記〈自筆本／〉,,国宝・重要文化財(美術品),重要文化財,古文書,日本,室町,1956/06/28,,国立国会図書館,国（国立国会図書館）,
千代田区,丸の内３丁目,大丸有,東京都千代田区丸の内3-1-1,35.67659,139.7607,明恵上人筆消息,,国宝・重要文化財(美術品),重要文化財,古文書,日本,鎌倉,1949/02/18,,財団法人出光美術館,財団法人出光美術館,
千代田区,永田町１丁目,赤坂,国立国会図書館　東京都千代田区永田町1-10-1,35.67842,139.7442,銘尽〈（観智院本）／〉,,国宝・重要文化財(美術品),重要文化財,工芸品,日本,室町,1968/04/25,,国立国会図書館,国（国立国会図書館）,
千代田区,永田町１丁目,赤坂,国立国会図書館　東京都千代田区永田町1-10-1,35.67842,139.7442,師守記〈自筆本／〉,,国宝・重要文化財(美術品),重要文化財,古文書,日本,南北朝,2004/06/08,,国立国会図書館,国（国立国会図書館）,
千代田区,神田駿河台２丁目,-,東京都千代田区神田駿河台2-9,35.70097,139.7585,釉裏紅草花文大壺,,国宝・重要文化財(美術品),重要文化財,工芸品,中国,元,1969/06/20,,梅澤記念館,梅澤記念館,
千代田区,丸の内３丁目,大丸有,東京都千代田区丸の内3-1-1,35.67659,139.7607,理趣経種子曼荼羅,,国宝・重要文化財(美術品),重要文化財,書跡・典籍,日本,平安,2000/12/04,,財団法人出光美術館,財団法人出光美術館,
千代田区,丸の内３丁目,大丸有,東京都千代田区丸の内3-1-1,35.67659,139.7607,楼閣人物螺鈿食籠,,国宝・重要文化財(美術品),重要文化財,工芸品,中国,元,1979/06/06,,財団法人出光美術館,財団法人出光美術館,
千代田区,丸の内３丁目,大丸有,東京都千代田区丸の内3-1-1,35.67659,139.7607,和漢朗詠抄〈巻下／〉,,国宝・重要文化財(美術品),重要文化財,書跡・典籍,日本,平安,1964/05/26,,財団法人出光美術館,財団法人出光美術館,
千代田区,丸の内３丁目,大丸有,東京都千代田区丸の内3-1-1,35.67659,139.7607,紙本墨画青山園荘図,,国宝・重要文化財(美術品),重要文化財,絵画,日本,江戸,1981/06/09,,公益財団法人出光美術館,公益財団法人出光美術館,
千代田区,丸の内３丁目,大丸有,東京都千代田区丸の内3-1-1,35.67659,139.7607,紙本著色西行法師行状絵詞〈巻第一、第二、第四〉,,国宝・重要文化財(美術品),重要文化財,絵画,日本,江戸,2000/06/27,,公益財団法人出光美術館,公益財団法人出光美術館,
千代田区,丸の内３丁目,大丸有,東京都千代田区丸の内3-1-1,35.67659,139.7607,紙本墨画平沙落雁図〈伝牧谿筆／「道有」ノ印アリ〉,,国宝・重要文化財(美術品),重要文化財,絵画,中国,南宋,1943/06/09,,公益財団法人出光美術館,公益財団法人出光美術館,
千代田区,丸の内３丁目,大丸有,東京都千代田区丸の内3-1-1,35.67659,139.7607,紙本淡彩十二月離合山水図〈池大雅筆／六曲屏風〉,,国宝・重要文化財(美術品),重要文化財,絵画,日本,江戸,1936/05/06,,公益財団法人出光美術館,公益財団法人出光美術館,
千代田区,丸の内３丁目,大丸有,東京都千代田区丸の内3-1-1,35.67659,139.7607,著色絵料紙墨書法華経残闕〈／（扇面写経）〉,,国宝・重要文化財(美術品),重要文化財,絵画,日本,平安,1938/07/04,,公益財団法人出光美術館,公益財団法人出光美術館,
千代田区,丸の内３丁目,大丸有,東京都千代田区丸の内3-1-1,35.67659,139.7607,紙本墨画山市晴嵐図〈玉澗筆／自賛がある〉,,国宝・重要文化財(美術品),重要文化財,絵画,日本,南宋,1952/03/29,,公益財団法人出光美術館,公益財団法人出光美術館,
千代田区,丸の内３丁目,大丸有,東京都千代田区丸の内3-1-1,35.67659,139.7607,紙本著色柿本人麿像〈／（佐竹本三十六歌仙切）〉,,国宝・重要文化財(美術品),重要文化財,絵画,日本,鎌倉,1952/07/19,,公益財団法人出光美術館,公益財団法人出光美術館,
千代田区,丸の内３丁目,大丸有,東京都千代田区丸の内3-1-1,35.67659,139.7607,紙本著色梅花書屋図〈田能村竹田筆／天保三年の年記がある〉,,国宝・重要文化財(美術品),重要文化財,絵画,日本,江戸,1963/07/01,,公益財団法人出光美術館,公益財団法人出光美術館,
千代田区,丸の内３丁目,大丸有,東京都千代田区丸の内3-1-1,35.67659,139.7607,紙本金地著色祇園祭礼図〈／六曲屏風〉,,国宝・重要文化財(美術品),重要文化財,絵画,日本,桃山,1966/06/11,,公益財団法人出光美術館,公益財団法人出光美術館,
千代田区,丸の内３丁目,大丸有,東京都千代田区丸の内3-1-1,35.67659,139.7607,紙本墨画双峰挿雲図〈浦上玉堂筆／〉,,国宝・重要文化財(美術品),重要文化財,絵画,日本,江戸,1966/06/11,,公益財団法人出光美術館,公益財団法人出光美術館,
千代田区,丸の内３丁目,大丸有,東京都千代田区丸の内3-1-1,35.67659,139.7607,紙本墨画籠煙惹滋図〈浦上玉堂筆／〉,,国宝・重要文化財(美術品),重要文化財,絵画,日本,江戸,1978/06/15,,公益財団法人出光美術館,公益財団法人出光美術館,
千代田区,丸の内３丁目,大丸有,東京都千代田区丸の内3-1-1,35.67659,139.7607,紙本淡彩戸山山荘図〈谷文晁筆／〉,,国宝・重要文化財(美術品),重要文化財,絵画,日本,江戸,1981/06/09,,公益財団法人出光美術館,公益財団法人出光美術館,
千代田区,丸の内３丁目,大丸有,東京都千代田区丸の内3-1-1,35.67659,139.7607,紙本著色絵因果経〈巻第三上／〉,,国宝・重要文化財(美術品),重要文化財,絵画,日本,奈良,1986/06/06,,公益財団法人出光美術館,公益財団法人出光美術館,
千代田区,丸の内３丁目,大丸有,東京都千代田区丸の内3-1-1,35.67659,139.7607,紙本著色四季花木図〈／六曲屏風〉,,国宝・重要文化財(美術品),重要文化財,絵画,日本,室町,1991/06/21,,公益財団法人出光美術館,公益財団法人出光美術館,
千代田区,丸の内３丁目,大丸有,東京都千代田区丸の内3-1-1,35.67659,139.7607,紙本著色伴大納言絵詞,,国宝・重要文化財(美術品),国宝,絵画,日本,平安,,1951/06/09,公益財団法人出光美術館,公益財団法人出光美術館,
千代田区,丸の内３丁目,大丸有,東京都千代田区丸の内3-1-1,35.67659,139.7607,紙本著色直幹申文絵詞,,国宝・重要文化財(美術品),重要文化財,絵画,日本,鎌倉,1933/01/23,,公益財団法人出光美術館,公益財団法人出光美術館,
千代田区,北の丸公園,-,東京国立近代美術館　東京都千代田区北の丸公園3-1,35.69056,139.7547,ゆあみ〈新海竹太郎作　一九〇七年／石膏原型〉,,国宝・重要文化財(美術品),重要文化財,彫刻,日本,近代,2000/06/27,,東京国立近代美術館,独立行政法人国立美術館,
千代田区,北の丸公園,-,東京国立近代美術館　東京都千代田区北の丸公園3-1,35.69056,139.7547,裸体美人〈萬鐵五郎筆／油絵　麻布〉,,国宝・重要文化財(美術品),重要文化財,絵画,日本,明治,2000/12/04,,東京国立近代美術館,独立行政法人国立美術館,
千代田区,北の丸公園,-,東京国立近代美術館　東京都千代田区北の丸公園3-1,35.69056,139.7547,三遊亭円朝像（鏑木清方筆／絹本著色）,,国宝・重要文化財(美術品),重要文化財,絵画,日本,昭和,2003/05/29,,東京国立近代美術館,独立行政法人国立美術館,
千代田区,北の丸公園,-,東京国立近代美術館　東京都千代田区北の丸公園3-1,35.69056,139.7547,切通しの写生〈岸田劉生筆　一九一五年／油絵　麻布〉,,国宝・重要文化財(美術品),重要文化財,絵画,日本,大正,1971/06/22,,東京国立近代美術館,独立行政法人国立美術館,
千代田区,北の丸公園,-,東京国立近代美術館　東京都千代田区北の丸公園3-1,35.69056,139.7547,紙本著色行く春図〈川合玉堂筆／六曲屏風〉,,国宝・重要文化財(美術品),重要文化財,絵画,日本,大正,1971/06/22,,東京国立近代美術館,独立行政法人国立美術館,
千代田区,千代田,-,千代田区,35.68825,139.7544,江戸城跡,,史跡名勝天然記念物,特別史跡,,,,1960/05/20,,,,
千代田区,北の丸公園,-,千代田区北の丸公園,35.69067,139.7485,江戸城跡のヒカリゴケ生育地,,史跡名勝天然記念物,天然記念物,,,,1972/06/14,,,,
千代田区,大手町２丁目,大丸有,"千代田区大手町二丁目
中央区日本橋本石町二丁目",35.68602,139.7701,常盤橋門跡,,史跡名勝天然記念物,史跡,,,,1928/03/24,,,,
千代田区,神田錦町３丁目,-,東京都千代田区神田錦町3-28,35.69319,139.7589,学士会館,,登録有形文化財(建造物),文化福祉,建築物,,昭和前,2003/01/31,,,社団法人学士会,
千代田区,西神田１丁目,-,東京都千代田区西神田1-1-12,35.69938,139.7573,カトリック神田教会聖堂,,登録有形文化財(建造物),宗教,建築物,,昭和前,2002/02/14,,,宗教法人カトリック東京大司教区,
千代田区,外神田２丁目,-,東京都千代田区外神田2-16-2,35.70198,139.7681,神田神社神饌所,,登録有形文化財(建造物),宗教,建築物,,昭和前,2003/09/19,,,宗教法人神田神社,
千代田区,外神田２丁目,-,東京都千代田区外神田2-16-2,35.7021,139.7677,神田神社西門,,登録有形文化財(建造物),宗教,その他工作,,昭和前,2003/09/19,,,宗教法人神田神社,
千代田区,外神田２丁目,-,東京都千代田区外神田2-16-2,35.70191,139.7678,神田神社拝殿,,登録有形文化財(建造物),宗教,建築物,,昭和前,2003/09/19,,,宗教法人神田神社,
千代田区,外神田２丁目,-,東京都千代田区外神田2-16-2,35.70188,139.768,神田神社東門,,登録有形文化財(建造物),宗教,その他工作,,昭和前,2003/09/19,,,宗教法人神田神社,
千代田区,外神田２丁目,-,東京都千代田区外神田2-16-2,35.70201,139.7679,神田神社幣殿,,登録有形文化財(建造物),宗教,建築物,,昭和前,2003/09/19,,,宗教法人神田神社,
千代田区,外神田２丁目,-,東京都千代田区外神田2-16-2,35.70217,139.7677,神田神社宝庫,,登録有形文化財(建造物),宗教,建築物,,昭和前,2003/09/19,,,宗教法人神田神社,
千代田区,外神田２丁目,-,東京都千代田区外神田2-16-2,35.70211,139.7679,神田神社本殿,,登録有形文化財(建造物),宗教,建築物,,昭和前,2003/09/19,,,宗教法人神田神社,
千代田区,外神田２丁目,-,東京都千代田区外神田2-16-2,35.7022,139.768,神田神社瑞垣,,登録有形文化財(建造物),宗教,その他工作,,昭和前,2003/09/19,,,宗教法人神田神社,
千代田区,九段南１丁目,-,東京都千代田区九段南一丁目5-1,35.694378,139.751392,旧九段会館,,登録有形文化財(建造物),その他,建築物,,昭和前,,,,三井住友信託銀行株式会社,
千代田区,霞が関３丁目,虎ノ門広域,東京都千代田区霞が関3-2-2,35.6713,139.7493,旧文部省庁舎,,登録有形文化財(建造物),官公庁舎,建築物,,昭和前,2007/10/02,,,文部科学省,
千代田区,九段北１丁目,-,東京都千代田区九段北一丁目32-4,35.69618,139.7481,旧山口萬吉邸主屋,,登録有形文化財(建造物),住宅,建築物,,昭和前,2018/05/10,,,株式会社山口萬吉事務所,
千代田区,九段北１丁目,-,東京都千代田区九段北一丁目32-4,35.69625,139.748,旧山口萬吉邸門及び塀,,登録有形文化財(建造物),住宅,その他工作物,,昭和前,2018/05/10,,,,
千代田区,鍛冶町１丁目,-,東京都千代田区鍛冶町1-10-4,35.69028,139.7727,太洋ビルディング（丸石ビルディング）,,登録有形文化財(建造物),産業3次,建築物,,昭和前,2002/02/14,,,株式会社大洋商会,
千代田区,丸の内１丁目,大丸有,東京都千代田区丸の内1-4-6,35.68334,139.7648,日本工業倶楽部会館,,登録有形文化財(建造物),文化福祉,建築物,,大正,1999/08/23,,,社団法人日本工業倶楽部,
千代田区,神田多町,-,東京都千代田区神田多町2-9,35.69429,139.7689,松本家住宅主屋,,登録有形文化財(建造物),産業3次,建築物,,昭和前,2000/04/28,,,,
千代田区,神田須田町１丁目,-,東京都千代田区神田須田町1-3-3,35.69608,139.7691,山本歯科医院,,登録有形文化財(建造物),文化福祉,建築物,,昭和前,2005/02/09,,,,
新宿区,戸山３丁目,-,東京都新宿区戸山三丁目20番1号,35.7072,139.7091,学習院旧正門,,国宝・重要文化財(建造物),重要文化財,近代／学校,,明治,1973/06/02,,,学校法人学習院,
新宿区,若宮町,-,東京都新宿区若宮町39番,35.69842,139.7384,旧馬場家牛込邸,,国宝・重要文化財(建造物),重要文化財,近代／住居,,昭和,2014/09/18,,,国（最高裁判所）,
新宿区,内藤町,-,東京都新宿区内藤町11,35.68693,139.7109,新宿御苑旧洋館御休所,,国宝・重要文化財(建造物),重要文化財,近代／文化施設,,明治,2001/11/14,,,国（環境省）,
新宿区,霞ヶ丘町,-,東京都新宿区霞ヶ丘町1番1号,35.67877,139.7176,聖徳記念絵画館,,国宝・重要文化財(建造物),重要文化財,近代／文化施設,,大正,2011/06/20,,,,
新宿区,戸塚町,-,東京都新宿区戸塚町一丁目104番地,35.70891,139.7215,早稲田大学大隈記念講堂,,国宝・重要文化財(建造物),重要文化財,近代／学校,,昭和,2007/12/04,,,学校法人早稲田大学,
新宿区,西早稲田１丁目,-,東京都新宿区西早稲田1-6-1,35.71078,139.7181,近江国香庄文書（三十一通）,,国宝・重要文化財(美術品),重要文化財,古文書,日本,平安～南北朝,1978/06/15,,早稲田大学,早稲田大学,
新宿区,西早稲田１丁目,-,東京都新宿区西早稲田1-6-1,35.71078,139.7181,大槻玄沢関係資料,,国宝・重要文化財(美術品),重要文化財,歴史資料,日本,江戸,1994/06/28,,早稲田大学,早稲田大学,
新宿区,西早稲田１丁目,-,東京都新宿区西早稲田1-6-1,35.71078,139.7181,玉篇巻第九残巻,,国宝・重要文化財(美術品),国宝,書跡・典籍,中国,唐,,1951/06/09,早稲田大学,早稲田大学,
新宿区,西早稲田１丁目,-,東京都新宿区西早稲田1-6-1,35.71078,139.7181,紙本墨書尾張国解文,,国宝・重要文化財(美術品),重要文化財,古文書,日本,鎌倉,1943/06/09,,早稲田大学,早稲田大学,
新宿区,西早稲田１丁目,-,東京都新宿区西早稲田1-6-1,35.71078,139.7181,紙本墨書東大寺文書（十五通）,,国宝・重要文化財(美術品),重要文化財,古文書,日本,奈良～平安,1940/05/03,,早稲田大学,早稲田大学,
新宿区,西早稲田１丁目,-,東京都新宿区西早稲田1-6-1,35.71078,139.7181,崇光天皇宸翰御願文〈永和二年十一月十一日／伊勢太神宮宛〉,,国宝・重要文化財(美術品),重要文化財,古文書,日本,南北朝,1978/06/15,,早稲田大学,早稲田大学,
新宿区,西早稲田１丁目,-,東京都新宿区西早稲田1-6-1,35.71078,139.7181,埴輪女子像,,国宝・重要文化財(美術品),重要文化財,考古資料,日本,古墳,1958/02/08,,早稲田大学,早稲田大学,
新宿区,西早稲田２丁目,-,東京都台東区上野公園１３－９,35.70978,139.7119,源頼朝書状〈文治二年四月三十日／〉,,国宝・重要文化財(美術品),重要文化財,古文書,日本,鎌倉,1993/06/10,,東京国立博物館,独立行政法人国立文化財機構,
新宿区,西早稲田１丁目,-,東京都新宿区西早稲田1-6-1,35.71078,139.7181,礼記子本疏義巻第五十九,,国宝・重要文化財(美術品),国宝,書跡・典籍,中国,唐,,1952/11/22,早稲田大学,早稲田大学,
新宿区,市谷田町１丁目,-,千代田区・新宿区・港区,35.69319,139.7375,江戸城外堀跡,,史跡名勝天然記念物,史跡,,,,1956/03/26,,,,
新宿区,弁天町,-,新宿区弁天町,35.7049,139.7245,山鹿素行墓,,史跡名勝天然記念物,史跡,,,,1943/05/01,,,,
新宿区,南榎町,-,新宿区市谷山伏町,35.70059,139.7287,林氏墓地,,史跡名勝天然記念物,史跡,,,,1926/10/20,,,,
新宿区,北山伏町,-,東京都新宿区北山伏町2,35.69985,139.7295,新井家住宅主屋,,登録有形文化財(建造物),住宅,建築物,,昭和前,2013/03/29,,,,
新宿区,市谷左内町,-,東京都新宿区市谷左内町29,35.69458,139.7334,一瀬家住宅主屋,,登録有形文化財(建造物),住宅,建築物,,昭和前,2006/03/02,,,,
新宿区,市谷左内町,-,東京都新宿区市谷左内町29,35.69424,139.7329,一瀬家住宅倉庫,,登録有形文化財(建造物),住宅,建築物,,昭和前,2006/03/27,,,,
新宿区,横寺町,-,東京都新宿区横寺町31-13,35.70234,139.7352,一水寮,,登録有形文化財(建造物),住宅,建築物,,昭和中,2013/03/29,,,森永商事株式会社,
新宿区,中井２丁目,-,東京都新宿区中井2-2096-18,35.71657,139.6848,旧島津家住宅アトリエ,,登録有形文化財(建造物),住宅,建築物,,昭和前,2011/07/25,,,,
新宿区,神楽坂３丁目,-,東京都新宿区神楽坂3-2-41他,35.70201,139.7405,旧常盤家本館（石合家住宅主屋）,,登録有形文化財(建造物),産業3次,建築物,,昭和中,2011/10/28,,,,
新宿区,中井２丁目,-,東京都新宿区中井2-1981-1,35.71728,139.6865,栗原家住宅稲荷社及び石鳥居,,登録有形文化財(建造物),住宅,建築物,,昭和前,2015/03/26,,,,
新宿区,中井２丁目,-,東京都新宿区中井2-1981,35.71739,139.6865,栗原家住宅蔵,,登録有形文化財(建造物),住宅,建築物,,昭和前,2015/03/26,,,合名会社栗原商店,
新宿区,中井２丁目,-,東京都新宿区中井2-1981,35.71741,139.6866,栗原家住宅主屋,,登録有形文化財(建造物),住宅,建築物,,昭和前,2015/03/26,,,,
新宿区,横寺町,-,東京都新宿区横寺町31-11,35.70306,139.7351,鈴木家住宅主屋,,登録有形文化財(建造物),住宅,建築物,,昭和前,2011/07/25,,,,
新宿区,矢来町,-,東京都新宿区矢来町114,35.70392,139.7346,高橋建築事務所社屋,,登録有形文化財(建造物),産業3次,建築物,,昭和前,2011/07/25,,,株式会社高橋建築事務所,
新宿区,下落合２丁目,-,東京都新宿区下落合2-416-3他,35.71916,139.7041,日本バプテストキリスト教目白ヶ丘教会礼拝堂,,登録有形文化財(建造物),宗教,建築物,,昭和中,2011/10/28,,,宗教法人日本バプテストキリスト教目白ヶ丘教会,
新宿区,中町,-,東京都新宿区中町34-1,35.69981,139.7365,宮城道雄記念館検校の間,,登録有形文化財(建造物),住宅,建築物,,昭和前,2011/07/25,,,財団法人宮城道雄記念館,
新宿区,矢来町,-,東京都新宿区矢来町60-1,35.70289,139.7324,矢来能楽堂,,登録有形文化財(建造物),文化福祉,建築物,,昭和前,2011/07/25,,,公益社団法人観世九皐会,
渋谷区,猿楽町,-,東京都渋谷区猿楽町29番地,35.64751,139.7009,旧朝倉家住宅,主屋,国宝・重要文化財(建造物),重要文化財,近代／住居,,大正,2004/12/10,,,国（文部科学省）,渋谷区
渋谷区,広尾４丁目,-,東京都渋谷区広尾四丁目1番地4,35.65442,139.7203,旧久邇宮邸（聖心女子大学）,御常御殿・小食堂,国宝・重要文化財(建造物),重要文化財,近代／住居,,大正,2017/11/28,,,学校法人聖心女子学院,
渋谷区,広尾４丁目,-,東京都渋谷区広尾四丁目1番地4,35.65442,139.7203,旧久邇宮邸（聖心女子大学）,正門,国宝・重要文化財(建造物),重要文化財,近代／住居,,大正,2017/11/28,,,学校法人聖心女子学院,
渋谷区,代々木神園町,-,東京都渋谷区代々木神園町1番1号,35.67958,139.6981,明治神宮宝物殿,正門,国宝・重要文化財(建造物),重要文化財,近代／文化施設,,大正,2011/06/20,,,,
渋谷区,代々木神園町,-,東京都渋谷区代々木神園町1番1号,35.6797,139.6977,明治神宮宝物殿,東西廊（西廊）,国宝・重要文化財(建造物),重要文化財,近代／文化施設,,大正,2011/06/20,,,,
渋谷区,代々木神園町,-,東京都渋谷区代々木神園町1番1号,35.67987,139.6975,明治神宮宝物殿,東西渡廊（西渡廊）,国宝・重要文化財(建造物),重要文化財,近代／文化施設,,大正,2011/06/20,,,,
渋谷区,代々木神園町,-,東京都渋谷区代々木神園町1番1号,35.67989,139.6983,明治神宮宝物殿,東西廊（東廊）,国宝・重要文化財(建造物),重要文化財,近代／文化施設,,大正,2011/06/20,,,,
渋谷区,代々木神園町,-,東京都渋谷区代々木神園町1番1号,35.67991,139.6977,明治神宮宝物殿,東西橋廊（西橋廊）,国宝・重要文化財(建造物),重要文化財,近代／文化施設,,大正,2011/06/20,,,,
渋谷区,代々木神園町,-,東京都渋谷区代々木神園町1番1号,35.67994,139.6974,明治神宮宝物殿,東西倉(西倉）,国宝・重要文化財(建造物),重要文化財,近代／文化施設,,大正,2011/06/20,,,,
渋谷区,代々木神園町,-,東京都渋谷区代々木神園町1番1号,35.67994,139.6979,明治神宮宝物殿,中倉,国宝・重要文化財(建造物),重要文化財,近代／文化施設,,大正,2011/06/20,,,,
渋谷区,代々木神園町,-,東京都渋谷区代々木神園町1番1号,35.68005,139.6982,明治神宮宝物殿,東西橋廊（東橋廊）,国宝・重要文化財(建造物),重要文化財,近代／文化施設,,大正,2011/06/20,,,,
渋谷区,代々木神園町,-,東京都渋谷区代々木神園町1番1号,35.68009,139.6979,明治神宮宝物殿,北廊,国宝・重要文化財(建造物),重要文化財,近代／文化施設,,大正,2011/06/20,,,,
渋谷区,代々木神園町,-,東京都渋谷区代々木神園町1番1号,35.68009,139.6983,明治神宮宝物殿,東西渡廊（東渡廊）,国宝・重要文化財(建造物),重要文化財,近代／文化施設,,大正,2011/06/20,,,,
渋谷区,代々木神園町,-,東京都渋谷区代々木神園町1番1号,35.68018,139.6978,明治神宮宝物殿,車寄,国宝・重要文化財(建造物),重要文化財,近代／文化施設,,大正,2011/06/20,,,,
渋谷区,代々木神園町,-,東京都渋谷区代々木神園町1番1号,35.68018,139.6984,明治神宮宝物殿,東西倉(東倉）,国宝・重要文化財(建造物),重要文化財,近代／文化施設,,大正,2011/06/20,,,,
渋谷区,代々木神園町,-,東京都渋谷区代々木神園町1番1号,35.68029,139.6978,明治神宮宝物殿,事務所,国宝・重要文化財(建造物),重要文化財,近代／文化施設,,大正,2011/06/20,,,,
渋谷区,東４丁目,-,東京都渋谷区東4-10-28,35.65564,139.712,石枕（立花二箇共）,,国宝・重要文化財(美術品),重要文化財,考古資料,日本,古墳,1974/06/08,,國學院大学,國學院大学,
渋谷区,代々木４丁目,-,墨田区横網1-12-9,35.68148,139.6906,刀〈無銘伝志津／〉,,国宝・重要文化財(美術品),重要文化財,工芸品,日本,南北朝,1942/06/26,,刀剣博物館,,
渋谷区,代々木４丁目,-,墨田区横網1-12-9,35.68148,139.6906,刀〈銘津田越前守助広／延寶七年二月日〉,,国宝・重要文化財(美術品),重要文化財,工芸品,日本,江戸,1952/07/19,,刀剣博物館,,
渋谷区,東４丁目,-,東京都渋谷区東4-10-28,35.65564,139.712,金葉和歌集（二奏本）,,国宝・重要文化財(美術品),重要文化財,書跡・典籍,日本,鎌倉,1982/06/05,,國學院大学,國學院大学,
渋谷区,東２丁目,-,東京都渋谷区東2-9,35.6535,139.7111,群書類従版木,,国宝・重要文化財(美術品),重要文化財,歴史資料,日本,江戸,1957/02/19,,社団法人温故学会,社団法人温故学会,
渋谷区,代々木４丁目,-,東京都台東区上野公園13-9,35.681484,139.690668,剣〈銘江州甘呂俊長／延文五年庚子〉,,国宝・重要文化財(美術品),重要文化財,工芸品,日本,南北朝,1978/06/15,,東京国立博物館,文化庁,
渋谷区,東４丁目,-,東京都渋谷区東4-10-28,35.65564,139.712,久我家文書,,国宝・重要文化財(美術品),重要文化財,古文書,日本,平安～明治,1988/06/06,,國學院大学,國學院大学,
渋谷区,東１丁目,-,東京都日野市大坂上4-1-1,35.65727,139.709,拾遺和歌集〈上（寂恵本）／〉,,国宝・重要文化財(美術品),重要文化財,書跡・典籍,日本,鎌倉,1970/05/25,,実践女子学園図書館,学校法人実践女子学園,
渋谷区,東４丁目,-,東京都渋谷区東4-10-28,35.65564,139.712,神皇正統記〈上中下／〉,,国宝・重要文化財(美術品),重要文化財,書跡・典籍,日本,室町,1936/05/06,,國學院大学,國學院大学,
渋谷区,神宮前１丁目,-,墨田区横網1-12-9,35.67175,139.7058,太刀〈額銘吉房／〉,,国宝・重要文化財(美術品),重要文化財,工芸品,日本,鎌倉,1935/04/30,,刀剣博物館,東郷神社,
渋谷区,代々木４丁目,-,刀剣博物館　東京都墨田区横網1-12-9,35.68148,139.6906,太刀〈無銘福岡一文字／〉附糸巻太刀拵,,国宝・重要文化財(美術品),重要文化財,工芸品,日本,鎌倉,1971/06/22,,刀剣博物館,公益財団法人日本美術刀剣保存協会,
渋谷区,代々木４丁目,-,刀剣博物館　東京都墨田区横網1-12-9,35.68148,139.6906,太刀〈銘兼永／〉,,国宝・重要文化財(美術品),重要文化財,工芸品,日本,平安,1938/07/04,,刀剣博物館,公益財団法人日本美術刀剣保存協会,
渋谷区,代々木４丁目,-,刀剣博物館　東京都墨田区横網1-12-9,35.68148,139.6906,太刀〈銘国行／〉,,国宝・重要文化財(美術品),国宝,工芸品,日本,鎌倉,1937/05/25,1953/03/31,刀剣博物館,公益財団法人日本美術刀剣保存協会,
渋谷区,代々木４丁目,-,刀剣博物館　東京都墨田区横網1-12-9,35.68148,139.6906,太刀〈銘国行／〉,,国宝・重要文化財(美術品),国宝,工芸品,日本,鎌倉,1954/03/20,1954/03/20,刀剣博物館,公益財団法人日本美術刀剣保存協会,
渋谷区,代々木４丁目,-,刀剣博物館　東京都墨田区横網1-12-9,35.68148,139.6906,太刀〈銘信房作／〉,,国宝・重要文化財(美術品),重要文化財,工芸品,日本,平安,1934/01/30,,刀剣博物館,公益財団法人日本美術刀剣保存協会,
渋谷区,代々木４丁目,-,刀剣博物館　東京都墨田区横網1-12-9,35.68148,139.6906,太刀〈銘延吉／〉,,国宝・重要文化財(美術品),国宝,工芸品,日本,鎌倉,1936/09/18,1953/03/31,刀剣博物館,公益財団法人日本美術刀剣保存協会,
渋谷区,代々木４丁目,-,刀剣博物館　東京都墨田区横網1-12-9,35.68148,139.6906,太刀〈銘備前国住人雲次／正和二二年十月日〉,,国宝・重要文化財(美術品),重要文化財,工芸品,日本,鎌倉,1954/03/20,,刀剣博物館,公益財団法人日本美術刀剣保存協会,
渋谷区,代々木４丁目,-,台東区上野公園13-9,35.681484,139.690669,太刀〈銘正恒／〉,,国宝・重要文化財(美術品),重要文化財,工芸品,日本,平安,1939/05/27,,東京国立博物館,文化庁,
渋谷区,代々木４丁目,-,墨田区横網1-12-9,35.68148,139.6906,短刀〈銘来国光（名物池田来国光）／〉,,国宝・重要文化財(美術品),重要文化財,工芸品,日本,鎌倉,1931/01/19,,刀剣博物館,,
渋谷区,代々木４丁目,-,墨田区横網1-12-9,35.68148,139.6906,短刀〈無銘（伝貞宗／〉,,国宝・重要文化財(美術品),重要文化財,工芸品,日本,鎌倉,1938/07/04,,刀剣博物館,,
渋谷区,代々木４丁目,-,刀剣博物館　東京都墨田区横網1-12-9,35.68148,139.6906,短刀〈銘宇都宮大明神相模国住人廣光／八幡大菩薩、文和五年卯月日,,国宝・重要文化財(美術品),重要文化財,工芸品,日本,南北朝,1953/03/31,,刀剣博物館,,
渋谷区,代々木４丁目,-,墨田区横網1-12-9,35.68148,139.6906,短刀〈銘光包（名物乱光包）／〉,,国宝・重要文化財(美術品),重要文化財,工芸品,日本,鎌倉,1959/06/27,,刀剣博物館,,
渋谷区,代々木４丁目,-,東京国立博物館文化庁分室　東京都台東区上野公園13-9,35.681484,139.690668,短刀〈銘吉光（博多藤四郎）／〉,,国宝・重要文化財(美術品),重要文化財,工芸品,日本,鎌倉,1931/12/14,,東京国立博物館文化庁分室,国（文化庁）,
渋谷区,東４丁目,-,東京都渋谷区東4-10-28,35.65564,139.712,朝野群載〈巻第一／〉,,国宝・重要文化財(美術品),重要文化財,書跡・典籍,日本,鎌倉,1936/05/06,,國學院大学,國學院大学,
渋谷区,恵比寿南１丁目,-,東京都渋谷区神宮前6-24-4,35.64354,139.7108,能本〈世阿弥筆／〉,,国宝・重要文化財(美術品),重要文化財,書跡・典籍,日本,室町,1972/05/30,,一般財団法人観世文庫,一般財団法人観世文庫,
渋谷区,東４丁目,-,東京都渋谷区東4-10-28,35.65564,139.712,梁塵秘抄口伝集巻第十残巻,,国宝・重要文化財(美術品),重要文化財,書跡・典籍,日本,鎌倉,1993/06/10,,國學院大学,國學院大学,
渋谷区,東４丁目,-,東京都渋谷区東4-10-28,35.65564,139.712,令義解〈神祇令第六／僧尼令第七〉,,国宝・重要文化財(美術品),重要文化財,書跡・典籍,日本,南北朝,1936/05/06,,國學院大学,國學院大学,
渋谷区,恵比寿南１丁目,-,東京都渋谷区神宮前５丁目２７番２号,35.64354,139.7108,能面父尉（伝弥勒作）,,国宝・重要文化財(美術品),重要文化財,彫刻,日本,室町,1962/06/21,,財団法人観世文庫,財団法人観世文庫,
渋谷区,恵比寿南１丁目,-,東京都渋谷区神宮前５丁目２７番２号,35.64354,139.7108,能面延命冠者（伝文蔵作）,,国宝・重要文化財(美術品),重要文化財,彫刻,日本,室町,1962/06/21,,財団法人観世文庫,財団法人観世文庫,
渋谷区,恵比寿南１丁目,-,東京都渋谷区神宮前５丁目２７番２号,35.64354,139.7108,能面大悪尉（伝赤鶴作）,,国宝・重要文化財(美術品),重要文化財,彫刻,日本,室町,1962/06/21,,財団法人観世文庫,財団法人観世文庫,
渋谷区,恵比寿南１丁目,-,東京都渋谷区神宮前５丁目２７番２号,35.64354,139.7108,能面鼻瘤悪尉（伝福来作）,,国宝・重要文化財(美術品),重要文化財,彫刻,日本,室町,1962/06/21,,財団法人観世文庫,財団法人観世文庫,
渋谷区,恵比寿南１丁目,-,東京都渋谷区神宮前５丁目２７番２号,35.64354,139.7108,能面慈童（伝竜右衛門作）,,国宝・重要文化財(美術品),重要文化財,彫刻,日本,室町,1962/06/21,,財団法人観世文庫,財団法人観世文庫,
渋谷区,恵比寿南１丁目,-,東京都渋谷区神宮前５丁目２７番２号,35.64354,139.7108,能面翁（黒色尉）（伝日光作）,,国宝・重要文化財(美術品),重要文化財,彫刻,日本,南北朝,1964/01/28,,財団法人観世文庫,財団法人観世文庫,
渋谷区,恵比寿南１丁目,-,東京都渋谷区神宮前５丁目２７番２号,35.64354,139.7108,能面子牛尉（伝小牛作）,,国宝・重要文化財(美術品),重要文化財,彫刻,日本,室町,1964/01/28,,財団法人観世文庫,財団法人観世文庫,
渋谷区,恵比寿南１丁目,-,東京都渋谷区神宮前５丁目２７番２号,35.64354,139.7108,能面阿古父尉（伝小牛作）,,国宝・重要文化財(美術品),重要文化財,彫刻,日本,室町,1964/01/28,,財団法人観世文庫,財団法人観世文庫,
渋谷区,恵比寿南１丁目,-,東京都渋谷区神宮前５丁目２７番２号,35.64354,139.7108,能面笑尉（伝小牛作）,,国宝・重要文化財(美術品),重要文化財,彫刻,日本,室町,1964/01/28,,財団法人観世文庫,財団法人観世文庫,
渋谷区,恵比寿南１丁目,-,東京都渋谷区神宮前５丁目２７番２号,35.64354,139.7108,能面朝倉尉（伝福来作）,,国宝・重要文化財(美術品),重要文化財,彫刻,日本,室町,1964/01/28,,財団法人観世文庫,財団法人観世文庫,
渋谷区,恵比寿南１丁目,-,東京都渋谷区神宮前５丁目２７番２号,35.64354,139.7108,能面大飛出（伝赤鶴作）,,国宝・重要文化財(美術品),重要文化財,彫刻,日本,室町,1964/01/28,,財団法人観世文庫,財団法人観世文庫,
渋谷区,恵比寿南１丁目,-,東京都渋谷区神宮前５丁目２７番２号,35.64354,139.7108,能面天神（伝赤鶴作）,,国宝・重要文化財(美術品),重要文化財,彫刻,日本,室町,1964/01/28,,財団法人観世文庫,財団法人観世文庫,
渋谷区,神宮前６丁目,-,東京都渋谷区神宮前５丁目２７番２号,35.66573,139.7022,能面翁（白色尉）（伝弥勒作）,,国宝・重要文化財(美術品),重要文化財,彫刻,日本,南北朝,1962/06/21,,観世文庫,観世文庫,
渋谷区,神宮前６丁目,-,東京都渋谷区神宮前５丁目２７番２号,35.66573,139.7022,能面皺尉（伝福来作）,,国宝・重要文化財(美術品),重要文化財,彫刻,日本,室町,1964/01/28,,観世文庫,観世文庫,
渋谷区,渋谷４丁目,-,東京都渋谷区渋谷4-22他,35.66072,139.7103,青山学院ベリーホール,,登録有形文化財(建造物),学校,建築物,,昭和前,2008/04/18,,,学校法人青山学院,
渋谷区,渋谷４丁目,-,東京都渋谷区渋谷4-22他,35.66029,139.7101,青山学院間島記念館,,登録有形文化財(建造物),学校,建築物,,昭和前,2008/04/18,,,学校法人青山学院,
渋谷区,東２丁目,-,東京都渋谷区東2-9-1,35.65433,139.7113,温故学会会館,,登録有形文化財(建造物),文化福祉,建築物,,昭和前,2000/04/28,,,公益社団法人温故学会,
渋谷区,東３丁目,-,東京都渋谷区東3-3-3,35.65182,139.7121,渋谷区立広尾小学校,,登録有形文化財(建造物),学校,建築物,,昭和前,2000/04/28,,,渋谷区,
渋谷区,広尾５丁目,-,東京都渋谷区広尾五丁目2-2,35.65048,139.7199,上宮寺鐘楼,,登録有形文化財(建造物),宗教,その他工作物,,大正,2017/10/27,,,宗教法人上宮寺,
渋谷区,広尾５丁目,-,東京都渋谷区広尾五丁目2-2,35.65052,139.7201,上宮寺本堂,,登録有形文化財(建造物),宗教,建築物,,大正,2017/10/27,,,宗教法人上宮寺,
渋谷区,広尾５丁目,-,東京都渋谷区広尾五丁目2-2,35.65042,139.7201,上宮寺本堂応接部,,登録有形文化財(建造物),宗教,建築物,,大正,2017/10/27,,,宗教法人上宮寺,
渋谷区,渋谷４丁目,-,東京都渋谷区渋谷四丁目107-4,35.65926,139.7128,ミュージアム１９９９（旧千葉常五郎邸）,,登録有形文化財(建造物),住宅,建築物,,昭和前,2018/05/10,,,ミュージアム一九九九株式会社,
渋谷区,代々木４丁目,-,東京都渋谷区代々木4-36-42,35.68089,139.6896,代々木能舞台敷舞台及び座敷,,登録有形文化財(建造物),文化福祉,建築物,,昭和前,2009/08/07,,,,
渋谷区,代々木４丁目,-,東京都渋谷区代々木4-36-42,35.68098,139.6896,代々木能舞台舞台・橋掛・鏡の間,,登録有形文化財(建造物),文化福祉,建築物,,昭和中,2009/08/07,,,,
港区,白金台５丁目,-,東京都港区白金台五丁目二六番,35.63567,139.7208,旧朝香宮邸,正門,国宝・重要文化財(建造物),重要文化財,近代／住居,,昭和,2015/07/08,,,東京都,
港区,白金台５丁目,-,東京都港区白金台五丁目二六番,35.63636,139.7188,旧朝香宮邸,茶室,国宝・重要文化財(建造物),重要文化財,近代／住居,,昭和,2015/07/08,,,東京都,
港区,白金台５丁目,-,東京都港区白金台五丁目二六番,35.63684,139.7193,旧朝香宮邸,本館,国宝・重要文化財(建造物),重要文化財,近代／住居,,昭和,2015/07/08,,,東京都,
港区,白金台５丁目,-,東京都港区白金台五丁目二六番,35.63723,139.7193,旧朝香宮邸,倉庫,国宝・重要文化財(建造物),重要文化財,近代／住居,,昭和,2015/07/08,,,東京都,
港区,白金台５丁目,-,東京都港区白金台五丁目二六番,35.63724,139.7197,旧朝香宮邸,自動車庫,国宝・重要文化財(建造物),重要文化財,近代／住居,,昭和,2015/07/08,,,東京都,
港区,三田２丁目,-,東京都港区三田二丁目15番45号,35.64829,139.7422,慶応義塾図書館,,国宝・重要文化財(建造物),重要文化財,近代／学校,,明治,1969/03/12,,,学校法人慶応義塾,
港区,三田２丁目,-,東京都港区三田二丁目15番45号,35.64829,139.7422,慶応義塾三田演説館,,国宝・重要文化財(建造物),重要文化財,近代／学校,,明治,1967/06/15,,,学校法人慶応義塾,
港区,白金台３丁目,-,東京都港区白金台三丁目,35.63729,139.7269,瑞聖寺大雄宝殿,,国宝・重要文化財(建造物),重要文化財,近世以前／寺院,,江戸後期,1992/08/10,,,瑞聖寺,
港区,芝公園４丁目,-,東京都港区芝公園四丁目7番35号,35.65724,139.75,増上寺三解脱門,,国宝・重要文化財(建造物),重要文化財,近世以前／寺院,,江戸前期,1915/03/26,,,増上寺,
港区,芝公園４丁目,-,東京都港区芝公園四丁目8番2号,35.65613,139.7498,旧台徳院霊廟惣門,,国宝・重要文化財(建造物),重要文化財,近世以前／神社,,江戸前期,1930/05/23,,,,
港区,元赤坂２丁目,-,東京都港区元赤坂二丁目1番１号,35.68021,139.7287,旧東宮御所（迎賓館赤坂離宮）,旧東宮御所（迎賓館赤坂離宮）,国宝・重要文化財(建造物),国宝,近代／住居,,明治,2009/12/08,,,内閣府,
港区,白金台１丁目,-,東京都港区白金台一丁目2番37号,35.63679,139.7311,明治学院インブリー館,,国宝・重要文化財(建造物),重要文化財,近代／学校,,明治,1998/12/25,,,学校法人明治学院,
港区,芝公園３丁目,虎ノ門,東京都港区芝公園三丁目3番,35.65915,139.7503,有章院（徳川家継）霊廟二天門,,国宝・重要文化財(建造物),重要文化財,近世以前／神社,,江戸中期,1930/05/23,,,,
港区,三田２丁目,-,東京国立博物館　東京都台東区上野公園13-9,35.64923,139.7428,秋草文壺,,国宝・重要文化財(美術品),国宝,工芸品,日本,平安,1949/02/18,1953/03/31,東京国立博物館,学校法人慶應義塾,
港区,南青山６丁目,-,東京都港区南青山6-5-1,35.66225,139.717,秋野蒔絵手箱,,国宝・重要文化財(美術品),重要文化財,工芸品,日本,鎌倉,1954/03/20,,公益財団法人根津美術館,公益財団法人根津美術館,
港区,南青山６丁目,-,東京都港区南青山6-5-1,35.66225,139.717,蘆屋松梅図真形釜,,国宝・重要文化財(美術品),重要文化財,工芸品,日本,室町,1954/03/20,,公益財団法人根津美術館,公益財団法人根津美術館,
港区,南青山６丁目,-,東京都港区南青山6-5-1,35.66225,139.717,飛鳥井雅経筆懐紙（詠暁紅葉和歌）,,国宝・重要文化財(美術品),重要文化財,書跡・典籍,日本,鎌倉,1959/12/18,,公益財団法人根津美術館,公益財団法人根津美術館,
港区,南青山６丁目,-,東京都港区南青山6-5-1,35.66225,139.717,雨漏茶碗,,国宝・重要文化財(美術品),重要文化財,工芸品,朝鮮,李朝,1953/11/14,,公益財団法人根津美術館,公益財団法人根津美術館,
港区,南青山６丁目,-,東京都港区南青山6-5-1,35.66225,139.717,一山一寧墨蹟（正和丙辰十月下澣）,,国宝・重要文化財(美術品),重要文化財,書跡・典籍,中国,元,1942/06/26,,公益財団法人根津美術館,公益財団法人根津美術館,
港区,南青山６丁目,-,東京都港区南青山6-5-1,35.66225,139.717,井戸茶碗（柴田）,,国宝・重要文化財(美術品),重要文化財,工芸品,朝鮮,李朝,1952/03/29,,公益財団法人根津美術館,公益財団法人根津美術館,
港区,赤坂９丁目,六本木,サントリー美術館　東京都港区赤坂9-7-4東京ミット゛タウンカ゛ーテ゛ンサイト゛,35.66684,139.7307,色絵花鳥文八角大壺〈伊万里／〉,,国宝・重要文化財(美術品),重要文化財,工芸品,日本,江戸,1996/06/27,,サントリー美術館,公益財団法人サントリー芸術財団,
港区,赤坂９丁目,六本木,サントリー美術館　東京都港区赤坂9-7-4東京ミット゛タウンカ゛ーテ゛ンサイト゛,35.66684,139.7307,色絵五艘船図大平鉢〈伊万里／〉,,国宝・重要文化財(美術品),重要文化財,工芸品,日本,江戸,1997/06/30,,サントリー美術館,公益財団法人サントリー芸術財団,
港区,南青山６丁目,-,東京都港区南青山6-5-1,35.66225,139.717,色絵山寺図茶壺〈仁清作／〉,,国宝・重要文化財(美術品),重要文化財,工芸品,日本,江戸,1942/06/26,,公益財団法人根津美術館,公益財団法人根津美術館,
港区,南麻布５丁目,-,東京都立中央図書館　東京都港区南麻布5-7-13,35.65211,139.7264,江戸城造営関係資料（甲良家伝来）,,国宝・重要文化財(美術品),重要文化財,歴史資料,日本,江戸,1987/06/06,,東京都立中央図書館　,東京都,
港区,赤坂９丁目,六本木,サントリー美術館　東京都港区赤坂9-7-4東京ミット゛タウンカ゛ーテ゛ンサイト゛,35.66684,139.7307,小倉山蒔絵硯箱,,国宝・重要文化財(美術品),重要文化財,工芸品,日本,室町,1953/03/31,,サントリー美術館,公益財団法人サントリー芸術財団,
港区,三田２丁目,-,慶應義塾図書館　東京都港区三田2-15-45,35.64912,139.7435,解剖存真図（南小柿寧一筆）,,国宝・重要文化財(美術品),重要文化財,歴史資料,日本,江戸,2003/05/29,,慶應義塾図書館,学校法人慶應義塾,
港区,南青山６丁目,-,東京都港区南青山6-5-1,35.66225,139.717,春日山蒔絵硯箱,,国宝・重要文化財(美術品),重要文化財,工芸品,日本,室町,1953/11/14,,公益財団法人根津美術館,公益財団法人根津美術館,
港区,南青山６丁目,-,東京都港区南青山6-5-1,35.66225,139.717,堅手茶碗（長崎）,,国宝・重要文化財(美術品),重要文化財,工芸品,朝鮮,李朝,1953/11/14,,公益財団法人根津美術館,公益財団法人根津美術館,
港区,赤坂８丁目,赤坂,東京都台東区上野公園13-9,35.66895,139.7279,刀〈銘備前国住長船次郎左衛門尉勝光子次郎兵衛尉治光／一期一腰作之佐々木伊予守〉,,国宝・重要文化財(美術品),重要文化財,工芸品,日本,室町,1926/04/19,,東京国立博物館,乃木神社,
港区,南青山６丁目,-,東京都港区南青山6-5-1,35.66225,139.717,唐物肩衝茶入〈銘松屋／〉,,国宝・重要文化財(美術品),重要文化財,工芸品,中国,南宋,1959/12/18,,公益財団法人根津美術館,公益財団法人根津美術館,
港区,三田２丁目,-,東京都港区三田2-15-45,35.64923,139.7428,岩偶,,国宝・重要文化財(美術品),重要文化財,考古資料,日本,縄文,1974/06/08,,学校法人慶應義塾,学校法人慶應義塾,
港区,南青山６丁目,-,東京都港区南青山6-5-1,35.66225,139.717,観世音菩薩受記経,,国宝・重要文化財(美術品),重要文化財,書跡・典籍,日本,奈良,1931/12/14,,公益財団法人根津美術館,公益財団法人根津美術館,
港区,三田２丁目,-,東京都港区三田2-15-45,35.64923,139.7428,岩版,,国宝・重要文化財(美術品),重要文化財,考古資料,日本,縄文,1974/06/08,,学校法人慶應義塾,学校法人慶應義塾,
港区,南青山６丁目,-,東京都港区南青山6-5-1,35.66225,139.717,観普賢経〈（裝飾経）／〉,,国宝・重要文化財(美術品),国宝,書跡・典籍,日本,平安,,1975/06/12,公益財団法人根津美術館,公益財団法人根津美術館,
港区,南青山６丁目,-,東京都港区南青山6-5-1,35.66225,139.717,犠首饕餮〓竜文尊〈図形文字一／〉,,国宝・重要文化財(美術品),重要文化財,考古資料,中国,殷,1970/05/25,,財団法人根津美術館,,
港区,南青山６丁目,-,東京都港区南青山6-5-1,35.66225,139.717,犠首饕餮〓竜文方罍〈図形文字一／〉,,国宝・重要文化財(美術品),重要文化財,考古資料,中国,殷,1970/05/25,,財団法人根津美術館,,
港区,南青山６丁目,-,東京都港区南青山6-5-1,35.66225,139.717,居涇和尚墨蹟〈弔白雲恵曉偈／〉,,国宝・重要文化財(美術品),重要文化財,書跡・典籍,中国,元,1954/03/20,,公益財団法人根津美術館,公益財団法人根津美術館,
港区,赤坂９丁目,六本木,サントリー美術館　東京都港区赤坂9-7-4東京ミッドタウンガーデンサイド,35.66645,139.7304,清水・住吉図蒔絵螺鈿西洋双六盤,,国宝・重要文化財(美術品),重要文化財,工芸品,日本,桃山,1977/06/11,,サントリー美術館,,
港区,赤坂９丁目,六本木,サントリー美術館　東京都港区赤坂9-7-4東京ミット゛タウンカ゛ーテ゛ンサイト゛,35.66684,139.7307,桐竹鳳凰蒔絵文台及硯箱,,国宝・重要文化財(美術品),重要文化財,工芸品,日本,桃山,1961/02/17,,サントリー美術館,公益財団法人サントリー芸術財団,
港区,南青山６丁目,-,東京都港区南青山6-5-1,35.66225,139.717,金襴手下蕪花生,,国宝・重要文化財(美術品),重要文化財,工芸品,中国,明,1955/06/22,,公益財団法人根津美術館,公益財団法人根津美術館,
港区,南青山６丁目,-,東京都港区南青山6-5-1,35.66225,139.717,月礀文明墨蹟〈拈香語／〉,,国宝・重要文化財(美術品),重要文化財,書跡・典籍,中国,元,1959/12/08,,公益財団法人根津美術館,公益財団法人根津美術館,
港区,南青山６丁目,-,東京都港区南青山6-5-1,35.66225,139.717,月江正印墨蹟〈玉泉字号偈／至正八年仲冬〉,,国宝・重要文化財(美術品),重要文化財,書跡・典籍,中国,元,1959/12/18,,公益財団法人根津美術館,公益財団法人根津美術館,
港区,南青山６丁目,-,東京都港区南青山6-5-1,35.66225,139.717,月江正印墨蹟〈与楚雙峯偈語／至正三年二月十八日〉,,国宝・重要文化財(美術品),重要文化財,書跡・典籍,中国,元,1971/06/22,,公益財団法人根津美術館,公益財団法人根津美術館,
港区,南青山６丁目,-,東京都港区南青山6-5-1,35.66225,139.717,絹本著色愛染曼荼羅図,,国宝・重要文化財(美術品),重要文化財,絵画,日本,鎌倉,1960/06/09,,公益財団法人根津美術館,公益財団法人根津美術館,
港区,南青山６丁目,-,東京都港区南青山6-5-1,35.66225,139.717,絹本著色愛染明王像,,国宝・重要文化財(美術品),重要文化財,絵画,日本,鎌倉,1942/06/26,,公益財団法人根津美術館,公益財団法人根津美術館,
港区,南青山６丁目,-,東京都港区南青山6-5-1,35.66225,139.717,絹本著色愛染明王像,,国宝・重要文化財(美術品),重要文化財,絵画,日本,鎌倉,1960/06/09,,公益財団法人根津美術館,公益財団法人根津美術館,
港区,南青山６丁目,-,東京都港区南青山6-5-1,35.66225,139.717,絹本著色阿弥陀如来像,,国宝・重要文化財(美術品),重要文化財,絵画,朝鮮,高麗,1972/05/30,,公益財団法人根津美術館,公益財団法人根津美術館,
港区,南青山６丁目,-,東京都港区南青山6-5-1,35.66225,139.717,絹本著色鶉図,,国宝・重要文化財(美術品),国宝,絵画,中国,南宋,,1953/11/14,公益財団法人根津美術館,公益財団法人根津美術館,
港区,南青山６丁目,-,台東区上野公園１３－９,35.662251,139.717083,絹本著色柿本人麿像〈詫磨栄賀筆／〉,,国宝・重要文化財(美術品),重要文化財,絵画,日本,室町,1957/02/19,,東京国立博物館,公益財団法人常盤山文庫,
港区,南青山６丁目,-,東京都港区南青山6-5-1,35.66225,139.717,絹本著色春日補陀落山曼荼羅図,,国宝・重要文化財(美術品),重要文化財,絵画,日本,鎌倉,2006/06/09,,公益財団法人根津美術館,公益財団法人根津美術館,
港区,南青山６丁目,-,東京都港区南青山6-5-1,35.66225,139.717,絹本著色春日宮曼荼羅図,,国宝・重要文化財(美術品),重要文化財,絵画,日本,鎌倉,2005/06/09,,公益財団法人根津美術館,公益財団法人根津美術館,
港区,南青山６丁目,-,東京都港区南青山6-5-1,35.66225,139.717,絹本著色華厳五十五所絵,,国宝・重要文化財(美術品),重要文化財,絵画,日本,平安,1949/02/18,,公益財団法人根津美術館,公益財団法人根津美術館,
港区,南青山６丁目,-,東京都港区南青山6-5-1,35.66225,139.717,絹本著色五百羅漢図〈伝明兆筆／東福寺伝来〉,,国宝・重要文化財(美術品),重要文化財,絵画,日本,南北朝,1942/06/26,,公益財団法人根津美術館,公益財団法人根津美術館,
港区,南青山６丁目,-,東京都港区南青山6-5-1,35.66225,139.717,絹本著色金剛界八十一尊大曼荼羅図,,国宝・重要文化財(美術品),重要文化財,絵画,日本,鎌倉,1949/02/18,,公益財団法人根津美術館,公益財団法人根津美術館,
港区,南青山６丁目,-,東京都港区南青山6-5-1,35.66225,139.717,絹本著色釈迦如来像,,国宝・重要文化財(美術品),重要文化財,絵画,日本,鎌倉,1984/06/06,,公益財団法人根津美術館,公益財団法人根津美術館,
港区,南青山６丁目,-,東京都港区南青山6-5-1,35.66225,139.717,絹本著色釈迦八相図,,国宝・重要文化財(美術品),重要文化財,絵画,日本,鎌倉,1963/07/01,,公益財団法人根津美術館,公益財団法人根津美術館,
港区,南青山６丁目,-,東京都港区南青山6-5-1,35.66225,139.717,絹本著色夕陽山水図〈馬麟筆／〉,,国宝・重要文化財(美術品),重要文化財,絵画,中国,南宋,1949/05/30,,公益財団法人根津美術館,公益財団法人根津美術館,
港区,南青山６丁目,-,東京都港区南青山6-5-1,35.66225,139.717,絹本著色善光寺如来縁起絵,,国宝・重要文化財(美術品),重要文化財,絵画,日本,鎌倉,1975/06/12,,公益財団法人根津美術館,公益財団法人根津美術館,
港区,南青山６丁目,-,東京都港区南青山6-5-1,35.66225,139.717,絹本著色銭塘観潮図,,国宝・重要文化財(美術品),重要文化財,絵画,中国,南宋,1959/06/27,,公益財団法人根津美術館,公益財団法人根津美術館,
港区,南青山６丁目,-,東京都港区南青山6-5-1,35.66225,139.717,絹本著色大威徳明王像,,国宝・重要文化財(美術品),重要文化財,絵画,日本,鎌倉,1943/06/09,,公益財団法人根津美術館,公益財団法人根津美術館,
港区,南青山６丁目,-,東京都港区南青山6-5-1,35.66225,139.717,絹本著色大日如来像,,国宝・重要文化財(美術品),重要文化財,絵画,日本,平安,1949/02/18,,公益財団法人根津美術館,公益財団法人根津美術館,
港区,南青山６丁目,-,東京都港区南青山6-5-1,35.66225,139.717,絹本著色那智滝図,,国宝・重要文化財(美術品),国宝,絵画,日本,鎌倉,,1951/06/09,公益財団法人根津美術館,公益財団法人根津美術館,
港区,南青山６丁目,-,東京都港区南青山6-5-1,35.66225,139.717,絹本著色普賢十羅刹女像,,国宝・重要文化財(美術品),重要文化財,絵画,日本,平安,1999/06/07,,公益財団法人根津美術館,公益財団法人根津美術館,
港区,南青山６丁目,-,東京都港区南青山6-5-1,35.66225,139.717,絹本著色仏涅槃図,,国宝・重要文化財(美術品),重要文化財,絵画,日本,南北朝,1959/06/27,,公益財団法人根津美術館,財団法人根津美術館,
港区,南青山６丁目,-,東京都港区南青山6-5-1,35.66225,139.717,絹本著色法相宗曼荼羅図,,国宝・重要文化財(美術品),重要文化財,絵画,日本,鎌倉,1959/06/27,,公益財団法人根津美術館,公益財団法人根津美術館,
港区,南青山６丁目,-,東京都港区南青山6-5-1,35.66225,139.717,絹本墨画古木牧牛図〈毛倫筆／〉,,国宝・重要文化財(美術品),重要文化財,絵画,中国,元,1986/06/06,,公益財団法人根津美術館,公益財団法人根津美術館,
港区,南青山６丁目,-,東京都港区南青山6-5-1,35.66225,139.717,絹本墨画羅漢図〈／（第五諾矩尊者）〉,,国宝・重要文化財(美術品),重要文化財,絵画,中国,元,1954/03/20,,公益財団法人根津美術館,公益財団法人根津美術館,
港区,南青山６丁目,-,東京都港区南青山6-5-1,35.66225,139.717,高麗青磁蓮華唐草文水瓶,,国宝・重要文化財(美術品),重要文化財,工芸品,朝鮮,高麗,1942/06/26,,公益財団法人根津美術館,公益財団法人根津美術館,
港区,南青山６丁目,-,東京都港区南青山6-5-1,35.66225,139.717,古今集〈藤原為氏筆／〉,,国宝・重要文化財(美術品),重要文化財,書跡・典籍,日本,鎌倉,1943/06/09,,公益財団法人根津美術館,公益財団法人根津美術館,
港区,三田２丁目,-,東京都港区三田2-15-45,35.64923,139.7428,後鳥羽院御抄〈并／〉越部禅尼消息,,国宝・重要文化財(美術品),重要文化財,書跡・典籍,日本,南北朝,1974/06/08,,学校法人慶應義塾,学校法人慶應義塾,
港区,南青山６丁目,-,東京都港区南青山6-5-1,35.662251,139.717083,金光明最勝王経註釈〈巻第二断筒／（飯室切）〉,,国宝・重要文化財(美術品),重要文化財,書跡・典籍,日本,平安,1936/05/06,,公益財団法人根津美術館,公益財団法人根津美術館,
港区,南青山６丁目,-,東京都港区南青山6-5-1,35.66225,139.717,紺紙銀字華厳経巻第〓六〈（二月堂焼経）／〉,,国宝・重要文化財(美術品),重要文化財,書跡・典籍,日本,奈良,1944/09/05,,公益財団法人根津美術館,公益財団法人根津美術館,
港区,南青山６丁目,-,東京都港区南青山6-5-1,35.66225,139.717,金銅鉢,,国宝・重要文化財(美術品),重要文化財,工芸品,日本,奈良,1959/12/18,,公益財団法人根津美術館,公益財団法人根津美術館,
港区,南青山６丁目,-,東京都港区南青山6-5-1,35.66225,139.717,根本百一羯磨〈巻第六／〉,,国宝・重要文化財(美術品),国宝,書跡・典籍,日本,奈良,,1951/06/09,公益財団法人根津美術館,公益財団法人根津美術館,
港区,南青山６丁目,-,東京都港区南青山6-5-1,35.66225,139.717,嵯峨山蒔絵硯箱,,国宝・重要文化財(美術品),重要文化財,工芸品,日本,室町,1953/11/14,,公益財団法人根津美術館,公益財団法人根津美術館,
港区,三田２丁目,-,東京都港区三田2-15-45,35.64923,139.7428,相良家文書,,国宝・重要文化財(美術品),重要文化財,古文書,日本,鎌倉～江戸,1977/06/11,,学校法人慶應義塾,学校法人慶應義塾,
港区,南青山６丁目,-,東京都港区南青山6-5-1,35.66225,139.717,銹藍金絵絵替皿〈尾形乾山作／〉,,国宝・重要文化財(美術品),重要文化財,工芸品,日本,江戸,1987/06/06,,公益財団法人根津美術館,公益財団法人根津美術館,
港区,南青山６丁目,-,東京都港区南青山6-5-1,35.66225,139.717,子元祖元墨蹟（弘安三年中夏）,,国宝・重要文化財(美術品),重要文化財,書跡・典籍,中国・日本,南宋～鎌倉,1942/06/26,,公益財団法人根津美術館,公益財団法人根津美術館,
港区,南麻布５丁目,-,東京都台東区上野公園１３－９,35.652479,139.724183,即休契了墨蹟〈五言古詩／〉,,国宝・重要文化財(美術品),重要文化財,書跡・典籍,中国,元,1956/06/28,,東京国立博物館,独立行政法人国立文化財機構,
港区,南青山６丁目,-,東京都港区南青山6-5-1,35.66225,139.717,紙本淡彩山水図〈祥啓筆／〉,,国宝・重要文化財(美術品),重要文化財,絵画,日本,室町,1942/06/26,,公益財団法人根津美術館,公益財団法人根津美術館,
港区,赤坂９丁目,六本木,サントリー美術館　東京都港区赤坂9-7-4東京ミット゛タウンカ゛ーテ゛ンサイト゛,35.66684,139.7307,紙本著色三十六歌仙切〈（順）／佐竹家伝来〉,,国宝・重要文化財(美術品),重要文化財,絵画,日本,鎌倉,1936/05/06,,サントリー美術館,公益財団法人サントリー芸術財団,
港区,赤坂９丁目,六本木,サントリー美術館　東京都港区赤坂9-7-4東京ミット゛タウンカ゛ーテ゛ンサイト゛,35.66684,139.7307,紙本著色四季花鳥図〈／六曲屏風〉,,国宝・重要文化財(美術品),重要文化財,絵画,日本,室町,1984/06/06,,サントリー美術館,公益財団法人サントリー芸術財団,
港区,南青山６丁目,-,東京都港区南青山6-5-1,35.66225,139.717,紙本墨画淡彩山水図〈曽我紹仙筆／〉,,国宝・重要文化財(美術品),重要文化財,絵画,日本,室町,1959/06/27,,公益財団法人根津美術館,公益財団法人根津美術館,
港区,南青山６丁目,-,東京都港区南青山6-5-1,35.66225,139.717,宗峰妙超墨蹟（元亨壬戌）,,国宝・重要文化財(美術品),重要文化財,書跡・典籍,日本,鎌倉～南北朝,1942/06/26,,公益財団法人根津美術館,公益財団法人根津美術館,
港区,虎ノ門２丁目,虎ノ門,東京都港区虎ノ門2-10-3,35.666944,139.743311,寿老図六角皿〈尾形乾山作／尾形光琳画〉,,国宝・重要文化財(美術品),重要文化財,工芸品,日本,江戸,1939/05/27,,大倉集古館,公益財団法人大倉文化財団,
港区,南青山６丁目,-,東京都港区南青山6-5-1,35.66225,139.717,順正理論巻第六残巻,,国宝・重要文化財(美術品),重要文化財,書跡・典籍,日本,平安,1944/09/05,,公益財団法人根津美術館,公益財団法人根津美術館,
港区,虎ノ門２丁目,虎ノ門,港区虎ノ門2-10-3,35.666944,139.743311,徐公文集（宋刊本）,,国宝・重要文化財(美術品),重要文化財,書跡・典籍,中国,南宋,1949/02/18,,大倉集古館,公益財団法人大倉文化財団,
港区,南青山６丁目,-,東京都港区南青山6-5-1,35.66225,139.717,青磁花瓶,,国宝・重要文化財(美術品),重要文化財,工芸品,中国,南宋,1942/06/26,,公益財団法人根津美術館,公益財団法人根津美術館,
港区,南青山６丁目,-,東京都港区南青山6-5-1,35.66225,139.717,青磁筒花生〈銘大内筒／〉,,国宝・重要文化財(美術品),重要文化財,工芸品,中国,南宋,1954/03/20,,公益財団法人根津美術館,公益財団法人根津美術館,
港区,南青山６丁目,-,東京都港区南青山6-5-1,35.66225,139.717,石造浮彫十一面観音龕,,国宝・重要文化財(美術品),重要文化財,彫刻,中国,唐,1936/09/18,,公益財団法人根津美術館,公益財団法人根津美術館,
港区,虎ノ門２丁目,虎ノ門,港区虎ノ門2-10-3,35.666944,139.743311,宋版韓集挙正,,国宝・重要文化財(美術品),重要文化財,書跡・典籍,中国,南宋,1964/05/26,,大倉集古館,公益財団法人大倉文化財団,
港区,虎ノ門２丁目,虎ノ門,港区虎ノ門2-10-3,35.666944,139.743311,宋版大唐三蔵取経詩話（高山寺本）,,国宝・重要文化財(美術品),重要文化財,書跡・典籍,中国,南宋,1959/06/27,,大倉集古館,公益財団法人大倉文化財団,
港区,南青山６丁目,-,東京都港区南青山6-5-1,35.66225,139.717,双羊尊,,国宝・重要文化財(美術品),重要文化財,考古資料,中国,西周,1971/06/22,,財団法人根津美術館,財団法人根津美術館,
港区,赤坂９丁目,六本木,サントリー美術館　東京都港区赤坂9-7-4東京ミット゛タウンカ゛ーテ゛ンサイト゛,35.66684,139.7307,染付松樹文三脚皿〈鍋島／〉,,国宝・重要文化財(美術品),重要文化財,工芸品,日本,江戸,2000/12/04,,サントリー美術館,公益財団法人サントリー芸術財団,
港区,三田２丁目,-,東京都港区三田2-15-45,35.64923,139.7428,大かうさまくんきのうち〈太田牛一筆／〉,,国宝・重要文化財(美術品),重要文化財,書跡・典籍,日本,江戸,1974/06/08,,学校法人慶應義塾,学校法人慶應義塾,
港区,南青山６丁目,-,東京都港区南青山6-5-1,35.66225,139.717,大乗掌珍論〈巻上残巻／〉,,国宝・重要文化財(美術品),重要文化財,書跡・典籍,日本,奈良,1944/09/05,,公益財団法人根津美術館,公益財団法人根津美術館,
港区,南青山６丁目,-,東京都港区南青山6-5-1,35.66225,139.717,大乗法界無差別論疏〈成弁筆／〉,,国宝・重要文化財(美術品),重要文化財,書跡・典籍,日本,鎌倉,1961/02/17,,公益財団法人根津美術館,公益財団法人根津美術館,
港区,南青山６丁目,-,東京都港区南青山6-5-1,35.66225,139.717,大唐内典録〈巻第九　第十残巻／〉,,国宝・重要文化財(美術品),重要文化財,書跡・典籍,日本,奈良,1949/05/30,,公益財団法人根津美術館,公益財団法人根津美術館,
港区,南青山６丁目,-,東京都港区南青山6-5-1,35.66225,139.717,大般若経巻五十七残巻,,国宝・重要文化財(美術品),重要文化財,書跡・典籍,日本,奈良,1944/09/05,,公益財団法人根津美術館,公益財団法人根津美術館,
港区,南青山６丁目,-,東京都港区南青山6-5-1,35.66225,139.717,大般若経巻第二十三,,国宝・重要文化財(美術品),重要文化財,書跡・典籍,日本,奈良,1931/12/14,,公益財団法人根津美術館,公益財団法人根津美術館,
港区,南青山６丁目,-,東京都港区南青山6-5-1,35.66225,139.717,大般若経巻第二百六十七,,国宝・重要文化財(美術品),重要文化財,書跡・典籍,日本,奈良,1944/09/05,,公益財団法人根津美術館,公益財団法人根津美術館,
港区,虎ノ門２丁目,虎ノ門,港区虎ノ門2-10-3,35.666944,139.743311,短刀〈銘則重／〉,,国宝・重要文化財(美術品),重要文化財,工芸品,日本,鎌倉,1931/01/19,,大倉集古館,公益財団法人大倉文化財団,
港区,南青山６丁目,-,東京都港区南青山6-5-1,35.66225,139.717,註楞伽経〈巻第七／〉,,国宝・重要文化財(美術品),重要文化財,書跡・典籍,日本,奈良,1931/12/14,,公益財団法人根津美術館,公益財団法人根津美術館,
港区,虎ノ門２丁目,虎ノ門,東京都港区虎ノ門2-10-3,35.666944,139.743311,長生殿蒔絵手筥,,国宝・重要文化財(美術品),重要文化財,工芸品,日本,鎌倉,1933/01/23,,大倉集古館,公益財団法人大倉文化財団,
港区,三田２丁目,-,東京都港区三田2-15-45,35.64923,139.7428,対馬宗家関係資料,,国宝・重要文化財(美術品),重要文化財,歴史資料,日本,江戸～明治,2008/07/10,,学校法人慶應義塾,学校法人慶應義塾,
港区,虎ノ門２丁目,虎ノ門,港区虎ノ門2-10-3,35.666944,139.743311,東大寺文書〈（二十四通）／六曲屏風〉,,国宝・重要文化財(美術品),重要文化財,古文書,日本,奈良～鎌倉,1960/06/09,,大倉集古館,公益財団法人大倉文化財団,
港区,南青山６丁目,-,東京都港区南青山6-5-1,35.66225,139.717,饕餮〓鳳文〓〈図形文字一／〉,,国宝・重要文化財(美術品),重要文化財,考古資料,中国,殷,1969/06/20,,財団法人根津美術館,財団法人根津美術館,
港区,南青山６丁目,-,東京都港区南青山6-5-1,35.66225,139.717,饕餮〓鳳文方彝〈文字六／〉,,国宝・重要文化財(美術品),重要文化財,考古資料,中国,西周,1970/05/25,,財団法人根津美術館,,
港区,南青山６丁目,-,東京都港区南青山6-5-1,35.66225,139.717,饕餮〓竜文尊〈図形文字一／〉,,国宝・重要文化財(美術品),重要文化財,考古資料,中国,殷,1969/06/20,,財団法人根津美術館,財団法人根津美術館,
港区,南青山６丁目,-,東京都港区南青山6-5-1,35.66225,139.717,饕餮文〓〈図形文字一／〉,,国宝・重要文化財(美術品),重要文化財,考古資料,中国,殷,1969/06/20,,財団法人根津美術館,財団法人根津美術館,
港区,南青山６丁目,-,東京都港区南青山6-5-1,35.66225,139.717,饕餮文方〓〈文字一／〉,,国宝・重要文化財(美術品),重要文化財,考古資料,中国,殷,1969/06/20,,財団法人根津美術館,財団法人根津美術館,
港区,南青山６丁目,-,東京都港区南青山6-5-1,35.66225,139.717,内大臣殿歌合〈／元永二年七月〉,,国宝・重要文化財(美術品),重要文化財,書跡・典籍,日本,平安,1936/05/06,,公益財団法人根津美術館,公益財団法人根津美術館,
港区,麻布台１丁目,虎ノ門,外務省外交史料館　東京都港区麻布台1-5-3,35.66122,139.7394,日英修好通商条約,,国宝・重要文化財(美術品),重要文化財,歴史資料,日本,江戸,1997/06/30,,外務省外交史料館,国（外務省外交史料館）,
港区,麻布台１丁目,虎ノ門,外務省外交史料館　東京都港区麻布台1-5-3,35.66122,139.7394,日仏修好通商条約,,国宝・重要文化財(美術品),重要文化財,歴史資料,日本,江戸,1997/06/30,,外務省外交史料館,国（外務省外交史料館）,
港区,麻布台１丁目,虎ノ門,外務省外交史料館　東京都港区麻布台1-5-3,35.66122,139.7394,日米修好通商条約,,国宝・重要文化財(美術品),重要文化財,歴史資料,日本,江戸,1997/06/30,,外務省外交史料館,国（外務省外交史料館）,
港区,麻布台１丁目,虎ノ門,外務省外交史料館　東京都港区麻布台1-5-3,35.66122,139.7394,日米条約調印書〈／安政四年五月二十六日〉,,国宝・重要文化財(美術品),重要文化財,歴史資料,日本,江戸,1997/06/30,,外務省外交史料館,国（外務省外交史料館）,
港区,麻布台１丁目,虎ノ門,外務省外交史料館　東京都港区麻布台1-5-3,35.66122,139.7394,日米和親条約批准書交換証書〈／安政二年正月五日〉,,国宝・重要文化財(美術品),重要文化財,歴史資料,日本,江戸,1997/06/30,,外務省外交史料館,国（外務省外交史料館）,
港区,南青山６丁目,-,東京都港区南青山6-5-1,35.66225,139.717,鼠志野亀甲文茶碗（山端）,,国宝・重要文化財(美術品),重要文化財,工芸品,日本,桃山,2002/06/26,,公益財団法人根津美術館,公益財団法人根津美術館,
港区,南青山６丁目,-,東京都港区南青山6-5-1,35.66225,139.717,花白河蒔絵硯箱,,国宝・重要文化財(美術品),重要文化財,工芸品,日本,室町,1953/03/31,,公益財団法人根津美術館,公益財団法人根津美術館,
港区,南青山６丁目,-,東京都港区南青山6-5-1,35.66225,139.717,不空三蔵表制集巻第五,,国宝・重要文化財(美術品),重要文化財,書跡・典籍,日本,平安,2005/06/09,,公益財団法人根津美術館,公益財団法人根津美術館,
港区,赤坂９丁目,六本木,サントリー美術館　東京都港区赤坂9-7-4東京ミット゛タウンカ゛ーテ゛ンサイト゛,35.66684,139.7307,浮線綾螺鈿蒔絵手箱,,国宝・重要文化財(美術品),国宝,工芸品,日本,鎌倉,1937/05/25,1964/05/26,サントリー美術館,公益財団法人サントリー芸術財団,
港区,南青山６丁目,-,東京都港区南青山6-5-1,35.66225,139.717,宝相華銀平文袈裟箱,,国宝・重要文化財(美術品),重要文化財,工芸品,日本,平安,1954/03/20,,公益財団法人根津美術館,公益財団法人根津美術館,
港区,南青山６丁目,-,東京都港区南青山6-5-1,35.66225,139.717,丸壺茶入（相坂）〈瀬戸／〉,,国宝・重要文化財(美術品),重要文化財,工芸品,日本,室町～桃山時代,2004/06/08,,公益財団法人根津美術館,公益財団法人根津美術館,
港区,南青山６丁目,-,東京都港区南青山6-5-1,35.66225,139.717,明極楚俊墨蹟（元徳二年仲春上澣五日）,,国宝・重要文化財(美術品),重要文化財,書跡・典籍,中国,元,1942/06/26,,公益財団法人根津美術館,公益財団法人根津美術館,
港区,南青山６丁目,-,東京都港区南青山6-5-1,35.66225,139.717,明染付花卉文大皿,,国宝・重要文化財(美術品),重要文化財,工芸品,中国,明,1954/03/20,,公益財団法人根津美術館,公益財団法人根津美術館,
港区,三田２丁目,-,東京都港区三田2-15-45,35.64923,139.7428,武蔵国日吉矢上古墳出土品,,国宝・重要文化財(美術品),重要文化財,考古資料,日本,古墳,1940/05/03,,学校法人慶應義塾,学校法人慶應義塾,
港区,南青山６丁目,-,東京都港区南青山6-5-1,35.66225,139.717,無量義経（裝飾経）,,国宝・重要文化財(美術品),国宝,書跡・典籍,日本,平安,,1975/06/12,公益財団法人根津美術館,公益財団法人根津美術館,
港区,南青山６丁目,-,東京都港区南青山6-5-1,35.66225,139.717,木造地蔵菩薩立像,,国宝・重要文化財(美術品),重要文化財,彫刻,日本,平安,2003/05/29,,公益財団法人根津美術館,公益財団法人根津美術館,
港区,南青山６丁目,-,東京都港区南青山6-5-1,35.66225,139.717,竜巖徳真墨蹟〈与無夢一清偈／至順二年辛未重陽後十日〉,,国宝・重要文化財(美術品),重要文化財,書跡・典籍,中国,元,1954/03/20,,公益財団法人根津美術館,公益財団法人根津美術館,
港区,南麻布１丁目,-,東京都台東区上野公園13-9,35.65154,139.732,紙本淡彩前後赤壁図〈池大雅筆／寛延二年五月の年記がある／六曲屏風〉,,国宝・重要文化財(美術品),重要文化財,絵画,日本,江戸,1989/06/12,,東京国立博物館文化庁分室,国（文化庁）,
港区,南青山６丁目,-,東京都港区南青山6-5-1,35.66225,139.717,紙本淡彩山水図〈伝周文筆／〉,,国宝・重要文化財(美術品),重要文化財,絵画,日本,室町,1943/06/09,,公益財団法人根津美術館,公益財団法人根津美術館,
港区,南青山６丁目,-,東京都港区南青山6-5-1,35.66225,139.717,紙本淡彩観瀑図,,国宝・重要文化財(美術品),重要文化財,絵画,日本,室町,1949/02/18,,公益財団法人根津美術館,公益財団法人根津美術館,
港区,南青山６丁目,-,東京都港区南青山6-5-1,35.66225,139.717,紙本墨画漁村夕照図〈伝牧谿筆／〉,,国宝・重要文化財(美術品),国宝,絵画,日本,南宋,,1954/03/20,公益財団法人根津美術館,公益財団法人根津美術館,
港区,南青山６丁目,-,東京都港区南青山6-5-1,35.66225,139.717,紙本墨画風雨山水図,,国宝・重要文化財(美術品),重要文化財,絵画,中国,南宋,1959/06/27,,公益財団法人根津美術館,公益財団法人根津美術館,
港区,南青山６丁目,-,東京都港区南青山6-5-1,35.66225,139.717,紙本著色瓜虫図〈呂敬甫筆／自賛がある〉,,国宝・重要文化財(美術品),重要文化財,絵画,中国,元,1959/06/27,,公益財団法人根津美術館,公益財団法人根津美術館,
港区,南青山６丁目,-,東京都港区南青山6-5-1,35.66225,139.717,紙本金地著色藤花図〈円山応挙筆／六曲屏風〉,,国宝・重要文化財(美術品),重要文化財,絵画,日本,江戸,1970/05/25,,公益財団法人根津美術館,公益財団法人根津美術館,
港区,南青山６丁目,-,東京都港区南青山6-5-1,35.66225,139.717,銅造〈釈迦如来／多宝如来〉並坐像,,国宝・重要文化財(美術品),重要文化財,彫刻,中国,北魏,1979/06/06,,公益財団法人根津美術館,公益財団法人根津美術館,
港区,南青山６丁目,-,東京都港区南青山6-5-1,35.66225,139.717,紙本金地著色燕子花図〈尾形光琳筆／六曲屏風〉,,国宝・重要文化財(美術品),国宝,絵画,日本,江戸,,1951/06/09,公益財団法人根津美術館,公益財団法人根津美術館,
港区,南青山６丁目,-,東京都港区南青山6-5-1,35.66225,139.717,紙本墨画禅機図断簡〈因陀羅筆／（布袋図）〉,,国宝・重要文化財(美術品),国宝,絵画,中国,元,,1953/11/14,公益財団法人根津美術館,公益財団法人根津美術館,
港区,南青山６丁目,-,東京都港区南青山6-5-1,35.66225,139.717,紙本著色絵過去現在因果経〈巻第二／〉,,国宝・重要文化財(美術品),重要文化財,絵画,日本,鎌倉,1931/01/19,,公益財団法人根津美術館,公益財団法人根津美術館,
港区,南青山６丁目,-,東京都港区南青山6-5-1,35.66225,139.717,紙本著色天狗草紙,,国宝・重要文化財(美術品),重要文化財,絵画,日本,鎌倉,1942/06/26,,公益財団法人根津美術館,公益財団法人根津美術館,
港区,南青山６丁目,-,東京都港区南青山6-5-1,35.66225,139.717,紙本著色十二因縁絵巻,,国宝・重要文化財(美術品),重要文化財,絵画,日本,鎌倉,1942/06/26,,公益財団法人根津美術館,公益財団法人根津美術館,
港区,南青山６丁目,-,台東区上野公園１３－９,35.662251,139.717083,紙本淡彩帰郷省親図,,国宝・重要文化財(美術品),重要文化財,絵画,日本,室町,1941/07/03,,東京国立博物館,公益財団法人常盤山文庫,
港区,赤坂９丁目,六本木,サントリー美術館　東京都港区赤坂9-7-4東京ミット゛タウンカ゛ーテ゛ンサイト゛,35.66684,139.7307,紙本墨画善教房絵詞,,国宝・重要文化財(美術品),重要文化財,絵画,日本,室町,1934/01/30,,サントリー美術館,公益財団法人サントリー芸術財団,
港区,赤坂９丁目,六本木,サントリー美術館　東京都港区赤坂9-7-4東京ミット゛タウンカ゛ーテ゛ンサイト゛,35.66684,139.7307,紙本金地著色泰西王侯騎馬図〈／四曲屏風〉,,国宝・重要文化財(美術品),重要文化財,絵画,日本,桃山,1959/06/27,,サントリー美術館,公益財団法人サントリー芸術財団,
港区,赤坂９丁目,六本木,サントリー美術館　東京都港区赤坂9-7-4東京ミット゛タウンカ゛ーテ゛ンサイト゛,35.66684,139.7307,紙本金地著色南蛮人渡来図〈／六曲屏風〉,,国宝・重要文化財(美術品),重要文化財,絵画,日本,江戸,1996/06/27,,サントリー美術館,公益財団法人サントリー芸術財団,
港区,虎ノ門２丁目,虎ノ門,東京都港区虎ノ門2-10-3,35.66694,139.7433,石造如来立像,,国宝・重要文化財(美術品),重要文化財,彫刻,日本,北魏,1959/12/18,,財団法人大倉文化財団,財団法人大倉文化財団,
港区,高輪２丁目,-,港区高輪二丁目,35.63741,139.7357,浅野長矩墓および赤穂義士墓,,史跡名勝天然記念物,史跡,,,,1922/03/08,,,,
港区,三田４丁目,-,港区三田四丁目,35.64413,139.7376,荻生徂徠墓,,史跡名勝天然記念物,史跡,,,,1949/07/13,,,,
港区,海岸１丁目,-,港区海岸一丁目,35.65486,139.7586,旧芝離宮庭園,,史跡名勝天然記念物,名勝,,,,1979/06/25,,,,
港区,白金台５丁目,-,"港区白金台五丁目
品川区上大崎二丁目",35.63866,139.7193,旧白金御料地,,史跡名勝天然記念物,天然記念物,史跡,,,1949/04/12,,,,
港区,東新橋１丁目,虎ノ門広域,港区東新橋一丁目,35.66597,139.7614,旧新橋停車場跡,,史跡名勝天然記念物,史跡,,,,1965/05/12,,,,
港区,六本木７丁目,六本木,港区六本木七丁目,35.66358,139.7314,佐藤一斎墓,,史跡名勝天然記念物,史跡,,,,1949/07/13,,,,
港区,台場１丁目,-,港区台場一丁目,35.63354,139.772,品川台場,,史跡名勝天然記念物,史跡,,,,1926/10/20,,,,
港区,元麻布１丁目,-,港区元麻布一丁目,35.65325,139.7332,善福寺のイチョウ,,史跡名勝天然記念物,天然記念物,,,,1926/10/20,,,,
港区,高輪２丁目,-,港区高輪二丁目,35.63951,139.7406,高輪大木戸跡,,史跡名勝天然記念物,史跡,,,,1928/02/07,,,,
港区,高輪３丁目,-,東京都港区,35.63423,139.7351,東禅寺,,史跡名勝天然記念物,史跡,,,近世,2010/02/22,,,,
港区,元麻布３丁目,-,東京都港区,35.65671,139.7305,菊池氏茶室（■(石偏に間)居）庭園,,登録記念物,登録記念物（名勝地関係）,,,昭和40年,2017/02/09,,,,
港区,虎ノ門２丁目,虎ノ門,東京都港区虎ノ門2-10-3,35.66707,139.7433,大倉集古館陳列館,,登録有形文化財(建造物),文化福祉,建築物,,昭和前,1998/09/02,,,財団法人大倉文化財団,
港区,虎ノ門５丁目,虎ノ門,東京都港区虎ノ門5-6-6,35.66286,139.7423,大橋茶寮表門,,登録有形文化財(建造物),産業3次,その他工作,,昭和中,2006/08/03,,,,
港区,虎ノ門５丁目,虎ノ門,東京都港区虎ノ門5-6-6,35.66289,139.7421,大橋茶寮茶室葵,,登録有形文化財(建造物),産業3次,建築物,,昭和中,2006/08/03,,,,
港区,虎ノ門５丁目,虎ノ門,東京都港区虎ノ門5-6-6,35.66279,139.7421,大橋茶寮茶室桂,,登録有形文化財(建造物),産業3次,建築物,,昭和中,2006/08/03,,,,
港区,虎ノ門５丁目,虎ノ門,東京都港区虎ノ門5-6-6,35.66275,139.7423,大橋茶寮茶室守貧庵,,登録有形文化財(建造物),産業3次,建築物,,昭和中,2006/08/03,,,,
港区,虎ノ門５丁目,虎ノ門,東京都港区虎ノ門5-6-6,35.66281,139.7423,大橋茶寮茶室如庵写,,登録有形文化財(建造物),産業3次,建築物,,昭和中,2006/08/03,,,,
港区,虎ノ門５丁目,虎ノ門,東京都港区虎ノ門5-6-6,35.66289,139.7423,大橋茶寮茶室山吹,,登録有形文化財(建造物),産業3次,建築物,,昭和中,2006/08/03,,,,
港区,虎ノ門５丁目,虎ノ門,東京都港区虎ノ門5-6-6,35.66282,139.7422,大橋茶寮中門,,登録有形文化財(建造物),産業3次,その他工作,,昭和中,2006/08/03,,,,
港区,虎ノ門５丁目,虎ノ門,東京都港区虎ノ門5-6-6,35.66275,139.7422,大橋茶寮不老門,,登録有形文化財(建造物),産業3次,その他工作,,昭和中,2006/08/03,,,,
港区,虎ノ門５丁目,虎ノ門,東京都港区虎ノ門5-6-6,35.66275,139.7423,大橋茶寮塀,,登録有形文化財(建造物),産業3次,その他工作,,昭和中,2006/08/03,,,,
港区,虎ノ門４丁目,虎ノ門,東京都港区虎ノ門4-1-35,35.66597,139.7442,菊池寛実記念智美術館別館,,登録有形文化財(建造物),住宅,建築物,,大正,2003/12/01,,,株式会社南悠商社,
港区,三田４丁目,-,東京都港区三田4-8-19,35.64261,139.7382,キリスト友会フレンズセンター,,登録有形文化財(建造物),宗教,建築物,,大正,2005/12/26,,,宗教法人キリスト友会日本年会,
港区,芝公園１丁目,-,東京都港区芝公園1-8-16,35.65724,139.751,廣度院表門及び練塀,,登録有形文化財(建造物),宗教,その他工作,,江戸,1998/12/11,,,廣度院,
港区,六本木５丁目,六本木,東京都港区六本木5-11-16,35.65852,139.7333,国際文化会館本館,,登録有形文化財(建造物),文化福祉,建築物,,昭和中,2006/08/03,,,公益財団法人国際文化会館,
港区,芝公園１丁目,-,東京都港区芝公園1-8-9,35.65763,139.752,常照院本堂内陣,,登録有形文化財(建造物),宗教,建築物,,江戸,2001/11/20,,,宗教法人常照院,
港区,東麻布１丁目,-,東京都港区東麻布1-1-5,35.65802,139.7443,心光院表門,,登録有形文化財(建造物),宗教,建築物,,江戸,2001/11/20,,,宗教法人心光院,
港区,東麻布１丁目,-,東京都港区東麻布一丁目1-1,35.65815,139.7444,心光院本堂,,登録有形文化財(建造物),宗教,建築物,,昭和中,2017/05/02,,,宗教法人心光院,
港区,港南４丁目,-,東京都港区港南4-5-7,35.62512,139.7491,東京水産大学雲鷹丸,,登録有形文化財(建造物),その他,その他工作,,明治,1998/12/11,,,国立大学法人東京海洋大学,
港区,芝公園４丁目,-,東京都港区芝公園4-407-6,35.65857,139.7454,東京タワー,,登録有形文化財(建造物),産業3次,その他工作物,,昭和中,2013/06/21,,,株式会社 東京タワー,
港区,虎ノ門１丁目,虎ノ門,東京都港区虎ノ門1-21,35.668222,139.750691,虎ノ門大坂屋砂場店舗,,登録有形文化財(建造物),産業3次,建築物,,大正,2011/07/25,,,,
港区,新橋２丁目,虎ノ門広域,東京都港区新橋2-5-2,35.66794,139.7561,堀商店,,登録有形文化財(建造物),産業3次,建築物,,昭和前,1998/04/21,,,,
港区,白金台２丁目,-,東京都港区白金台2-6-11,35.63584,139.7304,三菱電機高輪荘蔵,,登録有形文化財(建造物),住宅,建築物,,昭和前,2000/12/04,,,三菱電機株式会社,
港区,白金台２丁目,-,東京都港区白金台2-6-11,35.63579,139.7306,三菱電機高輪荘主屋,,登録有形文化財(建造物),住宅,建築物,,昭和前,2000/12/04,,,三菱電機株式会社,
港区,白金台２丁目,-,東京都港区白金台2-6-11,35.63574,139.7304,三菱電機高輪荘洋館,,登録有形文化財(建造物),住宅,建築物,,昭和前,2000/12/04,,,三菱電機株式会社,
港区,芝公園４丁目,-,東京都港区芝公園4-9-8,35.65396,139.7468,妙定院上土蔵,,登録有形文化財(建造物),宗教,建築物,,江戸,2001/11/20,,,宗教法人妙定院,
港区,芝公園４丁目,-,東京都港区芝公園4-9-8,35.65389,139.7468,妙定院熊野堂,,登録有形文化財(建造物),宗教,建築物,,江戸,2001/11/20,,,宗教法人妙定院,
港区,芝浦１丁目,-,東京都中央区京橋2-16-1,35.64923,139.7561,彩色設計図集,,登録有形文化財(美術品),歴史資料,,日本,明治～大正,2011/06/27,,清水建設株式会社,清水建設株式会社,
江東区,富岡１丁目,-,東京都江東区富岡一丁目,35.67185,139.8006,旧弾正橋（八幡橋）,,国宝・重要文化財(建造物),重要文化財,近代／産業・交通・土木,,明治,1977/06/27,,,東京都江東区,
江東区,越中島２丁目,-,東京都江東区越中島二丁目1番6号東京海洋大学構内,35.66659,139.7931,明治丸,,国宝・重要文化財(建造物),重要文化財,近代／産業・交通・土木,,明治,1978/05/31,,,国立大学法人東京海洋大学,
江東区,白河１丁目,-,江東区白河一丁目,35.68152,139.7998,松平定信墓,,史跡名勝天然記念物,史跡,,,,1928/01/18,,,,
江東区,門前仲町１丁目,-,東京都江東区門前仲町1-19-15,35.67407,139.7949,旧東京市深川食堂,,登録有形文化財(建造物),文化福祉,建築物,,昭和前,2008/07/08,,,江東区,
江東区,越中島２丁目,-,東京都江東区越中島2-1-6,35.66817,139.7911,東京商船大学１号館,,登録有形文化財(建造物),学校,建築物,,昭和前,1997/12/12,,,国立大学法人東京海洋大学,
江東区,越中島２丁目,-,東京都江東区越中島2-1-6,35.66869,139.7909,東京商船大学旧天体観測所（第一観測台）,,登録有形文化財(建造物),学校,建築物,,明治,1997/12/12,,,国立大学法人東京海洋大学,
江東区,越中島２丁目,-,東京都江東区越中島2-1-6,35.66885,139.7911,東京商船大学旧天体観測所（第二観測台）,,登録有形文化財(建造物),学校,建築物,,明治,1997/12/12,,,国立大学法人東京海洋大学,
江東区,越中島２丁目,-,東京都江東区越中島2-1-6,35.66824,139.7904,東京商船大学事務局管理棟,,登録有形文化財(建造物),学校,建築物,,昭和前,1997/12/12,,,国立大学法人東京海洋大学,
江東区,越中島２丁目,-,東京都江東区越中島2-1-6,35.6666,139.7931,東京商船大学２号館,,登録有形文化財(建造物),学校,建築物,,昭和前,1997/12/12,,,国立大学法人東京海洋大学,
港区,赤坂４丁目,赤坂,東京都港区赤坂四丁目10番36号,35.51067,140.427,武家屋敷門,,国宝・重要文化財(建造物),重要文化財,近世以前／住宅,,江戸末期,1947/02/26,,,学校法人山脇学園,
千代田区,北の丸公園,-,東京都千代田区北の丸公園３－１,38.77279,139.7671,絹本著色王昭君図〈菱田春草筆／〉,,国宝・重要文化財(美術品),重要文化財,絵画,日本,明治,1982/06/05,,東京国立近代美術館,善寶寺,
中央区,銀座８丁目,-,東京都中央区銀座8－10－3　銀座三鈴ビル,35.18131,136.97,石帆惟衍墨蹟,,国宝・重要文化財(美術品),重要文化財,書跡・典籍,中国,南宋,1955/02/02,,みずたに美術株式会社,みずたに美術株式会社,
中央区,日本橋３丁目,日八京,東京都中央区日本橋3-7-9,35.31312,139.4921,大唐三蔵玄弉法師表啓,,国宝・重要文化財(美術品),重要文化財,書跡・典籍,日本,奈良,1931/01/19,,株式会社瀬津雅陶堂,株式会社瀬津雅陶堂,
中央区,銀座８丁目,-,東京都中央区銀座8－10－3　銀座三鈴ビル,35.18131,136.97,達磨大師安心法門（絹本）〈石溪心月筆／〉,,国宝・重要文化財(美術品),重要文化財,書跡・典籍,中国,南宋,1978/06/15,,みずたに美術株式会社,みずたに美術株式会社,
港区,南青山６丁目,-,東京都港区南青山6-5-1,34.69539,135.7567,紙本墨画竹雀図,,国宝・重要文化財(美術品),重要文化財,絵画,中国,南宋,1943/06/09,,公益財団法人根津美術館,公益財団法人根津美術館,
港区,赤坂９丁目,六本木,東京都港区赤坂９－７－４,35.01486,135.7905,紙本著色病草紙断簡（不眠の女）,,国宝・重要文化財(美術品),重要文化財,絵画,日本,鎌倉,1981/06/09,,サントリー美術館,公益財団法人サントリー芸術財団,
千代田区,北の丸公園,-,東京都千代田区北の丸公園３－１,35.6904648,139.752302,風蕭々兮易水寒,,登録美術品,絵画,,日本,昭和時代,2018/06/12,,独立行政法人国立美術館　東京国立近代美術館,,
千代田区,北の丸公園,-,東京都千代田区北の丸公園３－１,35.6904648,139.752302,木花之佐久夜毘売,,登録美術品,絵画,,日本,昭和時代,2019/05/14,,独立行政法人国立美術館　東京国立近代美術館,,
新宿区,中井２丁目,-,東京都新宿区中井2-1981-1,35.7172301,139.681949,栗原家住宅門柱及び塀,,登録有形文化財(建造物),住宅,その他工作物,,昭和前,2015/03/26,,,,
