指標名,国際会議,,,,,,,,,,,
出典,日本政府観光局（JNTO）,,,,,,,,,,,
年次,2019年,,,,,,,,,,,
URL,https://mice.jnto.go.jp/documents/statistics.html,,,,,,,,,,,
備考,（2018年：164件、2019年：110件）,,,,,,,,,,,
,,,,,,,,,,,,
区,町丁,エリア,住所,緯度,経度,施設名,会議名,期間（2019年）,"参加国数
（日本含）",外国人参加者数,国内 参加者数,参加者総数
中央区,日本橋室町２丁目,日八京,"2-chome-2-1 Nihonbashimuromachi, Chuo City, Tokyo 103-0022, Japan",35.686673,139.774382,Health 2.0 Japan Conference,日本橋三井ホール,"12/09～
12/10",4,10,71,81
中央区,京橋３丁目,日八京,"3-chome-1-1 Kyōbashi, Chuo City, Tokyo 104-0031, Japan",35.676097,139.768709,"第3回日本循環器学会基礎研究フォーラム
(BCVR2019)",東京コンベンションホール,"09/06～
09/08",10,30,370,400
中央区,日本橋１丁目,日八京,"Japan, 〒103-0027 Tokyo, Chuo City, Nihonbashi, 1-chome-3-13 東京建物日本橋ﾋﾞﾙ 2 F",35.683007,139.773329,第36回日本TDM学会学術大会,コングレスクエア日本橋,"05/25～
05/26",3,2,798,800
千代田区,内幸町１丁目,-,"1-chome-1-1 Uchisaiwaichō, Chiyoda City, Tokyo 100-8558, Japan",35.67247,139.75758,"ARES国際不動産投資フォーラム2019
（講演）",帝国ホテル東京,"03/08～
03/08",12,44,1199,1243
千代田区,内幸町１丁目,-,"1-chome-1-1 Uchisaiwaichō, Chiyoda City, Tokyo 100-8558, Japan",35.67247,139.75758,台風に関するハイレベル東京会議、熱帯低気圧RSMC東京センター30周年記念式典,帝国ホテル東京,"10/10～
10/11",16,29,35,64
千代田区,内幸町１丁目,-,"1-chome-1-1 Uchisaiwaichō, Chiyoda City, Tokyo 100-8558, Japan",35.67247,139.75758,第45回日本･ASEAN経営者会議,帝国ホテル東京,"12/12～
12/14",8,99,87,186
千代田区,飯田橋１丁目,-,"1-chome-1-1 Iidabashi, Chiyoda City, Tokyo 102-0072, Japan",35.697353,139.750061,G20首席農業研究者会議,ホテルグランドパレス,"04/25～
04/26",22,70,25,95
千代田区,霞が関１丁目,虎ノ門広域,"1-chome-1-1 Kasumigaseki, Chiyoda City, Tokyo 100-8977, Japan",35.675836,139.754734,刑事政策公開講演会,法務省,"01/25～
01/25",9,11,128,139
千代田区,有楽町１丁目,大丸有,"1-chome-1-2 Yūrakuchō, Chiyoda City, Tokyo 100-0006, Japan",35.67364,139.759171,G20新潟農業大臣会合 第1回準備会合,東京ミッドタウン日比谷,"03/05～
03/07",32,92,30,122
千代田区,丸の内１丁目,大丸有,"1-chome-5-1 Marunouchi, Chiyoda City, Tokyo 100-6590, Japan",35.682621,139.764244,Fintech & Regtech Summit（シンポジウム、講演）,丸の内ビルディング･大手町ビル,"09/03～
09/06",17,145,1707,1852
千代田区,丸の内１丁目,大丸有,"1-chome-7-12 Marunouchi, Chiyoda City, Tokyo 100-0005, Japan",35.683718,139.768611,第11回IHRA会議,サピアタワー,"11/28～
11/29",12,31,69,100
千代田区,有楽町１丁目,大丸有,"1-chome-8-1 Yūrakuchō, Chiyoda City, Tokyo 100-0006, Japan",35.674759,139.76047,Asia Pacific Mergers and Acquisitions Conference,ザ・ペニンシュラ東京,"11/25～
11/26",12,32,21,53
千代田区,九段南２丁目,-,"2-chome-1-5 Kudanminami, Chiyoda City, Tokyo 102-0074, Japan",35.692655,139.747043,G20首席農業研究者会議(MACS)関連｢持続可能な農業のための気候変動対応技術･農法の導入･拡大に関する国際ワークショップ｣,農林水産省三番町共用会議所,"11/05～
11/07",14,21,37,58
千代田区,霞が関２丁目,虎ノ門広域,"2-chome-2-1 Kasumigaseki, Chiyoda City, Tokyo 100-8919, Japan",35.674181,139.749949,OSCEアジア共催会議,外務省,"09/02～
09/03",37,80,20,100
千代田区,永田町２丁目,赤坂,"2-chome-2-1 Nagatachō, Chiyoda City, Tokyo 100-0014, Japan",35.674371,139.742931,直訳:第4回アジア太平洋水フォーラム (APWF)第1回合同執行委員会会議,衆議院第一議員会館,"06/04～
06/04",5,4,90,94
千代田区,平河町２丁目,-,"2-chome-4-1 Hirakawachō, Chiyoda City, Tokyo 102-0093, Japan",35.681141,139.738828,第26回TAFISAワールドコングレス,都市センターホテル,"11/13～
11/16",80,200,200,400
千代田区,霞が関３丁目,虎ノ門広域,"3-chome-2-2 Kasumigaseki, Chiyoda City, Tokyo 100-8959, Japan",35.671397,139.748624,第16回持続可能な開発目標達成に向けた国際教育協力日本フォーラム｢持続可能な成長を担う次世代の教育の現状と課題 -乳幼児期を中心に-｣,文部科学省,"02/22～
02/22",4,25,138,163
千代田区,丸の内３丁目,大丸有,"3-chome-5-1 Marunouchi, Chiyoda City, Tokyo 100-0005, Japan",35.676743,139.763753,第５２回原産年次大会「原子力のポテンシャルを最大限に引き出すには」,東京国際フォーラム,"04/09～
04/10",30,80,730,810
千代田区,丸の内３丁目,大丸有,"3-chome-5-1 Marunouchi, Chiyoda City, Tokyo 100-0005, Japan",35.676743,139.763753,NIMS WEEK 2019 NIMS学術シンポジウム、NIMS Award 2019授賞式/受賞記念講演,東京国際フォーラム,"10/30～
10/30",5,6,699,705
千代田区,丸の内３丁目,大丸有,"3-chome-5-1 Marunouchi, Chiyoda City, Tokyo 100-0005, Japan",35.676743,139.763753,第40回 日本肥満学会、第37回 日本肥満症治療学会学術集会,東京国際フォーラム,"11/02～
11/03",6,14,1836,1850
千代田区,紀尾井町,赤坂,"7-1 Kioichō, Chiyoda City, Tokyo 102-8554, Japan",35.683563,139.732589,第15回 ASEFクラスルーム･ネットワーク会議,上智大学,"11/25～
11/29",51,60,20,80
千代田区,有楽町２丁目,大丸有,"Japan, 〒100-0006 Tokyo, Chiyoda City, Yūrakuchō, 2-chome-5-1 有楽町ﾏﾘｵﾝ 11F",35.673634,139.763075,第44回日本香粧品学会,有楽町朝日ホール,"06/28～
06/29",3,55,501,556
千代田区,内幸町２丁目,-,"Japan, 〒100-0011 Tokyo, Chiyoda City, Uchisaiwaichō, 2-chome-1-1 飯野ﾋﾞﾙﾃﾞｨﾝｸﾞ",35.670921,139.75267,｢国連海洋科学の10年｣北太平洋地域計画会合,イイノホール&カンファレンスセンター,"07/31～
08/02",18,100,60,160
千代田区,霞が関１丁目,虎ノ門広域,"Japan, 〒100-0013 Tokyo, Chiyoda City, Kasumigaseki, 1-chome-1-3 弁護士会館 15階",35.674319,139.753628,英国家族法バリスターによるシンポジウム｢子の最善の利益と司法の役割｣,日本弁護士連合会,"10/17～
10/17",5,10,80,90
千代田区,神田練塀町,-,"Japan, 〒101-0022 東京都千代田区神田練塀町3",35.700305,139.774075,CREST「科学的発見・社会的課題解決に向けた各分野のビッグデータ利活用推進のための次世代アプリケーション技術の創出・高度化」   国際シンポジウム,アキバプラザ,"01/14～
01/15",6,16,120,136
千代田区,神田練塀町,-,"Japan, 〒101-0022 東京都千代田区神田練塀町3",35.700305,139.774075,国際ワークショップ ウェアラブルフォトニクスに向けた新しい展開:マテリアルからデバイスへ,アキバプラザ,"10/07～
10/07",4,6,92,98
千代田区,神田駿河台３丁目,-,"Japan, 〒101-0062 Tokyo, Chiyoda City, Kanda Surugadai, 3-chome-2-11",35.695824,139.765325,国際セミナー｢森林バイオマスと気候変動の真実―木質バイオマスは温暖化 防止に貢献するか?｣,連合会館,"05/16～
05/16",3,2,86,88
千代田区,神田駿河台４丁目,-,"Japan, 〒101-0062 Tokyo, Chiyoda City, Kanda Surugadai, 4-chome-6-番地",35.698616,139.767036,第46回日本血液浄化技術学会｢血液浄化の理論と技術における革新と確信｣～不死鳥の再来!?～,御茶ノ水ソラシティカンファレンスセンター,"04/19～
04/21",10,100,1400,1500
千代田区,神田駿河台４丁目,-,"Japan, 〒101-0062 Tokyo, Chiyoda City, Kanda Surugadai, 4-chome-6-番地",35.698616,139.767036,11 International Conference on Energy Efficiency in Motor Driven Systems -EEMODS'-,ソラシティカンファレンスセンター,"09/17～
09/19",30,84,46,130
千代田区,九段北１丁目,-,"Japan, 〒102-0073 Tokyo, Chiyoda City, Kudankita, 1-chome-8-10 住友不動産九段ﾋﾞﾙ 3F･4F",35.697726,139.751694,2019JILAF国際シンポジウム ～今後の労働契約のあり方と労働者の権利保護について～,ベルサール九段,"11/22～
11/22",3,5,51,56
千代田区,六番町,-,"Japan, 〒102-0085 東京都千代田区六番町15",35.685978,139.731967,ICRPタスクグループ93報告書に関するシンポジウム,主婦会館プラザエフ,"10/25～
10/25",5,7,88,95
千代田区,紀尾井町,赤坂,"Japan, 〒102-8578 Tokyo, Chiyoda City, Kioichō, 4-1 ﾎﾃﾙﾆｭｰｵｰﾀﾆ ｻﾞ･ﾒｲﾝ",35.681101,139.734022,第5回国際女性会議WAW!/W20,ホテルニューオータニ東京,"03/23～
03/24",25,148,3000,3148
千代田区,紀尾井町,赤坂,"Japan, 〒102-8578 Tokyo, Chiyoda City, Kioichō, 4-1 ﾎﾃﾙﾆｭｰｵｰﾀﾆ ｻﾞ･ﾒｲﾝ",35.681101,139.734022,G20『高齢化と金融包摂』ハイレベルシンポジウム,ホテルニューオータニ東京,"06/07～
06/07",22,73,313,386
千代田区,紀尾井町,赤坂,"Japan, 〒102-8578 Tokyo, Chiyoda City, Kioichō, 4-1 ﾎﾃﾙﾆｭｰｵｰﾀﾆ ｻﾞ･ﾒｲﾝ",35.681101,139.734022,ICGN年次総会2019,ホテルニューオータニ東京,"07/16～
07/18",15,200,200,400
千代田区,紀尾井町,赤坂,"Japan, 〒102-8578 Tokyo, Chiyoda City, Kioichō, 4-1 ﾎﾃﾙﾆｭｰｵｰﾀﾆ ｻﾞ･ﾒｲﾝ",35.681101,139.734022,カーボンリサイクル産学官国際会議2019,ホテルニューオータニ東京,"09/25～
09/25",20,50,400,450
千代田区,紀尾井町,赤坂,"Japan, 〒102-8578 Tokyo, Chiyoda City, Kioichō, 4-1 ﾎﾃﾙﾆｭｰｵｰﾀﾆ ｻﾞ･ﾒｲﾝ",35.681101,139.734022,水素閣僚会議2019,ホテルニューオータニ東京,"09/25～
09/25",35,120,480,600
千代田区,平河町２丁目,-,"Japan, 〒102-8630 Tokyo, Chiyoda City, Hirakawachō, 2-chome-7, 平河町2丁目7-9JA共済ﾋﾞﾙ 1F",35.680272,139.740215,アジア･オセアニア国際アンチ･ドーピング･セミナー、WADA常任理事会,明治記念館、JA共済ビル,"09/23～
09/26",31,49,3,52
千代田区,霞が関３丁目,虎ノ門広域,"Kasumigaseki Building, 3-chome-2-5 Kasumigaseki, Chiyoda City, Tokyo 100-6008, Japan",35.671282,139.747212,Round Table on Labor Migration in Asia,アジア開発銀行研究所,"01/24～
01/25",16,40,10,50
千代田区,丸の内１丁目,大丸有,東京都千代田区丸の内1丁目-5,36.354492,-94.211863,令和元年度 第8回国際建設リーガルセミナ-,キング&スポールディング外国法事務弁護士事務所,"11/21～
11/21",3,2,67,69
新宿区,西早稲田１丁目,-,"1-chome-104 Totsukamachi, Shinjuku City, Tokyo 169-8050, Japan",35.708733,139.719649,19 Korea-Japan-Taiwan Symposium on Strongly Correlated Electron Systems,早稲田大学,"01/11～
01/13",3,15,54,69
新宿区,西早稲田１丁目,-,"1-chome-104 Totsukamachi, Shinjuku City, Tokyo 169-8050, Japan",35.708733,139.719649,日本膜学会第41年会,早稲田大学,"05/09～
05/10",4,10,240,250
新宿区,西早稲田１丁目,-,"1-chome-104 Totsukamachi, Shinjuku City, Tokyo 169-8050, Japan",35.708733,139.719649,集積フォトニクス研究ユニット 電子情報通信学会/IAS共催 光集積及びシリコンフォトニクス研究専門委員会第一回研究会,早稲田大学,"06/21～
06/21",4,6,124,130
新宿区,西早稲田１丁目,-,"1-chome-104 Totsukamachi, Shinjuku City, Tokyo 169-8050, Japan",35.708733,139.719649,国際シンポジウム｢アジアの平和構築に向けた国際協力の課題と展望｣,早稲田大学,"07/27～
07/27",3,2,58,60
新宿区,西早稲田１丁目,-,"1-chome-104 Totsukamachi, Shinjuku City, Tokyo 169-8050, Japan",35.708733,139.719649,第9 回第二言語音声習得国際会議,早稲田大学,"08/30～
09/01",25,150,60,210
新宿区,西早稲田１丁目,-,"1-chome-104 Totsukamachi, Shinjuku City, Tokyo 169-8050, Japan",35.708733,139.719649,"第9回年次大会 ""サステナビリティ人材の育成と経営教育 """,早稲田大学,"09/05～
09/06",9,76,62,138
新宿区,西早稲田１丁目,-,"1-chome-104 Totsukamachi, Shinjuku City, Tokyo 169-8050, Japan",35.708733,139.719649,2 Annual COMPTEXT Conference 2019,早稲田大学,"09/13～
09/15",26,25,65,90
新宿区,神楽坂１丁目,-,"1-chome-3 Kagurazaka, Shinjuku City, Tokyo 162-8601, Japan",35.699903,139.741523,国際ムーンビレッジワークショップ&シンポジウム,東京理科大学、京都大学,"12/05～
12/08",8,41,118,159
新宿区,箪笥町,-,"15 Tansumachi, Shinjuku City, Tokyo 162-0833, Japan",35.700529,139.734152,公開シンポジウム｢トランスカルチャーとは何か?:心理学と哲学の協働｣,牛込箪笥区民ホール、ワテラスコモンホール,"03/02～
03/03",3,4,110,114
新宿区,西新宿１丁目,-,"1-chome-24-2 Nishishinjuku, Shinjuku City, Tokyo 163-8677, Japan",35.690506,139.695685,直訳:第6回感情科学と工学に関する国際シンポジウム2019(ISASE2019),工学院大学,"03/17～
03/18",10,20,50,70
新宿区,西新宿２丁目,-,"2-chome-2-1 Nishishinjuku, Shinjuku City, Tokyo 160-8330, Japan",35.690254,139.694252,第42回日本高血圧学会総会,京王プラザホテル,"10/25～
10/27",7,40,2000,2040
新宿区,西新宿２丁目,-,"2-chome-7-2 Nishishinjuku, Shinjuku City, Tokyo 160-0023, Japan",35.69091,139.691274,U20メイヤーズ･サミット、都市の防災フォーラムTokyo (URF),ハイアットリージェンシー東京、ヒルトン東京,"05/21～
05/22",22,130,120,250
新宿区,霞ヶ丘町,-,"4-1 Kasumigaokamachi, Shinjuku City, Tokyo 160-0013, Japan",35.674275,139.715409,第12回ICCEグローバルコーチカンファレンス,日本青年館ホール、TEPIA,"10/30～
11/01",38,267,193,460
新宿区,市谷本村町,-,"5-番1号 Ichigayahonmurachō, Shinjuku City, Tokyo 162-8808, Japan",35.69512,139.729422,平成30年度 東南アジア諸国との防衛研究交流研究会,防衛研究所国際会議場,"02/27～
02/27",5,4,50,54
新宿区,新宿６丁目,-,"6-chome-1-1 Shinjuku, Shinjuku City, Tokyo 160-8402, Japan",35.693451,139.712321,国際力動的心理療法学会 第25回記念大会,東京医科大学,"11/02～
11/04",3,4,116,120
新宿区,西新宿６丁目,-,"6-chome-6-番2号 Nishishinjuku, Shinjuku City, Tokyo 160-0023, Japan",35.692583,139.691189,Seasonal Meeting of the New York State Bar Association International Section -NYSBA-,ヒルトン東京,"11/05～
11/08",23,115,53,168
新宿区,西新宿２丁目,-,"Japan, 〒160-0023 Tokyo, Shinjuku City, Nishishinjuku, 2-chome-2-1, Keio Plaza Hotel, ﾛﾋﾞｰ階",35.690014,139.694699,第38回日本認知症学会学術集会,京王プラザホテル、新宿NSビル,"11/07～
11/09",6,18,4080,4098
新宿区,西新宿８丁目,-,"Japan, 〒160-0023 Tokyo, Shinjuku City, Nishishinjuku, 8-chome-17-1 住友不動産新宿ｸﾞﾗﾝﾄﾞﾀﾜｰ5F",35.696066,139.690426,Droidkaigi 2019,ベルサール新宿グランドコン ファレンスセンター,"02/07～
02/08",9,150,850,1000
渋谷区,恵比寿１丁目,-,〒150-0013 東京都渋谷区恵比寿1丁目20-8 ｴﾋﾞｽｽﾊﾞﾙﾋﾞﾙ,35.646858,139.713266,Japanese Conservative Political Action Conference (J-CPAC2019),EBiS303,"08/31～
09/01",10,420,1680,2100
渋谷区,代々木神園町,-,"3-1 Yoyogikamizonochō, Shibuya City, Tokyo 151-0052, Japan",35.674414,139.693173,第65回国際学生会議,国立オリンピック記念青少年総合センター,"08/26～
09/01",15,21,36,57
渋谷区,代々木神園町,-,"3-1 Yoyogikamizonochō, Shibuya City, Tokyo 151-0052, Japan",35.674414,139.693173,2019年世界大会 (第23回世界易学大会、第19回世界気功太極中医天然療法研討会及び第6回世界禅武医気易総合大会)（ワークショップ）,国立オリンピック記念青少年総合センター,"10/05～
10/06",20,450,150,600
渋谷区,広尾４丁目,-,"4-chome-2-24 Hiroo, Shibuya City, Tokyo 150-0012, Japan",35.653453,139.72144,C20サミット 2019,聖心グローバルプラザ、虎ノ門ヒルズフォーラム,"04/21～
04/23",40,130,440,570
渋谷区,神宮前５丁目,-,"5-chome-53-70 Jingūmae, Shibuya City, Tokyo 150-8925, Japan",35.662312,139.70828,｢GUAM+日本｣投資促進セミナー,国連大学,"03/20～
03/20",5,90,110,200
渋谷区,神宮前５丁目,-,"5-chome-53-70 Jingūmae, Shibuya City, Tokyo 150-8925, Japan",35.662312,139.70828,"2019年G20サミット教育関連イベント｢
21世紀の教育政策～Society5.0時代における人材育成～｣",国連大学,"09/05～
09/05",16,30,272,302
渋谷区,神宮前５丁目,-,"5-chome-53-70 Jingūmae, Shibuya City, Tokyo 150-8925, Japan",35.662312,139.70828,G20首席農業研究者会議(MACS)関連｢東南･東アジア地域を対象とした食品ロス･廃棄抑制に関する国際ワークショップ｣,国連大学,"10/16～
10/18",12,21,59,80
港区,虎ノ門１丁目,虎ノ門,〒105-0001 東京都港区虎ﾉ門1丁目15,35.6693733,139.7469681,第6回｢海洋法に関する国際シンポジウム｣,海洋政策研究所,"10/31～
10/31",6,20,130,150
港区,北青山２丁目,-,〒107-0061 東京都港区北青山2-8-44,35.672995,139.7147689,5G Huddle 2019 東京会合,TEPIA,"05/14～
05/14",10,70,30,100
港区,台場１丁目,-,"1-chome-9-1 Daiba, Minato City, Tokyo 135-8625, Japan",35.626411,139.770674,サステナブル･ブランド 国際会議2019東京 (SB 2019 Tokyo)（ワークショップ、討論会）,ヒルトン東京お台場,"03/06～
03/07",20,56,2184,2240
港区,台場１丁目,-,"1-chome-9-1 Daiba, Minato City, Tokyo 135-8625, Japan",35.626411,139.770674,国際会議｢Health Professional Meeting (H20) 2019｣,ヒルトン東京お台場,"06/13～
06/14",38,50,170,220
港区,台場１丁目,-,"1-chome-9-1 Daiba, Minato City, Tokyo 135-8625, Japan",35.626411,139.770674,第2回世界海上保安機関長官級会合,ヒルトン東京お台場,"11/20～
11/21",84,176,150,326
港区,海岸１丁目,-,"1-chome-16-2 Kaigan, Minato City, Tokyo 105-8576, Japan",35.653006,139.762375,"11 IOC Advanced Team Physician
Course -ATPC-（討論会）",インターコンチネンタル東京ベイ,"07/01～
07/03",48,132,24,156
港区,三田２丁目,-,"2-chome-15-45 Mita, Minato City, Tokyo 108-8345, Japan",35.648964,139.742938,2019年度 アジア政経学会春季大会,慶應義塾大学,"06/08～
06/09",6,5,54,59
港区,三田２丁目,-,"2-chome-1-8 Mita, Minato City, Tokyo 108-0073, Japan",35.652104,139.737963,第24回アジア･太平洋薬物取締会議,三田共用会議所,"02/26～
02/28",35,94,64,158
港区,三田２丁目,-,"2-chome-1-8 Mita, Minato City, Tokyo 108-0073, Japan",35.652104,139.737963,総務省MRA国際ワークショップ2019,三田共用会議所,"03/06～
03/07",11,36,192,228
港区,高輪３丁目,-,"3-chome-13-1 Takanawa, Minato City, Tokyo 108-8612, Japan",35.630053,139.73349,第1回TPP委員会,グランドプリンスホテル新高輪,"01/19～
01/19",11,50,40,90
港区,高輪３丁目,-,"3-chome-13-1 Takanawa, Minato City, Tokyo 108-8612, Japan",35.630053,139.73349,第1回G20開発作業部会会合、G20開発作業部会サイドイベント ｢2030アジェンダ達成に向けた効果的な三角協力｣,グランドプリンスホテル新高輪,"01/21～
01/23",27,89,46,135
港区,高輪３丁目,-,"3-chome-13-1 Takanawa, Minato City, Tokyo 108-8612, Japan",35.630053,139.73349,第74回日本消化器外科学会総会,グランドプリンスホテル新高輪,"07/17～
07/19",10,51,7085,7136
港区,高輪３丁目,-,"3-chome-13-1 Takanawa, Minato City, Tokyo 108-8612, Japan",35.630053,139.73349,国際不動産カンファレンス2019,グランドプリンスホテル新高輪,"09/02～
09/04",16,233,327,560
港区,高輪３丁目,-,"3-chome-13-1 Takanawa, Minato City, Tokyo 108-8612, Japan",35.630053,139.73349,LNG産消会議2019,グランドプリンスホテル新高輪,"09/26～
09/26",32,422,735,1157
港区,芝公園３丁目,虎ノ門,"3-chome-3-1 Shibakōen, Minato City, Tokyo 105-8560, Japan",35.658962,139.748139,第1回G20エネルギー転換WG、第1回エネルギー転換作業部会ならびに環境高級実務者会合,東京プリンスホテル,"02/12～
02/13",26,200,200,400
港区,高輪４丁目,-,"4-chome-10-30 Takanawa, Minato City, Tokyo 108-8611, Japan",35.627844,139.735334,14 Plenary Assembly of the International Federation of Sport Climbing -IFSC-,品川プリンスホテル,"03/14～
03/16",45,114,6,120
港区,高輪４丁目,-,"4-chome-10-30 Takanawa, Minato City, Tokyo 108-8611, Japan",35.627844,139.735334,直訳:保険フォーラムジャパン2019,品川プリンスホテル,"06/05～
06/05",21,80,162,242
港区,高輪４丁目,-,"4-chome-10-30 Takanawa, Minato City, Tokyo 108-8611, Japan",35.627844,139.735334,Meetings of INTOSAI Capacity Building Committee & INTOSAI Donor Cooperation Steering Committee,品川プリンスホテル,"07/01～
07/04",37,101,2,103
港区,高輪４丁目,-,"4-chome-10-30 Takanawa, Minato City, Tokyo 108-8611, Japan",35.627844,139.735334,北太平洋漁業委員会(NPFC)第5回年次会合,品川プリンスホテル,"07/16～
07/18",8,88,50,138
港区,港南４丁目,-,"4-chome-5-7 Kōnan, Minato City, Tokyo 108-8477, Japan",35.627003,139.748334,2019年度日本冷凍空調学会年次大会,東京海洋大学,"09/11～
09/13",4,60,540,600
港区,白金５丁目,-,"5-chome-9-1 Shirokane, Minato City, Tokyo 108-8641, Japan",35.644777,139.72563,国際水圏メタゲノムシンポジウム-水圏メタゲノミクスの展開と水圏生物多様性の展望-,北里大学,"11/23～
11/24",9,9,113,122
港区,六本木７丁目,六本木,"7-chome-22-34 Roppongi, Minato City, Tokyo 106-0032, Japan",35.665376,139.725168,サイエンス20（会議）,日本学術会議,"03/06～
03/06",22,32,68,100
港区,六本木７丁目,六本木,"7-chome-22-34 Roppongi, Minato City, Tokyo 106-0032, Japan",35.665376,139.725168,第9回構造物の安全性･信頼性に関する国内シンポジウム JCOSSAR 2019,日本学術会議,"10/23～
10/25",3,2,198,200
港区,六本木７丁目,六本木,"7-chome-22-34 Roppongi, Minato City, Tokyo 106-0032, Japan",35.665376,139.725168,"国際シンポジウム｢気候変動と農業ビジネス
-技術を農業者に届けるために企業と研究者ができること-｣",日本学術会議,"11/05～
11/05",14,20,169,189
港区,虎ノ門１丁目,虎ノ門,"Japan, 〒105-6305 Tokyo, Minato City, Toranomon, 1-chome-23-3 虎ﾉ門ﾋﾙｽﾞ森ﾀﾜｰ 5階",35.666878,139.749503,第40回日本エンドメトリオーシス学会学術講演会,虎ノ門ヒルズフォーラム,"01/19～
01/20",5,9,596,605
港区,虎ノ門１丁目,虎ノ門,"Japan, 〒105-6305 Tokyo, Minato City, Toranomon, 1-chome-23-3 虎ﾉ門ﾋﾙｽﾞ森ﾀﾜｰ 5階",35.666878,139.749503,直訳:日本オープンソースサミット 2019,虎ノ門ヒルズフォーラム,"07/17～
07/19",40,390,610,1000
港区,南麻布４丁目,-,"Japan, 〒106-0047 Tokyo, Minato City, Minamiazabu, 4-chome-6-28 ﾖｰﾛｯﾊﾟﾊｳｽ",35.64994,139.726924,第4回 日本とEU都市間交流会合,駐日欧州連合代表部,"05/17～
05/17",9,30,44,74
港区,南麻布４丁目,-,"Japan, 〒106-0047 Tokyo, Minato City, Minamiazabu, 4-chome-6-28 ﾖｰﾛｯﾊﾟﾊｳｽ",35.64994,139.726924,EU日本サステナブル･ファイナンス政策セ ミナー EUサステナブル･ファイナンス･アクションプランをめぐる日本の民間セクター との対話,駐日欧州連合代表部,"10/11～
10/11",5,17,126,143
港区,赤坂１丁目,虎ノ門,"Japan, 〒107-0052 Tokyo, Minato City, Akasaka, 1-chome-8-1 赤坂ｲﾝﾀｰｼﾃｨAIR 3F･4F",35.670082,139.742543,第4回 JST-NSF-DATAIA 国際連携シンポジウム｢AI 研究の最前線～超スマート社会実現に向けて～｣,赤坂インターシティコンファレンス,"12/19～
12/19",3,6,212,218
港区,赤坂４丁目,赤坂,"Japan, 〒107-0052 Tokyo, Minato City, Akasaka, 4-chome-18-13 赤坂ｺﾐｭﾆﾃｨｰぷらざ内",35.674806,139.731567,令和元年度外国人の受入れと社会統合のための国際フォーラム,赤坂区民センター,"10/31～
10/31",3,2,192,194
港区,高輪３丁目,-,"SHINAGAWA GOOS, 1F, 3-chome-13-3 Takanawa, Minato City, Tokyo 108-0074, Japan",35.629851,139.735905,第26回アジア輸出管理セミナー,TKPガーデンシティ品川,"02/26～
02/28",32,101,45,146
港区,虎ノ門１丁目,虎ノ門,"The Sasakawa Peace Foundation Building, 1-chome-15-16 Toranomon, Minato City, Tokyo 105-0001, Japan",35.669369,139.749157,宇宙空間の安定的利用の確保に関する国際シンポジウム,笹川平和財団ビル,"02/28～
03/01",3,50,300,350
江東区,青海２丁目,-,"2-chome-2 Aomi, Koto City, Tokyo 135-0064, Japan",35.619956,139.775918,第29回国際地図学会議,日本科学未来館、東京国際交流館,"07/15～
07/20",69,756,261,1017
江東区,青海２丁目,-,"2-chome-3-6 Aomi, Koto City, Tokyo 135-0064, Japan",35.619336,139.776399,グリーンビルディングジャパン シンポジウム2019,日本科学未来館,"09/13～
09/13",4,14,285,299
江東区,青海２丁目,-,"2-chome-3-6 Aomi, Koto City, Tokyo 135-0064, Japan",35.619336,139.776399,World Congress of Science & Factual Producers 2019,日本科学未来館,"12/02～
12/05",30,650,50,700
江東区,有明３丁目,-,"3-chome-11-1 Ariake, Koto City, Tokyo 135-0063, Japan",35.629818,139.794287,nano tech 2019 第18回 国際ナノテクノロジー総合展･技術会議（会議、セミナー）,東京ビッグサイト,"01/30～
02/01",20,65,1670,1735
江東区,有明３丁目,-,"3-chome-11-1 Ariake, Koto City, Tokyo 135-0063, Japan",35.629818,139.794287,第17回ナノテクノロジー総合シンポジウム,東京ビッグサイト,"02/01～
02/01",6,16,395,411
江東区,有明３丁目,-,"3-chome-11-1 Ariake, Koto City, Tokyo 135-0063, Japan",35.629818,139.794287,"ASIS東京セキュリティカンファレンス
2019",東京ビッグサイト,"03/04～
03/06",12,42,123,165
江東区,有明３丁目,-,"3-chome-11-1 Ariake, Koto City, Tokyo 135-0063, Japan",35.629818,139.794287,"UFIアジアパシフィックコンファレンス
2019",東京ビッグサイト,"03/14～
03/15",22,220,97,317
江東区,有明３丁目,-,"3-chome-4-10 Ariake, Koto City, Tokyo 135-0063, Japan",35.630298,139.789581,第5回 インターナショナルロボットハイスクール2019 (IRH2019)（講演）,東京ビッグサイト、TFTビル,"12/21～
12/22",3,33,23,56
江東区,有明３丁目,-,"3-chome-5-7 Ariake, 江東区 Koto City, Tokyo 135-0063, Japan",35.632344,139.788521,DIAアジア2019国際会議,TOC有明コンベンションホール,"04/18～
04/19",7,46,114,160
江東区,有明３丁目,-,"3-chome-7-18 Ariake, Koto City, Tokyo 135-0063, Japan",35.632149,139.79355,G20気候持続可能性作業部会2019年第1回会合,東京コンファレンスセンター･有明,"02/14～
02/16",27,102,85,187
江東区,青海２丁目,-,"Tokyo Academic Park, 2-chome-2-1 Aomi, Koto City, Tokyo 135-0064, Japan",35.620762,139.775883,第17回｢気候変動に対する更なる行動｣に関する非公式会合(日伯非公式会合),東京国際交流館,"03/14～
03/15",30,59,25,84
江東区,青海２丁目,-,"Tokyo Academic Park, 2-chome-2-1 Aomi, Koto City, Tokyo 135-0064, Japan",35.620762,139.775883,EMBOシングルセルバイオロジーワークショップ,東京国際交流館,"05/20～
05/22",25,142,198,340
江東区,青海２丁目,-,"Tokyo Academic Park, 2-chome-2-1 Aomi, Koto City, Tokyo 135-0064, Japan",35.620762,139.775883,ScalaMatsuri 2019（講演）,東京国際交流館,"06/27～
06/29",7,110,610,720
江東区,青海２丁目,-,"Tokyo Academic Park, 2-chome-2-1 Aomi, Koto City, Tokyo 135-0064, Japan",35.620762,139.775883,SIP-adus Workshop 2019,東京国際交流館,"11/12～
11/14",23,89,511,600
