指標名,シェアサイクルポート,,,,,,,
出典,東京自転車シェアリング ポートマップ,,,,,,,
年次,2021/3/2取得,,,,,,,
URL,https://www.google.com/maps/d/viewer?mid=1L2l1EnQJhCNlm_Xxkp9RTjIj68Q,,,,,,,
備考,,,,,,,,
,,,,,,,,
区,町丁,エリア,住所,緯度,経度,ポート名,休止・再開・閉鎖情報,営業時間・備考
千代田区,神田錦町３丁目,-,東京都千代田区神田錦町3-21,35.691623,139.761349,A2-04.ちよだプラットフォームスクウェア / Chiyoda Platform Square,休止日時：5月10日（金） 23:00 ～ 5月13日（月） 10:00,営業時間 24時間 / Open for 24 hours
千代田区,神田錦町１丁目,-,東京都千代田区神田錦町1－29,35.689654,139.763974,A2-05.神田橋公園 / Kandabashi Park,-,営業時間 24時間 / Open for 24 hours
千代田区,神田駿河台２丁目,-,東京都千代田区神田駿河台2-9,35.700477,139.759518,A2-08.KDX御茶ノ水ビル / KDX Ochanomizu Building,-,営業時間 24時間 / Open for 24 hours
千代田区,神田錦町３丁目,-,東京都千代田区神田錦町3-22,35.693393,139.760021,A2-09.テラススクエア / TERRACE SQUARE,-,営業時間 24時間 / Open for 24 hours
千代田区,西神田１丁目,-,東京都千代田区西神田1-2-4,35.699223,139.757039,"A2-06.東光電気工事 別館（屋内駐輪場） / TOKO CO., LTD Annex(Indoor Parking)",-,営業時間 / Open 月 / Mon. 0:00-20:00火~木 / Tue.-Thu. 7:00-20:00金 / Fri. 7:00-24:00土･日 / Sat. Sun. 24時間 / Open for 24 hours祝日 / Holiday 休止 /Closed※祝日の場合は､曜日にかかわらず祝前日の20:00から祝翌日の7:00まではご利用/返却出来ません｡
千代田区,神田神保町１丁目,-,東京都千代田区神田神保町1-105,35.694257,139.760282,A2-12.神保町三井ビルディング / JINBOCHO MITSUI BUILDING,-,営業時間 24時間 / Open for 24 hours
千代田区,神田錦町２丁目,-,東京都千代田区神田錦町2-2-1,35.693125,139.763204,A2-20.神田スクエア / KANDA SQUARE,-,営業時間 24時間 / Open for 24 hours
千代田区,神田神保町３丁目,-,東京都千代田区神田神保町3-27,35.694547,139.754860,A2-21.神田神保町3丁目 / Kanda Jimbocho 3,-,営業時間 24時間 / Open for 24 hours
千代田区,神田猿楽町１丁目,-,東京都千代田区神田猿楽町1-5-15猿楽町SSビル,35.698638,139.759538,A2-18.猿楽町SSビル東 / Sarugakucho SS Bldg. east,-,営業時間 24時間 / Open for 24 hours
千代田区,神田猿楽町１丁目,-,東京都千代田区神田猿楽町1-5-15猿楽町SSビル,35.698638,139.759538,A2-19.猿楽町SSビル西 / Sarugakucho SS Bldg. west,-,営業時間 24時間 / Open for 24 hours
千代田区,神田司町,-,東京都千代田区神田司町2-2,35.693129,139.767444,A3-01.神田児童公園（西側交番横） / Kanda Children Park(West Side Next to the Police Box),-,営業時間 24時間 / Open for 24 hours
千代田区,神田三崎町２丁目,-,東京都千代田区神田三崎町2-22,35.702307,139.753309,A2-24.水道橋駅西口前 / Suidobashi Station in front of West exit,-,営業時間 24時間 / Open for 24 hours
千代田区,神田司町,-,東京都千代田区神田司町2-16,35.692672,139.768646,A3-03.NTT東日本神田ビル / NTT-East Kanda Build,-,営業時間 24時間 / Open for 24 hours
千代田区,神田淡路町２丁目,-,東京都千代田区神田淡路町2-107,35.697254,139.766717,A3-07.淡路公園 / Awaji Park,-,営業時間 24時間 / Open for 24 hours
千代田区,神田和泉町,-,東京都千代田区神田和泉町1,35.699084,139.778469,A3-05.和泉公園（西側入口） / Izumi Park(Western Entrance),-,営業時間 24時間 / Open for 24 hours
千代田区,神田佐久間町１丁目,-,東京都千代田区神田佐久間町1-18,35.697885,139.774736,A3-04.秋葉原公園 / Akihabara Park,-,営業時間 24時間 / Open for 24 hours
千代田区,神田佐久間河岸,-,東京都千代田区神田佐久間河岸92先,35.697044,139.777749,A3-18.美倉橋北児童遊園 / Mikurabashi North Children Park,-,営業時間 24時間 / Open for 24 hours
千代田区,神田須田町２丁目,-,東京都千代田区神田須田町2-4-24,35.695020,139.772891,A3-19.神田ふれあい通り第１ / Kanda Fureai-dori St. 1,-,営業時間 24時間 / Open for 24 hours
千代田区,神田練塀町,-,東京都千代田区神田練塀町3　富士ソフト秋葉原ビル,35.700306,139.774074,A3-13.富士ソフトビル（駐車場入口横） / Fuji Soft Building(Side of Entrance to parking lot),-,営業時間 24時間 / Open for 24 hours
千代田区,神田須田町２丁目,-,東京都千代田区神田須田町2-4-25,35.695020,139.772891,A3-20.神田ふれあい通り第２ / Kanda Fureai-dori St. 2,-,営業時間 24時間 / Open for 24 hours
千代田区,神田須田町２丁目,-,東京都千代田区神田須田町2-4-26,35.695020,139.772891,A3-21.神田ふれあい通り第３ / Kanda Fureai-dori St. 3,-,営業時間 24時間 / Open for 24 hours
千代田区,内神田３丁目,-,東京都千代田区内神田3-22,35.692536,139.770080,A3-42.内神田3丁目 / Uchikanda 3Chome,-,営業時間 24時間 / Open for 24 hours
千代田区,東神田１丁目,-,東京都千代田区東神田1-23-17外,35.698300,139.775143,A3-39.トーシン東神田ビル / Toshin Higashikanda Build,-,営業時間 24時間 / Open for 24 hours
千代田区,大手町１丁目,大丸有,東京都千代田区大手町1-5,35.685536,139.764250,A4-05.大手町タワー / THE OTEMACHI TOWER,-,営業時間 24時間 / Open for 24 hours
千代田区,丸の内２丁目,大丸有,東京都千代田区丸の内2-2-18地先,35.681040,139.763803,A4-11.二重橋前駅（メトロ4番出口）/ Nijubashimae Sta. （Metro 4 Exit）,-,営業時間 24時間 / Open for 24 hours
千代田区,内幸町２丁目,-,東京都千代田区内幸町2-1-6地先,35.671223,139.753805,"A5-04.日比谷パークフロント前（日比谷公園南面向い歩道上）/ In front of ""HIBIYA PARKFRONT"" Building（On the sidewalk of the southside of Hibiya Park）",-,営業時間 24時間 / Open for 24 hours
千代田区,三番町,-,東京都千代田区三番町18,35.690764,139.740893,A6-01.東郷元帥記念公園 / General Togo memory park,-,営業時間 24時間 / Open for 24 hours
千代田区,一番町,-,東京都千代田区一番町12,35.686901,139.739576,A6-02.いきいきプラザ一番町（西側駐輪場） / Iki-iki Plaza Ichiban-cho(Western Cycle Port),-,営業時間 24時間 / Open for 24 hours
千代田区,麹町５丁目,-,東京都千代田区麹町5-4,35.684974,139.733979,A6-21.日本工営ビル / Nippon Koei Building,-,営業時間 24時間 / Open for 24 hours
千代田区,三番町,-,東京都千代田区三番町１,35.689729,139.745284,A6-23.セブン-イレブン千代田三番町店 / Seven-Eleven Chiyoda Sanbancho,-,営業時間 24時間 / Open for 24 hours
中央区,日本橋蛎殻町２丁目,-,東京都中央区日本橋蛎殻町2-17先,35.683657,139.785021,B1-11.浜町川緑道 / Hamacho-gawa Ryokudo,-,営業時間 24時間 / Open for 24 hours
中央区,日本橋堀留町２丁目,-,東京都中央区日本橋堀留町2-10-12,35.687796,139.782049,B1-12.ファミリーマート堀留町二丁目店 / Familly Mart Horidomecho 2-chome Store,-,営業時間 24時間 / Open for 24 hours
中央区,日本橋小網町,-,東京都中央区日本橋小網町9-1,35.683748,139.779893,"B1-16.小網町児童遊園
 / Koamicho Children's Playground",-,営業時間 24時間 / Open for 24 hours
中央区,日本橋本石町４丁目,日八京,東京都中央区日本橋本石町4-1先,35.687951,139.769202,B1-20.竜閑さくら橋際街角広場 / Ryuukan Sakura Bridge Street Corner Plaza,-,営業時間 24時間 / Open for 24 hours
中央区,日本橋２丁目,日八京,東京都中央区日本橋2-10先,35.680826,139.774873,B1-21.日本橋二丁目街角広場 / Nihonbashi 2-Chome　Street Corner Plaza,-,営業時間 24時間 / Open for 24 hours
中央区,京橋３丁目,日八京,東京都中央区京橋3-1先,35.676058,139.768882,B2-02.柳通り（東京スクエアガーデン前）  Yanagi-dori St. (In front of TOKYO SQUARE GARDEN),-,営業時間 24時間 / Open for 24 hours
中央区,京橋１丁目,日八京,東京都中央区京橋1-6,35.677760,139.771518,B2-14.京橋1丁目 / Kyobashi Itchome,-,営業時間 24時間 / Open for 24 hours
中央区,明石町,-,東京都中央区明石町14先,35.665451,139.777509,B3-16.明石町区民館 / Akashicho Community Hall,-,営業時間 24時間 / Open for 24 hours
中央区,晴海３丁目,-,東京都中央区晴海3-1-6,35.656717,139.779872,B4-01.黎明橋公園（駐輪場） / Reimeibashi Park(Parking Area),-,営業時間 24時間 / Open for 24 hours
中央区,晴海１丁目,-,東京都中央区晴海1-8先,35.657531,139.782462,B4-03.桜の散歩道（晴海トリトンスクウエア前） / Sakura no Sanpomichi (Harumi Triton Square),-,営業時間 24時間 / Open for 24 hours
中央区,勝どき５丁目,-,東京都中央区勝どき5-10-10,35.655681,139.771980,B4-08.東京ミッドベイ勝どき（西仲通り） / TOKYO MIDBAY KACHIDOKI（Nishinaka St.）,-,営業時間 24時間 / Open for 24 hours
港区,虎ノ門１丁目,虎ノ門,東京都港区虎ノ門1-4,35.669723,139.750754,C1-01.虎ノ門1丁目暫定自転車置場（外堀通り） / Toranomon 1Chome Provisional Cycle Port (Sotobori St.),-,営業時間 24時間 / Open for 24 hours
港区,新橋４丁目,虎ノ門広域,東京都港区新橋4-9-1,35.664340,139.756382,C1-14.新橋プラザビル / Shinbashi Plaza Building,-,営業時間 24時間 / Open for 24 hours
港区,海岸１丁目,-,東京都港区海岸1-12,35.654236,139.763132,C1-48.竹芝客船ターミナル / Takeshiba Passenger Ship Terminal,-,営業時間 24時間 / Open for 24 hours
港区,浜松町２丁目,-,東京都港区浜松町２丁目３,35.655755,139.755465,C1-45.浜松町クレアタワー  / NIPPON LIFE HAMAMATSUCHO CREA TOWER,-,営業時間 24時間 / Open for 24 hours
港区,新橋４丁目,虎ノ門広域,東京都港区新橋4-21,35.663995,139.757941,C1-51.環二新橋四丁目 / Kam-2 Shimbashi 4-chome,-,営業時間 24時間 / Open for 24 hours
港区,海岸１丁目,-,東京都港区海岸1-13,35.654298,139.761854,C1-56.鈴与竹芝ビル / Suzuyo Takeshiba Building,-,営業時間 24時間 / Open for 24 hours
港区,海岸１丁目,-,東京都港区海岸1-10,35.656881,139.761854,C1-58.ウォーターズ竹芝 / WATERS Takeshiba,-,営業時間 24時間 / Open for 24 hours
港区,海岸１丁目,-,東京都港区海岸1-5,35.653305,139.758659,C1-61.環三浜松町駅南 / Kam-3 Hamamatsucho Station South,-,営業時間 24時間 / Open for 24 hours
港区,芝公園２丁目,-,東京都港区芝公園2-12,35.653707,139.750355,C1-63.芝公園二丁目 / Shiba Park 2-Chome,-,営業時間 24時間 / Open for 24 hours
港区,海岸１丁目,-,東京都港区海岸1-7-1,35.655062,139.760895,C1-65.東京ポートシティ竹芝 / TOKYO PORTCITY TAKESHIBA,-,営業時間 24時間 / Open for 24 hours
港区,新橋３丁目,虎ノ門広域,東京都港区新橋3-16-15,35.665032,139.756865,C1-68.桜田公園 / Sakurada Park,-,営業時間 24時間 / Open for 24 hours
港区,元麻布３丁目,-,東京都港区元麻布3-9,35.656225,139.730875,C2-10.元麻布三丁目 / Motoazabu 3-Chome,-,営業時間 24時間 / Open for 24 hours
港区,西麻布２丁目,-,東京都港区西麻布2-9-16,35.661789,139.721061,C2-08.ファミリーマート西麻布霞町店 / Familly Mart Nishi-Azabu Kasumicho Store,-,営業時間 24時間 / Open for 24 hours
港区,東麻布１丁目,-,東京都港区東麻布1-15-11,35.656605,139.743089,C2-18.ブランシェ東麻布 / Branche Higashiazabu,-,営業時間 24時間 / Open for 24 hours
港区,南麻布４丁目,-,東京都港区南麻布4-57-25,35.648772,139.726246,C2-19.広尾駅 / Hiroo Station,-,営業時間 24時間 / Open for 24 hours
港区,六本木３丁目,六本木,東京都港区六本木3-15-17,35.662530,139.735505,C2-20.三井ガーデンホテル六本木プレミア /  Mitsui Garden Hotel Roppongi Tokyo Premier,-,営業時間 24時間 / Open for 24 hours
港区,赤坂４丁目,赤坂,東京都港区赤坂4-15-1,35.673948,139.731474,C3-16.赤坂ガーデンシティ / Akasaka Garden City,-,営業時間 24時間 / Open for 24 hours
港区,赤坂１丁目,虎ノ門,東京都港区赤坂1-4-41,35.670249,139.743927,C3-17.セブン-イレブン 港区溜池山王店 / Seven-Eleven Minatoku Tameikesanno store,-,営業時間 24時間 / Open for 24 hours
港区,南青山１丁目,-,東京都港区南青山1-12-32,35.668292,139.724257,C3-23.LIFORK 南青山 北エントランス / LIFORK MINAMI AOYAMA North entrance,-,営業時間 24時間 / Open for 24 hours
港区,南青山１丁目,-,東京都港区南青山1-12-32,35.668292,139.724257,C3-24.SHARE GREEN 南青山 西エントランス / SHARE GREEN MINAMI AOYAMA West entrance,-,営業時間 24時間 / Open for 24 hours
港区,北青山２丁目,-,東京都港区北青山2-14-4,35.669608,139.715791,C3-27.the ARGYLE aoyama,-,営業時間 24時間 / Open for 24 hours
港区,高輪３丁目,-,東京都港区高輪3-9,35.632319,139.731913,C4-04.ショパン高輪 / Chopin Takanawa,-,営業時間 24時間 / Open for 24 hours
港区,芝浦４丁目,-,東京都港区芝浦4-19,35.637681,139.750834,C5-13.区立芝浦西運河沿緑地 / Green Zone along the Shibaura-nishi Canal,-,営業時間 24時間 / Open for 24 hours
港区,海岸３丁目,-,東京都港区海岸3-3-20,35.640497,139.753620,C5-14.セブン-イレブン 港区汐彩橋店 / Sevev-Eleven Minato Shiosaibashi store,-,営業時間 24時間 / Open for 24 hours
港区,海岸３丁目,-,東京都港区海岸3-12-7,35.640177,139.755992,C5-15.セブン-イレブン 港区芝浦ふ頭店 / Sevev-Eleven Minato Shibautafuto store,-,営業時間 24時間 / Open for 24 hours
港区,芝浦２丁目,-,東京都港区芝浦2-1-39,35.645556,139.754887,C5-19.グランドメゾン田町 / GRANDE　MAISON TAMACHI,-,営業時間 24時間 / Open for 24 hours
港区,芝浦１丁目,-,東京都港区芝浦1-6-41,35.647582,139.755000,C5-24.GLOBAL FRONT TOWER,-,営業時間 24時間 / Open for 24 hours国道130号から､ﾌｫﾙｸｽﾜｰｹﾞﾝ東京深川店(仮店舗)と東京電力南浜橋変電所の間を入ります｡GLOBAL FRONT TOWER 敷地内に入り建物が見えたら1階の軒下にﾎﾟｰﾄがあります｡
新宿区,内藤町,-,東京都新宿区内藤町87,35.687652,139.714398,D1-02.四谷特別出張所 / Yotsuya Special District Office,-,営業時間 24時間 / Open for 24 hours
新宿区,左門町,-,東京都新宿区左門町19,35.684391,139.720989,D1-03.新左門児童遊園 / Shin-samon Children's Playground,-,営業時間 24時間 / Open for 24 hours
新宿区,新宿１丁目,-,東京都新宿区新宿1-32,35.690665,139.711801,D1-01.花園西公園 / Hanazono Nishi Park,-,営業時間 24時間 / Open for 24 hours
新宿区,大京町,-,東京都新宿区大京町29,35.682199,139.715492,D1-06.四谷第六小学校北 / Yotsuya Dairoku Elementary School North,-,営業時間 24時間 / Open for 24 hours
新宿区,四谷１丁目,-,東京都新宿区四谷1-12,35.684117,139.728653,D1-04.四谷見附公園 / Yotsuya Mitsuke Park,-,営業時間 24時間 / Open for 24 hours
新宿区,霞ヶ丘町,-,東京都新宿区霞ヶ丘町11-3,35.680405,139.715711,D1-11.三井ガーデンホテル神宮外苑の杜プレミア / Mitsui Garden Hotel Jingugaien Tokyo Premier,-,営業時間 24時間 / Open for 24 hours
新宿区,四谷４丁目,-,東京都新宿区四谷4-30-21,35.688813,139.714559,D1-12.ジェノヴィア新宿御苑グリーンヴェール / GENOVIA Shinjuku Gyoen green veil,-,営業時間 24時間 / Open for 24 hours
新宿区,内藤町,-,東京都新宿区内藤町11番地,35.683707,139.711302,D1-13.新宿御苑新宿門【西側】/ Shinjuku Gyoen National Garden Shinjuku Gate【West Side】,-,営業時間 24時間 / Open for 24 hours
新宿区,岩戸町,-,東京都新宿区岩戸町11番地,35.700952,139.736483,D2-09.セブン-イレブン 新宿岩戸町店 / Seven-Eleven Shinjuku Iwato-cho store,-,営業時間 24時間 / Open for 24 hours
新宿区,矢来町,-,東京都新宿区矢来町6番地,35.700839,139.731154,D2-08.旧市ヶ谷商業高校 / Former Ichigaya Commercial High Schoo,-,営業時間 24時間 / Open for 24 hours
新宿区,早稲田町,-,東京都新宿区早稲田町78,35.706174,139.723393,【休止中】D3-04.鶴巻南公園 / Tsurumaki-Minami Park,休止期間：2020年8月2日 (日) 17:00～2021年4月1日(木) 10:00 (予定),営業時間 24時間 / Open for 24 hours
新宿区,西早稲田３丁目,-,東京都新宿区西早稲田3-5,35.711633,139.716349,D3-03.甘泉園公園 / Kansenen Park,-,営業時間 24時間 / Open for 24 hours
新宿区,若松町,-,東京都新宿区若松町31-5,35.699867,139.719999,D4-04.ジェノヴィア新宿早稲田グリーンヴェール / GENOVIA Shinjuku Waseda green veil,-,営業時間 24時間 / Open for 24 hours
新宿区,北新宿３丁目,-,東京都新宿区北新宿3-20,35.702324,139.688904,D5-03.北新宿公園 / Kita-Shinjuku Park,-,営業時間 24時間 / Open for 24 hours
新宿区,大久保３丁目,-,東京都新宿区大久保3-170-316,35.706602,139.704540,D5-08. ウエリス新宿早稲田の森 / Wellith Shinjuku Waseda no Mori,-,営業時間 24時間 / Open for 24 hours
新宿区,百人町４丁目,-,東京都新宿区百人町4-1,35.707771,139.701029,D5-04.西戸山公園野球場 / Nishi-Toyama Baseball Ground,-,営業時間 24時間 / Open for 24 hours
新宿区,百人町２丁目,-,東京都新宿区百人町2-2-32,35.702660,139.701508,D5-09.ハウジングステージ新宿 / HousingStage Shinjuku,-,営業時間 24時間 / Open for 24 hours
新宿区,西新宿２丁目,-,東京都新宿区西新宿2-11,35.690124,139.689223,D6-03.新宿中央公園（ポケットパーク）/ Shinjuku Central Park (Pocket Park),-,営業時間 24時間 / Open for 24 hours
新宿区,西新宿２丁目,-,東京都新宿区西新宿2-11,35.690124,139.689223,D6-05.新宿中央公園（水の広場）/ Shinjuku Central Park (Water Plaza),-,営業時間 24時間 / Open for 24 hours
新宿区,西新宿２丁目,-,東京都新宿区西新宿2-11,35.690124,139.689223,D6-04.新宿中央公園（ちびっこ広場）/Shinjuku Central Park (Playground),-,営業時間 24時間 / Open for 24 hours
新宿区,西新宿２丁目,-,東京都新宿区西新宿2-11,35.690124,139.689223,D6-06.新宿中央公園（エコギャラリー下）/ Shinjuku Central Park (Eco Gallery),-,営業時間 24時間 / Open for 24 hours
新宿区,西新宿２丁目,-,東京都新宿区西新宿2-11,35.690124,139.689223,D6-13.新宿中央公園（ジャブジャブ池下）/ Shinjuku Central Park (Water Play Pool),-,営業時間 24時間 / Open for 24 hours
新宿区,西新宿５丁目,-,東京都新宿区西新宿5-5,35.693319,139.686830,D6-19.西新宿五丁目中央 / Nishi-Shinjuku 5-chome center,-,営業時間 24時間 / Open for 24 hours
新宿区,西新宿５丁目,-,東京都新宿区西新宿5-13,35.693389,139.686112,D6-20.淀橋けやきばし公園 / Yodobashi Keyakibashi Park,-,営業時間 24時間 / Open for 24 hours
新宿区,新宿５丁目,-,東京都新宿区新宿5-3,35.692377,139.711242,D6-21.新宿5丁目 / Shinjuku 5-Chome,-,営業時間 24時間 / Open for 24 hours
新宿区,新宿３丁目,-,東京都新宿区新宿3-37先,35.689756,139.701508,D6-25.新宿駅東南口自転車駐輪場 / Shinjuku Station Southeast Exit Bicycle Parking lot,-,営業時間 24時間 / Open for 24 hours
新宿区,中落合１丁目,-,東京都新宿区中落合1-18,35.715546,139.687389,D7-03.中井駅北 / Nakai Station North,-,営業時間 24時間 / Open for 24 hours
江東区,豊洲５丁目,-,東京都江東区豊洲5-5,35.653241,139.796844,H1-02.豊洲駅 / Toyosu Station,-,営業時間 24時間 / Open for 24 hours
江東区,豊洲３丁目,-,東京都江東区豊洲3-1,35.659170,139.793008,H1-01.豊洲IHIビル前（晴海通り） / Toyosu IHI Building,-,営業時間 24時間 / Open for 24 hours
江東区,有明３丁目,-,東京都江東区有明3-6,35.631155,139.790451,H1-05.相鉄グランドフレッサ 東京ベイ有明 / SOTETSU GRAND FRESA TOKYO-BAY ARIAKE,-,営業時間 24時間 / Open for 24 hours
江東区,東雲２丁目,-,東京都江東区東雲2-8,35.641060,139.805155,H1-03.東雲駅 / Shinonome Station,-,営業時間 24時間 / Open for 24 hours
江東区,有明３丁目,-,東京都江東区有明3-3,35.631661,139.785977,H1-06.武蔵野大学 / Musashino University,-,営業時間 24時間 / Open for 24 hours
江東区,有明３丁目,-,東京都江東区有明3-7,35.632912,139.792689,H1-04.石と光の広場（国際展示場駅） / Ishito Hikarino Hiroba (Kokusai-tenjijo Station),-,営業時間 24時間 / Open for 24 hours
江東区,青海１丁目,-,東京都江東区青海1-1,35.623768,139.774154,H1-10.出会い橋 / Deaibashi Bridge,-,営業時間 24時間 / Open for 24 hours
港区,台場１丁目,-,東京都港区台場1-5,35.630058,139.777669,H1-09.お台場海浜公園駅 / Odaiba Kaihin Park Station,-,営業時間 24時間 / Open for 24 hours
江東区,青海１丁目,-,東京都江東区青海1-3,35.626009,139.781184,H1-07.青海駅 / Aomi Station,-,営業時間 24時間 / Open for 24 hours
江東区,青海１丁目,-,東京都江東区青海1-2,35.627794,139.779905,H1-08.東京テレポート駅 / Tokyo Teleport Station,-,営業時間 24時間 / Open for 24 hours
江東区,青海２丁目,-,東京都江東区青海2-4,35.618093,139.778627,H1-11.テレコムセンター駅 / Telecom Center Station,-,営業時間 24時間 / Open for 24 hours
江東区,豊洲２丁目,-,東京都江東区豊洲2-4,35.654791,139.791587,H1-13.アーバンドックららぽーと豊洲 / Urban Dock LaLaport TOYOSU,-,営業時間 24時間 / Open for 24 hours
江東区,青海２丁目,-,東京都江東区青海2-6,35.615698,139.777669,H1-12.大江戸温泉物語 / Ohedo Onsen Monogatari,-,営業時間 24時間 / Open for 24 hours
港区,台場２丁目,-,東京都港区台場2-6,35.625201,139.771278,H1-15.台場駅 / Daiba Station,-,営業時間 24時間 / Open for 24 hours
江東区,豊洲３丁目,-,東京都江東区豊洲3-5,35.657835,139.796844,H1-16.豊洲三丁目公園 / Toyosu 3-Chome Park,-,営業時間 24時間 / Open for 24 hours
江東区,有明３丁目,-,東京都江東区有明3-11,35.629977,139.793967,H1-18.東京ビッグサイト / Tokyo Bigsight,-,営業時間 / Open 8:00-20:00
江東区,豊洲４丁目,-,東京都江東区豊洲4-10,35.653821,139.802598,H1-19.UR豊洲四丁目団地 / UR Toyosu 4-Chome Danchi,-,営業時間 24時間 / Open for 24 hours
江東区,豊洲６丁目,-,東京都江東区豊洲6-6,35.641453,139.782462,H1-22.豊洲市場（7街区）/ Toyosu market block 7,-,営業時間 24時間 / Open for 24 hours
江東区,豊洲６丁目,-,東京都江東区豊洲6-10-8,35.645604,139.785658,H1-29.スカイズタワー&ガーデン / SKYZ TOWER&GARDEN,-,営業時間 24時間 / Open for 24 hours
江東区,木場１丁目,-,東京都江東区木場1-5,35.666233,139.804196,H1-33.深川ギャザリア（ウエストスクエア） / FUKAGAWA GATHARIA(West Square),-,営業時間 24時間 / Open for 24 hours
江東区,東雲２丁目,-,東京都江東区東雲2-15,35.639349,139.800520,H1-37.東雲駅（東京湾岸道路）/ Shinonome Sta.(Wangan Road),-,営業時間 24時間 / Open for 24 hours
江東区,辰巳１丁目,-,東京都江東区辰巳1-12,35.644574,139.809631,H1-39.辰巳駅東口自転車駐車場 / Tatsumi station east entrance bicycle garaje,-,営業時間 24時間 / Open for 24 hours
江東区,平野３丁目,-,東京都江東区平野3-2-30,35.676454,139.804763,H1-41.深川北スポーツセンター / Fukagawa North Sports Center,-,営業時間 / Open 8:30-20:00休館日 / Closing day毎月第2･4月曜日(祝･休日の場合は翌日)年末年始(12月29日~1月3日)This port can not be used on the 2nd and 4th Mondays. We will close from December 29 to January 3.
江東区,豊洲２丁目,-,東京都江東区豊洲2-2,35.654196,139.794926,"H1-50.豊洲交通広場北 / Toyosu Transportation Square
North",-,営業時間 24時間 / Open for 24 hours
江東区,豊洲２丁目,-,東京都江東区豊洲2-2,35.654196,139.794926,"H1-51.豊洲交通広場東 / Toyosu Transportation Square
East",-,営業時間 24時間 / Open for 24 hours
江東区,南砂３丁目,-,東京都江東区南砂3-8,35.671713,139.830096,H1-56.南砂三丁目緑地公園西 / Minamisuna 3-Chome Park West,-,営業時間 24時間 / Open for 24 hours
江東区,新木場１丁目,-,東京都江東区新木場1-5,35.646565,139.827537,H1-57.新木場駅 / Shinkiba Station,-,営業時間 24時間 / Open for 24 hours
江東区,潮見２丁目,-,東京都江東区潮見2-7,35.658190,139.817464,H1-58.潮見駅 / Shiomi Station,-,営業時間 24時間 / Open for 24 hours
江東区,東砂３丁目,-,東京都江東区東砂3-28先,35.679845,139.844329,H1-60.荒川・砂町庭球場西 / Arakawa Sunamachi tennis court West,-,営業時間 24時間 / Open for 24 hours
江東区,豊洲６丁目,-,東京都江東区豊洲6-4-2,35.648347,139.786103,H1-61.Brillia ランニングスタジアム マギーズ東京前 / Brillia Running Stadium Maggie's Tokyo Front,-,営業時間 24時間 / Open for 24 hours
江東区,北砂３丁目,-,東京都江東区北砂3-3-7,35.683572,139.827159,H1-82.セブン-イレブン 北砂3丁目明治通り店 / Seven-Eleven Kitasuna 3-Chome Meijidori store,-,営業時間 24時間 / Open for 24 hours
江東区,東雲２丁目,-,東京都江東区東雲2-3-22,35.642254,139.800258,H1-83.ローソン江東東雲店 / LAWSON Koto Shinonome shop,-,営業時間 24時間 / Open for 24 hours
江東区,塩浜２丁目,-,東京都江東区塩浜2-4-35,35.662213,139.803764,H1-87.パークアクシス木場キャナルウエスト / Park Axis Kiba Canal West,-,営業時間 24時間 / Open for 24 hours
江東区,新木場１丁目,-,東京都江東区新木場1-12,35.640697,139.835853,H1-93.新木場一丁目公園 / Shinkiba 1chome Park,-,営業時間 24時間 / Open for 24 hours
江東区,亀戸５丁目,-,東京都江東区亀戸5-1,35.697679,139.827537,H1-92.亀戸駅東口第二自転車駐車場 / Kameido sta. East 2nd Bicycle garage,-,営業時間 24時間 / Open for 24 hours
江東区,新木場１丁目,-,東京都江東区新木場1-10,35.644400,139.836492,H1-94.新木場一丁目緑地公園 / Shinkiba 1chome Ryokchi Park,-,営業時間 24時間 / Open for 24 hours
江東区,若洲３丁目,-,東京都江東区若洲3-2,35.618807,139.834247,H1-95.若洲公園 / H1-95.Wakasu Park,-,営業時間 24時間 / Open for 24 hours
江東区,塩浜１丁目,-,東京都江東区塩浜1-4,35.662912,139.801639,H1-97.浜園公園 / Hamazono Park,-,営業時間 24時間 / Open for 24 hours
江東区,越中島１丁目,-,東京都江東区越中島1-3,35.670584,139.788534,H1-96.越中島公園 / Etchujima Park,-,営業時間 24時間 / Open for 24 hours
江東区,南砂３丁目,-,東京都江東区南砂3-14,35.669450,139.832334,H1-99.南砂三丁目公園 / Minamisuna 3chome Park,-,営業時間 24時間 / Open for 24 hours
江東区,東陽３丁目,-,東京都江東区東陽3-1,35.668611,139.809511,H1-98.洲崎川緑道公園 / Suzakigawa Ryokdo Park,-,営業時間 24時間 / Open for 24 hours
江東区,清澄２丁目,-,東京都江東区清澄2-2,35.680289,139.795565,H1-103.清澄庭園 / Kiyosumi Teien Park,-,営業時間 24時間 / Open for 24 hours
江東区,平野４丁目,-,東京都江東区平野4-6,35.678104,139.808032,H1-104.木場公園 / Kiba Park,-,営業時間 24時間 / Open for 24 hours
江東区,毛利２丁目,-,東京都江東区毛利2-13,35.690237,139.818264,H1-105.猿江恩賜公園 / Sarue Onshi Park,-,営業時間 24時間 / Open for 24 hours
江東区,大島９丁目,-,東京都江東区大島9-8,35.692721,139.846728,H1-107.大島小松川公園 / Ojima Komatsugawa Park,-,営業時間 24時間 / Open for 24 hours
江東区,亀戸８丁目,-,東京都江東区亀戸8-2,35.699345,139.834573,H1-106.亀戸中央公園 / Kameido Chuo Park,-,営業時間 24時間 / Open for 24 hours
江東区,東雲１丁目,-,東京都江東区東雲1-9,35.646707,139.804196,H1-108.Brillia ist 東雲キャナルコート北側 /Brillia ist Shinonome Canal Court North,-,営業時間 24時間 / Open for 24 hours
江東区,東雲１丁目,-,東京都江東区東雲1-9,35.646707,139.804196,H1-109.Brillia ist 東雲キャナルコート東側 / Brillia ist Shinonome Canal Court East,-,営業時間 24時間 / Open for 24 hours
江東区,木場６丁目,-,東京都江東区木場6-4-20,35.666862,139.807682,H1-111.ファミリーマート木場六丁目店 / Family Mart Kiba 6Chome Store,-,営業時間 24時間 / Open for 24 hours
江東区,夢の島３丁目,-,東京都江東区夢の島3-2,35.650305,139.836172,H1-115.東京夢の島マリーナ 第4駐車場 / Tokyo Yumenoshima Marina 4th Parking,-,営業時間 24時間 / Open for 24 hours
江東区,夢の島２丁目,-,東京都江東区夢の島2-1,35.650552,139.827230,H1-114.東京夢の島マリーナ / Tokyo Yumenoshima Marina,-,営業時間 24時間 / Open for 24 hours
江東区,青海１丁目,-,東京都江東区青海1-3,35.626009,139.781184,H1-116.出会い橋高架下 / Deaibashi Bridge (underpass),-,営業時間 24時間 / Open for 24 hours
江東区,牡丹２丁目,-,東京都江東区牡丹2-1,35.669620,139.795086,H1-127.古石場川親水公園 / Furuishiba river water park,-,営業時間 24時間 / Open for 24 hours
江東区,豊洲６丁目,-,東京都江東区豊洲6-3,35.645797,139.787575,H1-128.豊洲市場（5街区）/ Toyosu Market Block5,-,営業時間 24時間 / Open for 24 hours
江東区,豊洲６丁目,-,東京都江東区豊洲6-5,35.644155,139.783234,H1-129.豊洲市場（6街区）/ Toyosu Market Block6,-,営業時間 24時間 / Open for 24 hours
江東区,豊洲６丁目,-,東京都江東区豊洲6-5先,35.644155,139.783234,H1-134.豊洲ぐるり公園 / Toyosu Gururi park,-,営業時間 24時間 / Open for 24 hours
江東区,佐賀２丁目,-,東京都江東区佐賀2-12-7,35.678920,139.793460,H1-131.セブン-イレブン江東佐賀2丁目店 / Seven-Eleven Koto Saga 2chome Store,-,営業時間 24時間 / Open for 24 hours
江東区,北砂２丁目,-,東京都江東区北砂2-9,35.679447,139.826098,H1-133.北砂2丁目公園 / Kitasuna 2 chome park,-,営業時間 24時間 / Open for 24 hours
江東区,北砂５丁目,-,東京都江東区北砂5-20,35.684063,139.832974,H1-135.北砂5丁目団地 / Kitasuna 5 chome Danchi,-,営業時間 24時間 / Open for 24 hours
江東区,有明２丁目,-,東京都江東区有明2-1-8,35.637459,139.792209,H1-137.住友不動産ショッピングシティ有明ガーデン / ARIAKE GARDEN,-,営業時間 24時間 / Open for 24 hours
江東区,大島７丁目,-,東京都江東区大島7-13,35.694142,139.838971,H1-148.大島七丁目団地 / Ojima 7 chome Danchi,-,営業時間 24時間 / Open for 24 hours
江東区,有明２丁目,-,東京都江東区有明2-1-8,35.637459,139.792209,H1-149.有明ガーデン 公園口 / ARIAKE GARDEN PARK ENTRANCE,-,営業時間 24時間 / Open for 24 hours
江東区,有明２丁目,-,東京都江東区有明2-1-8,35.637459,139.792209,H1-150. ホテルヴィラフォンテーヌ南側 / Hotel Villa Fontaine South side,-,営業時間 24時間 / Open for 24 hours
品川区,大井１丁目,-,東京都品川区大井1-2,35.606382,139.734707,I1-03.大井町駅中央口（西側）/ Oimachi Station Central Exit (West Side),-,営業時間 24時間 / Open for 24 hours
品川区,大井１丁目,-,東京都品川区大井1-2,35.606382,139.734707,I1-04.大井町歩道橋 / Oimachi Footbridge,再開日時：2020年8月5日(水) 12：00 (予定),営業時間 24時間 / Open for 24 hours
品川区,南大井２丁目,-,東京都品川区南大井2-10,35.590367,139.736303,I1-07.しながわ水族館 / Shinagawa Aquarium,-,営業時間 24時間 / Open for 24 hours
品川区,東品川４丁目,-,東京都品川区東品川4-12-13,35.607722,139.749454,I1-10.品川シーサイド公園第1 / Shinagawa Sea Side Park Dai-1,-,営業時間 24時間 / Open for 24 hours
品川区,東品川２丁目,-,東京都品川区東品川2-3,35.621943,139.751329,I1-08.天王洲アイル第一水辺広場 / Tennozu Isle Dai-1 Waterside Square,-,営業時間 24時間 / Open for 24 hours
品川区,勝島３丁目,-,東京都品川区勝島3-2,35.596109,139.740895,I1-12.しながわ区民公園（北側）/ Shinagawa-kumin Park (North Side),-,営業時間 / Open 7:30-17:00
品川区,東品川４丁目,-,東京都品川区東品川4-9-2,35.609275,139.745324,I1-15.セブン-イレブン 東品川4丁目店 / Seven-Eleven Shinagawa Higashishinagawa 4 Chome shop,-,営業時間 24時間 / Open for 24 hours
品川区,東大井１丁目,-,東京都品川区東大井1-13-2,35.604009,139.744515,I1-11.鮫洲入江広場 / Samezu Irie Park,-,営業時間 24時間 / Open for 24 hours
品川区,東品川４丁目,-,東京都品川区東品川4-12,35.609669,139.748279,I1-19.品川シーサイド公園第2 / Shinagawa Sea Side Park Dai-2,-,営業時間 24時間 / Open for 24 hours
品川区,東品川１丁目,-,東京都品川区東品川1-7,35.621672,139.742051,I1-16.品川浦第一 / Shinagawa-ura Dai-1,-,営業時間 24時間 / Open for 24 hours
品川区,八潮５丁目,-,東京都品川区八潮5-6,35.597642,139.750514,I1-20.しおじ公園 / Shioji Park,-,営業時間 24時間 / Open for 24 hours
品川区,勝島１丁目,-,東京都品川区勝島1-1-6,35.601497,139.745085,I1-22.ウィラ大井（ショッピングモール）/ WiRA Ooi (Shopping Mall),-,営業時間 / Open 7:30-23:30
品川区,北品川３丁目,-,東京都品川区北品川3-11,35.616421,139.739337,I1-23.東海橋防災船着場 / Tokai Bridge Disaster Prevention Port,-,営業時間 24時間 / Open for 24 hours
品川区,大崎２丁目,-,東京都品川区大崎2-11,35.616966,139.729598,I1-26.大崎西口公園 / Osaki Nishiguchi Park,-,営業時間 24時間 / Open for 24 hours
品川区,北品川５丁目,-,東京都品川区北品川5-7,35.621051,139.731194,I1-27.小関橋公園  / Koseki Bashi Park,-,営業時間 24時間 / Open for 24 hours
品川区,南大井６丁目,-,東京都品川区南大井6-11-13,35.590752,139.732893,I1-36.ローソン 南大井六丁目店 / LAWSON Minami-Oi 6 Chome shop,-,営業時間 24時間 / Open for 24 hours
品川区,南大井１丁目,-,東京都品川区南大井1-13,35.595505,139.736942,I1-43.京急南大井駐車場 / KEIKYU Parking Minamioi,-,営業時間 24時間 / Open for 24 hours
品川区,南品川２丁目,-,東京都品川区南品川2-3,35.611177,139.742370,I1-42.京急青横駐車場 / KEIKYU Parking Aoyoko,-,営業時間 24時間 / Open for 24 hours
品川区,大井４丁目,-,東京都品川区大井4-3,35.604531,139.734387,I1-44.大井三ツ又商店街入口 / Oi-Mitsumata-Shopping Street Entrance,-,営業時間 24時間 / Open for 24 hours
品川区,東大井１丁目,-,東京都品川区東大井1-22,35.603743,139.741732,I1-49.京急鮫洲バイク駐輪場 / KEIKYU Bicycle Parking Samezu,-,営業時間 24時間 / Open for 24 hours
品川区,東大井２丁目,-,東京都品川区東大井2-21,35.599145,139.738858,I1-50.京急立会川第2バイク駐輪場 / KEIKYU Bicycle Parking Tachiaigawa 2,-,営業時間 24時間 / Open for 24 hours
品川区,南大井３丁目,-,東京都品川区南大井3-32,35.588388,139.735664,I1-51.京急鈴ヶ森駐車場 / KEIKYU Parking Suzugamori,-,営業時間 24時間 / Open for 24 hours
品川区,南大井４丁目,-,東京都品川区南大井4-18-14,35.593485,139.735070,I1-55.鈴ヶ森公園 / Suzugamori Park,-,営業時間 24時間 / Open for 24 hours
品川区,八潮５丁目,-,東京都品川区八潮5-11-16,35.600345,139.753698,I1-67.八潮公園第一 / Yashio Park Dai-1,-,営業時間 24時間 / Open for 24 hours
品川区,八潮５丁目,-,東京都品川区八潮5-11-16,35.600345,139.753698,I1-68.八潮公園第二 / Yashio Park Dai-2,-,営業時間 24時間 / Open for 24 hours
品川区,東品川１丁目,-,東京都品川区東品川1-7,35.621672,139.742051,I1-79.品川浦第二 / Shinagawa-ura Dai-2,-,営業時間 24時間 / Open for 24 hours
品川区,八潮５丁目,-,東京都品川区八潮5-5,35.599525,139.750195,I1-83.かもめ歩道橋 / Kamome Footbridge,-,営業時間 24時間 / Open for 24 hours
渋谷区,恵比寿４丁目,-,東京都渋谷区恵比寿4-20-55,35.643489,139.712632,M2-02.アメリカ橋公園 / American Bridge Park,-,営業時間 24時間 / Open for 24 hours
渋谷区,桜丘町,-,東京都渋谷区桜ヶ丘23-21,35.655458,139.699965,M3-02.文化総合センター大和田 / Shibuya Cultural Center Owada,-,営業時間 24時間 / Open for 24 hours
渋谷区,恵比寿３丁目,-,東京都渋谷区恵比寿3-36-6,35.642306,139.719342,M2-09.カーサス プレンディッド恵比寿 / CASA SPLENDIDO EBISU,-,営業時間 24時間 / Open for 24 hours
渋谷区,渋谷２丁目,-,東京都渋谷区渋谷2-22,35.658244,139.703742,M3-13.渋谷駅東口地下駐輪場 / Shibuya Station East Bicycle Basement,-,営業時間 / Open 4:30 - 25:30
渋谷区,神宮前３丁目,-,東京都渋谷区神宮前3-25-28,35.671799,139.708210,M4-06.THE SHARE 原宿 / THE SHARE Harajuku,-,営業時間 24時間 / Open for 24 hours
渋谷区,千駄ケ谷１丁目,-,東京都渋谷区千駄ヶ谷1-32,35.680893,139.712998,M4-07.千駄ヶ谷駅前 / Sendagaya Station,-,営業時間 24時間 / Open for 24 hours
渋谷区,千駄ケ谷５丁目,-,東京都渋谷区千駄ヶ谷5-25-2,35.684751,139.703503,M4-11.千駄ヶ谷5丁目 / Sendagaya 5 chome,-,営業時間 24時間 / Open for 24 hours
渋谷区,初台１丁目,-,"東京都渋谷区初台1-53,54先",35.680446,139.686192,M5-01.初台駅南口 / Hatsudai Sta. South Exit,-,営業時間 24時間 / Open for 24 hours
渋谷区,西原３丁目,-,東京都渋谷区西原3-8,35.669624,139.680848,M5-09.代々木上原駅前 / Yoyogi-Uehara Station,-,営業時間 24時間 / Open for 24 hours
渋谷区,幡ケ谷２丁目,-,東京都渋谷区幡ヶ谷2-13先,35.677419,139.676701,M6-01.幡ヶ谷駅高架下第一 / Hatagaya Sta. Underpass 1st,-,営業時間 24時間 / Open for 24 hours
渋谷区,笹塚２丁目,-,東京都渋谷区笹塚2-1,35.675882,139.670561,M6-07.笹塚東 / Sasazuka Higashi,-,営業時間 24時間 / Open for 24 hours
渋谷区,笹塚１丁目,-,東京都渋谷区笹塚1-54,35.674637,139.669604,M6-11.京王サイクルパーク笹塚 / KEIO Cyclepark Sasazuka,-,営業時間 24時間 / Open for 24 hours
港区,愛宕２丁目,虎ノ門,東京都港区愛宕2-5-1,35.662076,139.748915,C1-09.愛宕グリーンヒルズ / Atago GREEN HILLS,-,営業時間 24時間 / Open for 24 hours
千代田区,一ツ橋１丁目,-,東京都千代田区一ツ橋１-2-2,35.692070,139.756556,A2-17.竹橋ビル / Takebashi Building,-,営業時間 24時間 / Open for 24 hours
千代田区,一番町,-,東京都千代田区一番町2-2,35.688416,139.744269,A6-16.一番町第二TGビル / Ichibancho-daini TG Building,-,営業時間 24時間 / Open for 24 hours
渋谷区,宇田川町,-,東京都渋谷区宇田川町1-1,35.664101,139.698511,M1-01.渋谷区役所 / Shibuya City Office,-,営業時間 24時間 / Open for 24 hours
渋谷区,宇田川町,-,東京都渋谷区宇田川町16-4,35.661450,139.699204,M3-09.ティップ.クロス TOKYO 渋谷 / TIP.X TOKYO Shibuya,-,営業時間 / Open 平日 / Weekday  7:00-23:15土曜 / Sat.  9:30-22:00日･祝日 / Sun. and Holidays 9:30-20:00上記利用時間外は自転車の貸出返却ができませんのでご注意下さい｡※1月13日(火)~3月7日(日) 平日 7:00~20:00 土日祝 9:30~20:00毎月4日･20日は全館休館のため､ﾎﾟｰﾄもご利用できなくなります｡
品川区,荏原３丁目,-,東京都品川区荏原3-8-14,35.617448,139.706556,I1-28.ローソン 品川荏原三丁目店 / LAWSON Shinagawa Ebara 3 Chome shop,-,営業時間 24時間 / Open for 24 hours
千代田区,永田町１丁目,赤坂,東京都千代田区永田町1-11-16,35.678137,139.742473,A5-03.参議院第二別館（永田町駅2番出口） / Second Annex of House of Councillors（Nagatacho station No.2 Exit),-,営業時間 24時間 / Open for 24 hours
千代田区,永田町２丁目,赤坂,東京都千代田区永田町2-11-1,35.673050,139.740722,A5-02.山王パークタワー / Sanno Park,-,営業時間 24時間 / Open for 24 hours
千代田区,永田町２丁目,赤坂,東京都千代田区永田町2-10-2,35.674601,139.741152,【休止中】A5-06.APA HOTEL PRIDE〈国会議事堂前〉/ APA HOTEL PRIDE〈KOKKAIGIJIDOMAE〉,休止日時：2月6日（土）17:30～6月末（予定）,営業時間 24時間 / Open for 24 hours
渋谷区,円山町,-,東京都渋谷区円山町25-5,35.656083,139.693455,M3-18.渋谷カプセルバンブーホテル / Shibuya Capsule BAMBOO HOTEL,-,営業時間 24時間 / Open for 24 hours
渋谷区,猿楽町,-,東京都渋谷区猿楽町17-5,35.648884,139.699776,M3-03.代官山T-SITE / DAIKANYAMA T-SITE,-,営業時間 24時間 / Open for 24 hours
江東区,塩浜２丁目,-,東京都江東区塩浜2-25-1,35.664646,139.814434,H1-32.区営塩浜住宅前 / Shiohama Juutaku,-,営業時間 24時間 / Open for 24 hours
江東区,塩浜２丁目,-,東京都江東区塩浜2-14-1,35.662992,139.808668,H1-112.ファミリーマート江東塩浜二丁目店 / Family Mart Koto Shiohama 2Chome Store,-,営業時間 24時間 / Open for 24 hours
新宿区,下落合１丁目,-,東京都新宿区下落合1-9-8,35.715957,139.698918,D7-01.下落合図書館 / Shimo-Ochiai Library,-,営業時間 24時間 / Open for 24 hours
新宿区,下落合３丁目,-,東京都新宿区下落合3-20-6,35.722730,139.701997,D7-04.セブン-イレブン 新宿下落合3丁目店 / Seven-Eleven Shinjuku Shimoochiai 3chome store,-,営業時間 24時間 / Open for 24 hours
新宿区,歌舞伎町１丁目,-,東京都新宿区歌舞伎町1-4-1,35.693893,139.703426,D6-01.新宿区役所本庁舎 / Shinjuku City Office Main Bldg.,-,営業時間 24時間 / Open for 24 hours
新宿区,歌舞伎町２丁目,-,東京都新宿区歌舞伎町2-31-17,35.697581,139.703763,D6-23. アパホテル 東新宿 歌舞伎町西 / APA Hotel Higashi Shinjuku Kabukicho Nishi,-,営業時間 24時間 / Open for 24 hours
新宿区,河田町,-,東京都新宿区河田町7-12,35.696992,139.718737,D4-06.グリーンフォート河田 / Green Fort Kawada,-,営業時間 24時間 / Open for 24 hours
港区,海岸１丁目,-,東京都港区海岸1-2-20,35.656851,139.759400,C1-21.汐留ビルディング / Shiodome Building,-,営業時間 24時間 / Open for 24 hours
港区,海岸２丁目,-,東京都港区海岸2-1-16,35.650876,139.758830,C5-17.鈴与浜松町ビル / Suzuyo Hamamatsucho Building,-,営業時間 24時間 / Open for 24 hours
港区,海岸２丁目,-,東京都港区海岸2-2-6,35.648586,139.757690,C5-27.プレミア海岸ビル / Premier Kaigan Bldg,-,営業時間 24時間 / Open for 24 hours
港区,海岸２丁目,-,東京都港区海岸2-7-103,35.651658,139.760752,C5-29.Hi-NODE（ハイノード）,-,営業時間 24時間 / Open for 24 hours
港区,海岸３丁目,-,東京都港区海岸3-11-15,35.639846,139.755347,C5-25.NEX-TEC芝浦 / NEX-TEC Shibaura,-,営業時間 24時間 / Open for 24 hours
港区,海岸３丁目,-,東京都港区海岸3-18-1,35.644729,139.756577,C5-26.ピアシティ芝浦ビル / PIRE CITY SHIBAURA BUILDING,-,営業時間 24時間 / Open for 24 hours
港区,海岸３丁目,-,東京都港区海岸3-5-13,35.636571,139.751615,"C5-34.五色橋ビル /
GOSHIKIBASHI BLDG.",-,営業時間 24時間 / Open for 24 hours
江東区,海辺,-,東京都江東区海辺2-7,35.680497,139.817963,H1-124.セブン‐イレブン江東海辺店 / Seven-Eleven Koto Umibe store,-,営業時間 24時間 / Open for 24 hours
千代田区,外神田２丁目,-,東京都千代田区外神田2-16-2,35.702102,139.767938,A3-08.神田明神（神田神社）/ Kanda Myoujin (Kanda Shrine ),-,営業時間 24時間 / Open for 24 hours
千代田区,外神田３丁目,-,東京都千代田区外神田3-5-18,35.701897,139.769751,A3-10.芳林公園（北側）/ Hourin Park(North Side),-,営業時間 24時間 / Open for 24 hours
千代田区,外神田４丁目,-,東京都千代田区外神田4-14-1,35.700325,139.772566,A3-12.秋葉原UDX北側駐輪場前 / Akihabara UDX(North Side),-,営業時間 24時間 / Open for 24 hours
千代田区,外神田４丁目,-,東京都千代田区外神田1-18-13 ,35.699226,139.772155,A3-41.秋葉原ダイビル / Akihabara Daibiru Building,-,営業時間 24時間 / Open for 24 hours
千代田区,外神田６丁目,-,東京都千代田区外神田6-11-19,35.703755,139.771042,A3-11.練成公園 / Rensei Park,-,営業時間 24時間 / Open for 24 hours
千代田区,丸の内１丁目,大丸有,東京都千代田区丸の内1-6-2,35.684122,139.766415,A4-08.永代通り（大手町駅B2c出口前） / Eitai-dori（beside Otemachi Sta.B2c Exit）,-,営業時間 24時間 / Open for 24 hours
千代田区,丸の内２丁目,大丸有,東京都千代田区丸の内2-4-1,35.680976,139.763784,A4-01.丸ビル（南側駐輪場） / Marunouchi Build.(Southern Cycle Port),-,営業時間 24時間 / Open for 24 hours
千代田区,丸の内３丁目,大丸有,東京都千代田区丸の内3-5-1,35.676751,139.763527,A4-03.東京国際フォーラム（メトロD5出口） / Tokyo International Forum (Metro D5 Exit),-,営業時間 24時間 / Open for 24 hours
千代田区,岩本町１丁目,-,東京都千代田区岩本町1-1-1,35.691136,139.775316,A3-16.地蔵橋東児童遊園 / Jizoubashi East Children Park,-,営業時間 24時間 / Open for 24 hours
千代田区,岩本町１丁目,-,東京都千代田区岩本町1-14-1,35.693201,139.779745,A3-22.龍閑児童公園 / Ryukan Children’s Park,-,営業時間 24時間 / Open for 24 hours
千代田区,岩本町２丁目,-,東京都千代田区岩本町2-15-3,35.694328,139.777812,A3-24.岩本町ほほえみプラザ / Iwamoto-cho Hohoemi Plaza,-,営業時間 24時間 / Open for 24 hours
品川区,旗の台２丁目,-,東京都品川区旗の台2-4-22,35.607151,139.705116,I1-25.セブン-イレブン 品川旗の台２丁目店 / 7-Eleven Shinagawa Hatanodai 2 Chome shop,-,営業時間 24時間 / Open for 24 hours
千代田区,紀尾井町,赤坂,東京都千代田区紀尾井町3-12,35.682223,139.736936,A6-09.紀尾井町ビル（北側） / Kioicho Building(North side),-,営業時間 24時間 / Open for 24 hours
千代田区,紀尾井町,赤坂,東京都千代田区紀尾井町3-12,35.682223,139.736936,A6-10.紀尾井町ビル（西側） / Kioicho Building(West side),-,営業時間 24時間 / Open for 24 hours
江東区,亀戸１丁目,-,東京都江東区亀戸1-41-2,35.696998,139.823899,H1-91.亀戸駅北口第三自転車駐車場 / Kameido sta. North 3rd Bicycle garage,-,営業時間 24時間 / Open for 24 hours
江東区,亀戸２丁目,-,東京都江東区亀戸2-1-21,35.697545,139.821920,H1-100. URアーバンライフ亀戸 / UR URBAN LIFE KAMEIDO,-,営業時間 24時間 / Open for 24 hours
江東区,亀戸２丁目,-,東京都江東区亀戸2-22-12,35.698399,139.825384,H1-118.ファミリーマート亀戸駅前店 / Family Mart Kameido Ekimae Store,-,営業時間 24時間 / Open for 24 hours
江東区,亀戸２丁目,-,東京都江東区亀戸2‐13-6,35.699054,139.822761,H1-141.スーパーホテル東京・亀戸 / Super Hotel Tokyo Kameido,-,営業時間 24時間 / Open for 24 hours
江東区,亀戸９丁目,-,東京都江東区亀戸9-18-10,35.697685,139.843294,H1-67.セブン-イレブン 江東亀戸９丁目店 / Seven-Eleven Koto Kameido 9chome store,-,営業時間 24時間 / Open for 24 hours
中央区,京橋２丁目,日八京,東京都中央区京橋2-16-1,35.676457,139.773033,B2-04.清水建設本社（都営地下鉄宝町A08出口） / Shimizu Corporation Head Office,-,営業時間 24時間 / Open for 24 hours
中央区,京橋２丁目,日八京,東京都中央区京橋2-2-1,35.677310,139.769534,B2-11.京橋エドグラン / KYOBASHI EDOGRAND,-,営業時間 24時間 / Open for 24 hours
中央区,銀座６丁目,-,東京都中央区銀座6-14-7,35.668580,139.765314,B3-15.ACホテル・バイ・マリオット東京銀座 / AC Hotel Tokyo Ginza,-,営業時間 24時間 / Open for 24 hours
中央区,銀座６丁目,-,東京都中央区銀座6-17-1,35.667487,139.766502,B3-17.銀座6丁目-SQUARE / Ginza 6-chome SQUARE,-,営業時間 24時間 / Open for 24 hours
千代田区,九段南１丁目,-,東京都千代田区九段南1-2-1,35.694012,139.753618,A1-01.千代田区役所 / Chiyoda City Office,-,営業時間 24時間 / Open for 24 hours
千代田区,九段北１丁目,-,東京都千代田区九段北1-13-5,35.696352,139.750506,A1-10.ヒューリック九段ビル / Hulic Kudan Building,-,営業時間 24時間 / Open for 24 hours
千代田区,九段北１丁目,-,東京都千代田区九段北1-13-12,35.695743,139.750616,A1-12.北の丸スクエア / KITANOMARU SQUARE,-,営業時間 24時間 / Open for 24 hours
渋谷区,恵比寿１丁目,-,東京都渋谷区恵比寿1-28-1,35.647535,139.715605,M2-06.あいおいニッセイ同和損保恵比寿ビル / Aioi Nissay Dowa Insurance Ebisu Bldg.,-,営業時間 24時間 / Open for 24 hours
渋谷区,恵比寿１丁目,-,東京都渋谷区恵比寿1-19-23,35.647123,139.712832,M2-07.ファミリーマート恵比寿駅東店 / FamilyMart Ebisu Station East Store,-,営業時間 24時間 / Open for 24 hours
渋谷区,恵比寿１丁目,-,東京都渋谷区恵比寿1-19-15,35.647358,139.713266,M3-10.ウノサワ東急ビル / Unosawa Tokyu Bldg,-,営業時間 24時間 / Open for 24 hours
渋谷区,恵比寿２丁目,-,東京都渋谷区恵比寿2-27-18,35.645310,139.719598,M2-01.恵比寿保健相談所（恵比寿社会教育館）/ Ebisu Public Health Consultation Center,-,営業時間 24時間 / Open for 24 hours
渋谷区,恵比寿２丁目,-,東京都渋谷区恵比寿2-5-4,35.647671,139.717894,M2-08.パークルール恵比寿 / PARK RULE EBISU,-,営業時間 24時間 / Open for 24 hours
渋谷区,恵比寿４丁目,-,東京都渋谷区恵比寿4-2-6恵比寿駅東口自転車駐車場2F,35.646491,139.710586,M2-03.サイカパーク恵比寿(2階) / Saika Park Ebisu (2nd floor),-,営業時間 24時間 / Open for 24 hours※JR｢恵比寿駅｣東口より徒歩1分､｢ｻﾝｸｽ恵比寿東口店｣の前にある､ｻｲｶﾊﾟｰｸ恵比寿駅東口 自転車駐輪場 2階の右奥にあります｡
渋谷区,恵比寿西１丁目,-,東京都渋谷区恵比寿西1-33-6,35.647000,139.704043,M3-15.co-ba ebisu,-,営業時間 24時間 / Open for 24 hours
中央区,月島２丁目,-,東京都中央区月島2-10-3先,35.663248,139.783922,B4-06.月島駅地下駐輪場 / Tsukishima Station Basement,-,営業時間 / Open 5:00~25:00(深夜1時)
中央区,月島２丁目,-,東京都中央区月島2-1-1先,35.663660,139.785162,B4-21.月島駅前第一駐輪場 / Tsukishima station square first bicycle parking,-,営業時間 24時間 / Open for 24 hours
中央区,月島４丁目,-,東京都中央区月島4-1-1,35.662091,139.782322,【休止中】B4-02.月島特別出張所 / Tsukishima Special Branch Office,休止日時：2020年10月21日（水）10：00～2021年3月中旬　,営業時間 24時間 / Open for 24 hours
港区,元赤坂１丁目,赤坂,東京都港区元赤坂1-3-13,35.676942,139.733650,C3-12.赤坂センタービルディング前（青山通り）/ Akasaka Center Building Mae(Aoyama-dori),-,営業時間 24時間 / Open for 24 hours
港区,元赤坂２丁目,-,東京都港区元赤坂2-2-23,35.678099,139.722157,【休止中】C3-18.明治記念館 / Meijikinenkan,休止期間：1月26日（火）21:00～再開日未定,営業時間 / Open 7:00-21:00
港区,元赤坂２丁目,-,東京都港区元赤坂2-2-23,35.678099,139.722157,C3-19.明治記念館西 / Meijikinenkan West,-,営業時間 24時間 / Open for 24 hours
港区,元麻布１丁目,-,東京都港区元麻布1-3-1,35.653708,139.732098,C2-14.元麻布ヒルズ / MOTOAZABU HILLS,-,営業時間 24時間 / Open for 24 hours
品川区,戸越１丁目,-,東京都品川区戸越1-27-1,35.616864,139.721387,I1-69.戸越1丁目 / Togoshi 1 Chome,-,営業時間 24時間 / Open for 24 hours
品川区,戸越５丁目,-,東京都品川区戸越5-20-12,35.608138,139.719205,I1-31.セブン-イレブン 品川戸越5丁目店 / Seven-Eleven Shinagawa Togoshi 5 Chome shop,-,営業時間 24時間 / Open for 24 hours
品川区,戸越６丁目,-,東京都品川区戸越6-7-24,35.608129,139.717782,I1-81.戸越6丁目 / Togoshi 6 Chome,-,営業時間 24時間 / Open for 24 hours
新宿区,戸塚町,-,東京都新宿区戸塚町1-104-19,35.710269,139.722589,D3-01.リーガロイヤルホテル東京 / RIHGA Royal Hotel Tokyo,-,営業時間 24時間 / Open for 24 hours
港区,虎ノ門１丁目,虎ノ門,東京都港区虎ノ門1-23-1,35.666822,139.749418,C1-04.虎ノ門ヒルズ / TORANOMON HILLS,-,営業時間 24時間 / Open for 24 hours
港区,虎ノ門１丁目,虎ノ門,東京都港区虎ノ門1-3-1,35.670090,139.749488,C1-64.東京虎ノ門グローバルスクエア / TOKYO TORANOMON GLOBAL SQUARE,-,営業時間 / Open 7:30~20:00(※注意 5台限定ﾎﾟｰﾄです!地上の満空表示を確認してから利用ください｡)
港区,虎ノ門２丁目,虎ノ門,東京都港区虎ノ門2-3-17,35.668464,139.746793,C1-27.虎ノ門２丁目タワー / TORANOMON 2-CHOME TOWER,-,営業時間 24時間 / Open for 24 hours
港区,虎ノ門２丁目,虎ノ門,東京都港区虎ノ門2-10-1,35.667456,139.745137,C1-57.虎ノ門ツインビルディング / Toranomon Twin Building,-,営業時間 24時間 / Open for 24 hours
港区,虎ノ門３丁目,虎ノ門,東京都港区虎ノ門3-8-8,35.666179,139.747758,C1-50.NTT虎ノ門ビル / NTT Toranomon Bldg.,-,営業時間 24時間 / Open for 24 hours
港区,虎ノ門３丁目,虎ノ門,東京都港区虎ノ門3-17-1,35.664060,139.746453,C1-54. ニッセイ虎ノ門ビル / NIPPON LIFE TORANOMON BUILDING,-,営業時間 24時間 / Open for 24 hours
港区,虎ノ門４丁目,虎ノ門,東京都港区虎ノ門4-3-1,35.664553,139.743194,C1-34.城山ガーデン/ SHIROYAMA GARDEN,-,営業時間 24時間 / Open for 24 hours
千代田区,五番町,-,東京都千代田区五番町12-1,35.688935,139.733420,A6-13.番町会館 / Banchokaikan,-,営業時間 / Open 平日 / Weekday 8:00-18:30土日祝日 / Weekend & Holidays: Closed
千代田区,五番町,-,東京都千代田区五番町１−９,35.690821,139.736436,A6-14.MG市ヶ谷ビルディング / MG Ichigaya Building,-,営業時間 24時間 / Open for 24 hours
品川区,広町２丁目,-,東京都品川区広町2-1-36,35.609181,139.730167,I1-01.品川区役所 本庁舎前 / Shinagawa City Office Beside Main Building,-,営業時間 24時間 / Open for 24 hours
品川区,広町２丁目,-,東京都品川区広町2-1-36,35.609181,139.730167,I1-02.品川区役所 第三庁舎前 / Shinagawa City Office Beside 3rd Building,-,営業時間 24時間 / Open for 24 hours
品川区,広町２丁目,-,東京都品川区広町2-1-36,35.609181,139.730167,I1-58.品川区役所 第二庁舎前 / Shinagawa City Office Beside 2nd Building,-,営業時間 24時間 / Open for 24 hours
渋谷区,広尾４丁目,-,東京都渋谷区広尾4-2-27,35.653319,139.721118,M2-04.広尾東公園 / Hiroo-Higashi Park,-,営業時間 24時間 / Open for 24 hours
渋谷区,広尾４丁目,-,東京都渋谷区広尾4-1-22,35.654524,139.717985,M2-05.日本赤十字医療センター / Japanese Red Cross Medical Center,-,営業時間 24時間 / Open for 24 hours
港区,港南１丁目,-,東京都港区港南1-9-24,35.629725,139.742181,C5-01.こうなん星の公園 / Konan-Hoshino Park,-,営業時間 24時間 / Open for 24 hours
港区,港南１丁目,-,東京都港区港南1-2-70,35.632490,139.743003,C5-06.品川シーズンテラス / SHINAGAWA SEASON TERRACE,-,営業時間 24時間 / Open for 24 hours
港区,港南２丁目,-,東京都港区港南2-15-1,35.627489,139.742030,C5-16.品川インターシティ / SHINAGAWA INTERCITY,-,営業時間 24時間 / Open for 24 hours
港区,港南２丁目,-,東京都港区港南2-16-1,35.627788,139.740748,C5-35.品川駅港南口 / Shinagawa Station Konan Exit,-,営業時間 24時間 / Open for 24 hours
港区,港南３丁目,-,東京都港区港南3-3-17,35.632980,139.749563,C5-07.港区立港南図書館 / Minato City Konan Library,-,営業時間 24時間 / Open for 24 hours
港区,港南３丁目,-,東京都港区港南3-7-16,35.631754,139.749656,C5-11.フェイバリッチタワー品川 / Favorich Tower Shinagawa,-,営業時間 24時間 / Open for 24 hours
港区,港南３丁目,-,東京都港区港南3-4-27,35.633940,139.748609,C5-12.第２東運ビル / NO.2 TOUN BUILDING (WAREHOUSE Konan),-,営業時間 24時間 / Open for 24 hours
港区,港南３丁目,-,東京都港区港南3-5-10,35.634078,139.748018,C5-18.パークタワー品川ベイワード / Park Tower Shinagawa Bayward,-,営業時間 24時間 / Open for 24 hours
港区,港南４丁目,-,東京都港区港南4-7-47,35.628171,139.750660,C5-02.港南緑水公園 / Konan-Ryokusui Park,-,営業時間 24時間 / Open for 24 hours
港区,港南４丁目,-,東京都港区港南4-5-3,35.626510,139.746512,C5-03.港南公園C / Konan Park,-,営業時間 24時間 / Open for 24 hours
新宿区,高田馬場１丁目,-,東京都新宿区高田馬場1-30-14,35.709650,139.703780,D3-11.コルティーレ高田馬場 / CORTILE Takadanobaba,-,営業時間 24時間 / Open for 24 hours
新宿区,高田馬場１丁目,-,東京都新宿区高田馬場1-4-10,35.710992,139.709010,D3-12.Bellus Vita,-,営業時間 24時間 / Open for 24 hours
新宿区,高田馬場２丁目,-,東京都新宿区高田馬場 2-18-1,35.714421,139.705076,D3-07.戸塚特別出張所 / Totsuka Special District Office,-,営業時間 24時間 / Open for 24 hours
新宿区,高田馬場３丁目,-,東京都新宿区高田馬場3-18-10,35.713915,139.698329,D3-06.セブン-イレブン 高田馬場3丁目中央店 / Seven-Eleven Takadanobaba 3-Chome Chuo store,-,営業時間 24時間 / Open for 24 hours
新宿区,高田馬場４丁目,-,東京都新宿区高田馬場4-12-5,35.713037,139.701435,D3-08.ホテルリブマックス高田馬場駅前 / HOTEL LiVEMAX TAKADANOBABA-EKIMAE,-,営業時間 24時間 / Open for 24 hours
港区,高輪１丁目,-,東京都港区高輪１丁目８−８,35.641804,139.734751,C4-01.高輪地区総合支所（5F） / Takanawa Regional City Office(5F),-,営業時間 24時間 / Open for 24 hours
港区,高輪２丁目,-,東京都港区高輪2-3-23,35.637926,139.734569,【休止中】C4-03.東海大学 高輪キャンパス / TOKAI UNIVERCITY Takanawa Campus,休止期間：4月15日（水）～当面の間休止,営業時間 / Open 月~金 / Mon.-Fri.  7:00-22:00土･日･祝 / Sat. Sun. & Holiday : Closed
港区,高輪３丁目,-,東京都港区高輪3-4-4,35.634887,139.732119,【休止中】C4-08.高輪三丁目 / Takanawa 3-chome,休止期間：2020年7月3日から当面の間、休止,営業時間 / Open 3:00 - 23:00
港区,高輪４丁目,-,東京都港区高輪4-10-30,35.628047,139.735463,C4-07.品川プリンスホテル / Shinagawa Prince Hotel,-,営業時間 24時間 / Open for 24 hours
千代田区,麹町２丁目,-,東京都千代田区麹町2-5-1,35.683685,139.740805,A6-22.半蔵門PREX South / Hanzomon PREX South,-,営業時間 24時間 / Open for 24 hours
千代田区,麹町４丁目,-,東京都千代田区麹町4-5-21,35.683648,139.736835,A6-20.紀尾井町PREX / Kioicho PREX,-,営業時間 24時間 / Open for 24 hours
千代田区,麹町６丁目,-,東京都千代田区麹町6-6-2,35.685671,139.732027,A6-19.東急四谷ビル / TOKYU Yotsuya building,-,営業時間 24時間 / Open for 24 hours
新宿区,細工町,-,東京都新宿区細工町1-17,35.698888,139.733392,D2-15.ロードス神楽坂ホテル / RHODES KAGURAZAKA HOTEL,-,営業時間 24時間 / Open for 24 hours
渋谷区,笹塚１丁目,-,東京都渋谷区笹塚1-46-1,35.673160,139.666073,M6-02.サイカパーク笹塚 / Saika Park Sasazuka,-,営業時間 24時間 / Open for 24 hours
渋谷区,笹塚１丁目,-,東京都渋谷区笹塚1-60-5,35.673134,139.663965,M6-14.ドコモショップ笹塚店 / docomo shop Sasazuka,-,営業時間 24時間 / Open for 24 hours
渋谷区,笹塚２丁目,-,東京都渋谷区笹塚2-32-8,35.674930,139.663388,M6-03.十三号通り公園 / 13 St. Park,-,営業時間 24時間 / Open for 24 hours
新宿区,四谷三栄町,-,東京都新宿区四谷三栄町12-16,35.689946,139.725712,D1-08.新宿歴史博物館 / Shinjuku Historical Museum,-,営業時間 / Open 9:30-17:30 休館日は第2･第4月曜日(休日にあたる場合は､その翌日)､年末年始12月29日~1月3日詳細については､以下のURLからご確認をお願いいたします｡https://www.regasu-shinjuku.or.jp/rekihaku/
江東区,三好４丁目,-,東京都江東区三好4-6-7,35.681362,139.809311,H1-132.セブン-イレブン江東三好4丁目店 / Seven-Eleven Koto Miyoshi 4chome Store,-,営業時間 24時間 / Open for 24 hours
港区,三田１丁目,-,東京都港区三田1-4-28,35.652624,139.744380,C1-24.三田国際ビル / Mita Kokusai Building,-,営業時間 24時間 / Open for 24 hours
港区,三田３丁目,-,東京都港区三田3-11-28,35.640923,139.741615,C1-44.三田Avanti / Mita Avanti,-,営業時間 24時間 / Open for 24 hours
港区,三田３丁目,-,東京都港区三田3-7-31,35.641769,139.740516,C1-47.パークプレイス三田 / Park Place Mita,-,営業時間 24時間 / Open for 24 hours
港区,三田３丁目,-,東京都港区三田3-3-6,35.647059,139.743418,【3/1 OPEN】C1-70.三田三丁目（聖坂）/ Mita 3-Chome (Hijirizaka),-,営業時間 24時間 / Open for 24 hours
港区,三田４丁目,-,東京都港区三田4-16-20,35.643766,139.740736,C4-10.亀塚公園 / Kamezuka Park,-,営業時間 24時間 / Open for 24 hours
港区,三田４丁目,-,東京都港区三田4-2-20,35.646130,139.740329,C4-09.ケーヨーデイツー三田店 / Keiyo D2 MITA,-,営業時間 24時間 / Open for 24 hours
新宿区,山吹町,-,東京都新宿区山吹町346-6,35.708303,139.731122,D3-10.日新ビル / NISSHIN BLDG.,-,営業時間 24時間 / Open for 24 hours
千代田区,四番町,-,東京都千代田区四番町6-2,35.689201,139.735778,A6-15.東急番町ビル / Tokyu Bancho Building,-,営業時間 24時間 / Open for 24 hours
新宿区,市谷加賀町２丁目,-,東京都新宿区市谷加賀町2-3-2,35.695604,139.727801,D4-03.市谷加賀町2丁目/ Ichigaya Kagacho 2-Chome,-,営業時間 24時間 / Open for 24 hours
新宿区,市谷砂土原町３丁目,-,東京都新宿区市谷砂土原町3-4-1,35.696249,139.735941,D2-10.市谷砂土原町3丁目 / Ichigaya Sadohara 3-Chome,-,営業時間 24時間 / Open for 24 hours
新宿区,市谷仲之町,-,東京都新宿区市谷仲之町3-36,35.694963,139.723203,D4-01.市谷仲之町 / Ichigaya Nakanocho,-,営業時間 24時間 / Open for 24 hours
新宿区,市谷本村町,-,東京都新宿区市谷本村町7-4,35.695079,139.725501,D2-13.THE CENTER TOKYO,-,営業時間 24時間 / Open for 24 hours
新宿区,市谷本村町,-,東京都新宿区市谷本村町10-5,35.694496,139.731179,D4-02.JICA市ヶ谷ビル（地球ひろば/研究所）/ JICA Ichigaya Building（Global Plaza/Research Institute）,-,営業時間 24時間 / Open for 24 hours
江東区,枝川１丁目,-,東京都江東区枝川1-10-24,35.654811,139.804914,H1-90.富士倉庫運輸㈱ FACE-1前 / Fujisokounyu.co. FACE-1 Bldg.,-,営業時間 24時間 / Open for 24 hours
江東区,枝川２丁目,-,東京都江東区枝川2-2-8,35.659174,139.807293,H1-46.セブン-イレブン 江東枝川2丁目店 / Seven-Eleven Koto Edagawa 2-Chome store,-,営業時間 24時間 / Open for 24 hours
港区,芝２丁目,-,東京都港区芝2-7-17,35.652208,139.749888,C1-31.住友芝公園ビル / Sumitomo Shibakoen Building,-,営業時間 24時間 / Open for 24 hours
港区,芝３丁目,-,東京都港区芝3-7-1,35.652294,139.747998,C1-52.NTT三田ビル / NTT Mita Build.,-,営業時間 24時間 / Open for 24 hours
港区,芝３丁目,-,東京都港区芝3‐23‐1,35.651123,139.748588,C1-59.セレスティン芝三井ビルディング / CELESTINE SHIBA MITSUI Bldg,-,営業時間 24時間 / Open for 24 hours
港区,芝４丁目,-,東京都港区芝4-1-17,35.648784,139.749744,C1-23.三田いきいきプラザ / Mita Iki-iki Plaza,-,営業時間 24時間 / Open for 24 hours
港区,芝４丁目,-,東京都港区芝4-3-5,35.648988,139.750284,C1-35.セブン-イレブン三田駅北店 / Seven-Eleven Mitaekikita,-,営業時間 24時間 / Open for 24 hours
港区,芝５丁目,-,東京都港区芝5-22-5,35.648209,139.746368,C1-42.ピーアーク三田 / P-ARKMITA,-,営業時間 24時間 / Open for 24 hours
港区,芝５丁目,-,東京都港区芝5-26-30,35.647399,139.745083,C1-60.専売ビル / Senbai Bldg.,-,営業時間 24時間 / Open for 24 hours
港区,芝浦１丁目,-,東京都港区芝浦1-16-1,35.646604,139.751724,C5-04.みなとパーク芝浦 / Minato Park Shibaura,-,営業時間 24時間 / Open for 24 hours
港区,芝浦１丁目,-,東京都港区芝浦1-2-3,35.649212,139.756193,C5-10.シーバンス / SEAVANS,-,営業時間 24時間 / Open for 24 hours
港区,芝浦１丁目,-,東京都港区芝浦1-10-1,35.647870,139.753733,C5-30.フェイム芝浦インターウェーブ / FAIME SHIBAURA INTERWAVE,-,営業時間 24時間 / Open for 24 hours
港区,芝浦２丁目,-,東京都港区芝浦2-4-1,35.645283,139.754532,C5-20.ローソン芝浦二丁目店 / LAWSON Shibaura 2-chome shop,-,営業時間 24時間 / Open for 24 hours
港区,芝浦３丁目,-,東京都港区芝浦3-4-1,35.643509,139.745437,C5-09.グランパーク / Granpark,-,営業時間 24時間 / Open for 24 hours
港区,芝浦３丁目,-,東京都港区芝浦3-14-15,35.642415,139.747089,C5-21.セブン-イレブン 芝浦3丁目店 / Seven-Eleven Shibaura 3chome Store,-,営業時間 24時間 / Open for 24 hours
港区,芝浦３丁目,-,東京都港区芝浦3-9-1,35.643654,139.750344,C5-28.芝浦ルネサイトタワー / Shibaura Renasite Tower,-,営業時間 24時間 / Open for 24 hours
港区,芝浦３丁目,-,東京都港区芝浦3‐1‐21,35.644916,139.749185,C5-33.msb Tamachi,-,営業時間 24時間 / Open for 24 hours
港区,芝浦４丁目,-,東京都港区芝浦4-16-23,35.637111,139.748476,C5-08.AQUACITY芝浦 / AQUACITY Shibaura,-,営業時間 24時間 / Open for 24 hours
港区,芝公園１丁目,-,東京都港区芝公園1-5-25,35.658044,139.751535,C1-17.港区役所 / Minato City Hall,-,営業時間 24時間 / Open for 24 hours
港区,芝公園１丁目,-,東京都港区芝公園1-7-6,35.657986,139.752400,C1-43.KDX浜松町プレイス / KDX HAMAMATSUCHO PLACE,-,営業時間 24時間 / Open for 24 hours
港区,芝公園２丁目,-,東京都港区芝公園2-5-20,35.655246,139.751391,C1-66.ホテル メルパルク東京 / HOTEL MIELPARQUE TOKYO,-,営業時間 24時間 / Open for 24 hours
港区,芝公園３丁目,虎ノ門,東京都港区芝公園3-5-8,35.659664,139.745305,C1-16.機械振興会館 / Kikai Shinko Kaikan Building,-,営業時間 24時間 / Open for 24 hours
港区,芝公園４丁目,-,東京都港区芝公園4-2-8,35.658577,139.745451,C1-15.東京タワー / TOKYO TOWER,-,営業時間 24時間 / Open for 24 hours
江東区,住吉２丁目,-,東京都江東区住吉2-16-11,35.689903,139.815203,H1-140.キャナルパレス住吉 / The Canal Palace SUMIYOSHI,-,営業時間 24時間 / Open for 24 hours
渋谷区,渋谷１丁目,-,東京都渋谷区渋谷1-23-21,35.662858,139.702549,M3-19.渋谷キャスト / SHIBUYA CAST,-,営業時間 24時間 / Open for 24 hours
渋谷区,渋谷３丁目,-,東京都渋谷区渋谷3-8-12,35.657536,139.704133,M3-06.渋谷第一生命ビル / Shibuya Daiichi Seimei Bldg.,-,営業時間 24時間 / Open for 24 hours
渋谷区,渋谷３丁目,-,東京都渋谷区渋谷3-12-18,35.656279,139.705990,M3-12.渋谷南東急ビル / Shibuya South Tokyu Bldg.,-,営業時間 24時間 / Open for 24 hours
渋谷区,初台２丁目,-,東京都渋谷区初台2-6-9,35.675128,139.684612,M5-13.セブン-イレブン初台店 / Seven-Eleven Hatsudai Store,-,営業時間 24時間 / Open for 24 hours
中央区,勝どき１丁目,-,東京都中央区勝どき1-9-4先,35.659119,139.776947,B4-07.勝どき駅地下駐輪場 / Kachidoki Station Basement,-,営業時間 / Open 5:00~25:00(深夜1時)
中央区,勝どき１丁目,-,東京都中央区勝どき1-3-1,35.660833,139.776873,B4-14.Brillia ist Tower 勝どき / Brillia ist Tower Kachidoki,-,営業時間 24時間 / Open for 24 hours
中央区,勝どき４丁目,-,東京都中央区勝どき4-13-4,35.656663,139.774893,B4-11.ダンスキューブ勝どき / DANCE CUBE KACHIDOKI,-,営業時間 24時間 / Open for 24 hours
中央区,勝どき６丁目,-,東京都中央区勝どき6-3-1,35.654866,139.774628,B4-12.THE TOKYO TOWERS,-,営業時間 24時間 / Open for 24 hours
品川区,勝島１丁目,-,東京都品川区勝島1-3-2,35.599899,139.745107,I1-29.ローソン 勝島一丁目店 / LAWSON Katsushima 1 Chome shop,-,営業時間 24時間 / Open for 24 hours
品川区,勝島２丁目,-,東京都品川区勝島2-1-2,35.592222,139.740825,I1-21.大井競馬場（正門前）/ Oi Racecourse (Main Gate),-,営業時間 24時間 / Open for 24 hours
品川区,勝島３丁目,-,東京都品川区勝島3-2-1,35.588601,139.737487,I1-24.しながわ区民公園（中央口）/ Shinagawa-kumin Park (Central Entrance),-,営業時間 24時間 / Open for 24 hours
渋谷区,松涛１丁目,-,東京都渋谷区松濤1-28-2,35.659878,139.694843,M3-14.WORK COURT 渋谷松濤 / WORK COURT Shibuya Shoto,-,営業時間 24時間 / Open for 24 hours
渋谷区,上原３丁目,-,東京都渋谷区上原3-6-12,35.667817,139.680128,M5-08.古賀政男音楽博物館 / Koga Masao Music Museum,-,営業時間 24時間 / Open for 24 hours
新宿区,上落合２丁目,-,東京都新宿区上落合2-3-6,35.715280,139.689627,D7-10.染の里 おちあい / some no sato OCHIAI,-,営業時間 24時間 / Open for 24 hours
新宿区,上落合３丁目,-,東京都新宿区上落合3-25-6,35.711201,139.682201,D7-08.上落合3丁目 / Kamiochiai 3-Chome,-,営業時間 24時間 / Open for 24 hours
港区,新橋１丁目,虎ノ門広域,東京都港区新橋1-1-13,35.669079,139.756346,C1-55.アーバンネット内幸町ビル・THE BLOSSOM HIBIYA / Urbannet Uchisaiwaicho Building,-,営業時間 24時間 / Open for 24 hours
港区,新橋４丁目,虎ノ門広域,東京都港区新橋4-1-1,35.665302,139.753888,C1-46.新虎通りCORE / SHINTORA-DORI CORE,-,営業時間 24時間 / Open for 24 hours
港区,新橋５丁目,虎ノ門広域,東京都港区新橋5-26-5,35.662930,139.754471,C1-62.麻布プラザ・新橋スタジオ / AZABU PLAZA Shinbashi Studio,-,営業時間 24時間 / Open for 24 hours
港区,新橋５丁目,虎ノ門広域,東京都港区新橋5-19-7,35.663079,139.755062,C1-69.塩釜公園 / Shiogama Park,-,営業時間 24時間 / Open for 24 hours
港区,新橋６丁目,虎ノ門広域,東京都港区新橋6-20-1,35.661132,139.754521,C1-53.ホテルリブマックス新橋 / HOTEL LiVEMAX SHIMBASHI,-,営業時間 24時間 / Open for 24 hours
江東区,新砂３丁目,-,東京都江東区新砂3-3-53,35.667979,139.831506,H1-49.セブン-イレブン 江東新砂3丁目店 / Seven-Eleven Koto Shinsuna 3-Chome store,-,営業時間 24時間 / Open for 24 hours
新宿区,新宿１丁目,-,東京都新宿区新宿1-15-5,35.689647,139.710131,D1-07.Belle ビル / Belle Building,-,営業時間 24時間 / Open for 24 hours
新宿区,新宿１丁目,-,東京都新宿区新宿1-33-13,35.691047,139.711989,D1-09.NTT四谷ビル / NTT Yotsuya Building,-,営業時間 24時間 / Open for 24 hours
新宿区,新宿４丁目,-,東京都新宿区新宿4-3-17,35.688566,139.703906,D6-16.FORECAST 新宿 SOUTH / FORECAST Shinjuku SOUTH,-,営業時間 24時間 / Open for 24 hours
新宿区,新宿５丁目,-,東京都新宿区新宿5-18-21,35.694296,139.705398,D6-02.新宿区役所第二分庁舎 / Shinjuku City Office Annex 2,-,営業時間 24時間 / Open for 24 hours
新宿区,新宿５丁目,-,東京都新宿区新宿5-15-8,35.694148,139.707264,D6-10.ホテルサンライト新宿 / Hotel　SunLite Shinjuku,-,営業時間 24時間 / Open for 24 hours
新宿区,新宿５丁目,-,東京都新宿区新宿5-8-6,35.692338,139.709030,D6-09.ホテルたてしな / Hotel Tateshina,-,営業時間 24時間 / Open for 24 hours
新宿区,新宿５丁目,-,東京都新宿区新宿5-3-20,35.692859,139.711425,D6-11.ホテルリステル新宿 / HOTEL LISTEL SHINJUKU,-,営業時間 24時間 / Open for 24 hours
新宿区,新宿６丁目,-,東京都新宿区新宿6-27-30,35.696685,139.708692,D6-08.新宿イーストサイドスクエア / Shinjuku Eastside Square,-,営業時間 24時間 / Open for 24 hours
新宿区,新宿６丁目,-,東京都新宿区新宿6-3-2,35.693707,139.710522,D6-12.東京ビジネスホテル / Tokyo　Business Hotel,-,営業時間 24時間 / Open for 24 hours
新宿区,新宿６丁目,-,東京都新宿区新宿6-9-1,35.693559,139.708619,D6-17.セブン-イレブン 新宿6丁目店 / Seven-Eleven Shinjuku 6-chome store,-,営業時間 24時間 / Open for 24 hours
新宿区,新宿６丁目,-,東京都新宿区新宿6-12-8,35.694918,139.708304,D6-26.セブン-イレブン新宿６丁目文化センター通り店 / Seven-Eleven Shinjuku 6 Chome Cultural Center-dori,-,営業時間 24時間 / Open for 24 hours
新宿区,新宿７丁目,-,東京都新宿区新宿7-17-16,35.700680,139.711485,D4-05.カスタリア新宿7丁目 / CASTALIA Shinjuku 7-chome,-,営業時間 24時間 / Open for 24 hours
新宿区,新小川町,-,東京都新宿区新小川町4-11,35.705599,139.743368,D2-12.ヴィアイン飯田橋後楽園 / VIA INN Iidabashi Korakuen,-,営業時間 24時間 / Open for 24 hours
中央区,新川１丁目,-,東京都中央区新川1-28-5,35.675607,139.785248,B2-10.東京ダイヤビルディング（北側）/North Side of Tokyo Dia Building,-,営業時間 24時間 / Open for 24 hours
中央区,新川１丁目,-,東京都中央区新川1-28-5,35.675607,139.785248,B2-12.東京ダイヤビルディング（東側）/East Side of Tokyo Dia Building,-,営業時間 24時間 / Open for 24 hours
江東区,新大橋３丁目,-,東京都江東区新大橋3-5-4,35.687398,139.795445,H1-138.HW.HILLS新大橋 / HW.HILLS Shin-Ohashi,-,営業時間 24時間 / Open for 24 hours
中央区,新富１丁目,-,東京都中央区新富1-14-10,35.673173,139.775106,【休止中】B3-10.DJホステル銀座 / DJ Hostel Ginza,休止日時：2020年10月30日（金）10:00～2021年3月31日,営業時間 24時間 / Open for 24 hours
江東区,新木場１丁目,-,東京都江東区新木場1-8-19,35.645821,139.834994,H1-78.ローソン新木場一丁目店 / LAWSON Shinkiba 1-Chome shop,-,営業時間 24時間 / Open for 24 hours
江東区,新木場１丁目,-,東京都江東区新木場1-11-16,35.642537,139.836363,H1-101.ファミリーマート新木場一丁目店 / Family Mart Shinkiba 1Chome Store,-,営業時間 24時間 / Open for 24 hours
江東区,新木場２丁目,-,東京都江東区新木場2-7-1,35.638796,139.831146,H1-74.タダノ教習センター / TADANO KYOSHU CENTER,-,営業時間 24時間 / Open for 24 hours
江東区,新木場３丁目,-,東京都江東区新木場3-6-6,35.638837,139.834446,"H1-119.榎戸材木店 / Enokido Lumber Co., LTD",-,営業時間 24時間 / Open for 24 hours
江東区,深川２丁目,-,東京都江東区深川2-7-6,35.674814,139.797455,H1-72.ネクストサイト深川ビル / NEXTSITE Fukagawa Building,-,営業時間 24時間 / Open for 24 hours
新宿区,神楽河岸,-,東京都新宿区神楽河岸1-1先,35.700846,139.743553,D2-06.飯田濠 / Iidabori,-,営業時間 24時間 / Open for 24 hours
新宿区,神楽坂３丁目,-,東京都新宿区神楽坂3-2-20,35.701275,139.741189,D2-16.ファミリーマート神楽坂三丁目店 / FamilyMart Kagurazaka 3 Chome,-,営業時間 24時間 / Open for 24 hours
新宿区,神楽坂５丁目,-,東京都新宿区神楽坂5-20-5,35.702446,139.739175,D2-11.神楽坂アインスタワー / KAGURAZAKA EINS TOWER,-,営業時間 24時間 / Open for 24 hours
渋谷区,神泉町,-,東京都渋谷区神泉町8-16,35.655248,139.693768,M3-07.渋谷ファーストプレイス / Shibuya First Place,-,営業時間 24時間 / Open for 24 hours
千代田区,神田花岡町,-,東京都千代田区神田花岡町1-1,35.698851,139.774710,A3-27.秋葉原駅中央口（ヨドバシカメラ前）/ JR Akihabara Sta. Central Exit（beside Yodobashi-Akiba）,-,営業時間 24時間 / Open for 24 hours
千代田区,神田花岡町,-,東京都千代田区神田花岡町1-1,35.698851,139.774710,A3-28.秋葉原駅電気街口（西側交通広場）/ JR Akihabara Sta. Electric Town Exit（West Traffic Square）,-,営業時間 24時間 / Open for 24 hours
千代田区,神田錦町３丁目,-,東京都千代田区神田錦町3-7-1,35.692341,139.759240,A2-14.興和一橋ビル / Kowa hitotsubashi Building,-,営業時間 24時間 / Open for 24 hours
千代田区,神田駿河台１丁目,-,東京都千代田区神田駿河台1-6-5,35.697081,139.763326,A2-16.NTT駿河台ビル / NTT Surugadai Build,-,営業時間 24時間 / Open for 24 hours
千代田区,神田小川町３丁目,-,東京都千代田区神田小川町3-8-2,35.695694,139.761600,A2-01.神田駿河台下 / Kanda Surugadai,-,営業時間 24時間 / Open for 24 hours
千代田区,神田小川町３丁目,-,東京都千代田区神田小川町3-28-5,35.695996,139.763124,A2-23.axle御茶ノ水 / axle Ochanomizu,-,営業時間 24時間 / Open for 24 hours
千代田区,神田須田町１丁目,-,東京都千代田区神田須田町1-25-4,35.697420,139.769752,A3-34.マーチエキュート神田万世橋 / mAAch ecute Kanda-Manseibashi,-,営業時間 24時間 / Open for 24 hours
千代田区,神田須田町１丁目,-,東京都千代田区神田須田町1-25-4,35.697420,139.769752,A3-35.ドコモ・バイクシェア サイクルステーション前 / docomo bike share cycle station,-,営業時間 24時間 / Open for 24 hours
千代田区,神田須田町１丁目,-,東京都千代田区神田須田町1-30-1,35.695001,139.769622,A3-38.パークホームズ千代田淡路町 / Park HOMES chiyoda-awajicho,-,営業時間 24時間 / Open for 24 hours
新宿区,水道町,-,東京都新宿区水道町4-7,35.707944,139.735905,D2-03.セブン-イレブン 新宿水道町中央店 / Seven-Eleven Shinjuku Suidocho-chuo store,-,営業時間 24時間 / Open for 24 hours
中央区,晴海３丁目,-,東京都中央区晴海3-12-1,35.654640,139.778600,B4-04.KDX晴海ビル / KDX Harumi Building,-,営業時間 24時間 / Open for 24 hours
中央区,晴海４丁目,-,東京都中央区晴海4-1-11,35.653994,139.781560,B4-05.ドコモ・バイクシェア晴海ポート / DOCOMO BIKESHARE Harumi Bike Port,-,営業時間 24時間 / Open for 24 hours
江東区,清澄１丁目,-,東京都江東区清澄1-1-7,35.681117,139.791971,H1-59.LYURO 東京清澄 / LYURO Tokyo Kiyosumi,-,営業時間 24時間 / Open for 24 hours
江東区,清澄３丁目,-,東京都江東区清澄3-4-8,35.681838,139.797989,H1-139.ローソン清澄三丁目店 / LAWSON Kiyosumi 3 Chome shop,-,営業時間 24時間 / Open for 24 hours
渋谷区,西原２丁目,-,東京都渋谷区西原2-53-1,35.672171,139.676125,M5-03.代々木大山公園 / Yoyogi Oyama Park,-,営業時間 24時間 / Open for 24 hours
渋谷区,西原２丁目,-,東京都渋谷区西原2-49-5,35.672708,139.674811,【休止中】M6-13.JICA東京 / JICA TOKYO,休止日時：2020年11月19日（木）10:00～2021年2月26日（金）,営業時間 24時間 / Open for 24 hours
品川区,西五反田１丁目,-,東京都品川区西五反田1-31-1 日本生命五反田ビル1階,35.624473,139.721933,I1-56.d garden（ドコモショップ五反田店） / d garden (docomo shop Gotanda),-,営業時間 / Open 10:00 - 19:00 定休日 / Close  第2火曜日 / Second Tuesday※ｼｮｯﾌﾟ内に設置されたﾎﾟｰﾄのため､d garden五反田店の営業時間に準じます｡
品川区,西五反田１丁目,-,東京都品川区西五反田1-10-2,35.624831,139.723795,I1-70.五反田リバーステーション / Gotanda RIVER STATION,-,営業時間 24時間 / Open for 24 hours
品川区,西五反田３丁目,-,東京都品川区西五反田3-15-6,35.628116,139.713167,I1-39.MID POINT 目黒不動前 / MID POINT Meguro Fudomae,-,営業時間 24時間 / Open for 24 hours
品川区,西五反田３丁目,-,東京都品川区西五反田3-7-10,35.625654,139.718149,I1-45.セブン-イレブン品川西五反田3丁目店 / Seven Eleven Shinagawa Nishi Gotanda 3 Chome Store,-,営業時間 24時間 / Open for 24 hours
品川区,西五反田３丁目,-,東京都品川区西五反田3-6-22,35.627609,139.719115,I1-63.セブン-イレブン西五反田店 / Seven-Eleven Nishi Gotanda Store,-,営業時間 24時間 / Open for 24 hours
品川区,西五反田４丁目,-,東京都品川区西五反田 4-5-1,35.627342,139.711535,I1-82.トミンハイム西五反田四丁目 / Tomin Heim Nishi-Gotanda 4 Chome,-,営業時間 24時間 / Open for 24 hours
品川区,西五反田６丁目,-,東京都品川区西五反田6-5-1,35.622538,139.716574,I1-61.五反田文化センター / Gotanda Culture Center,休止日時：2020年12月29日（火）～2021年1月3日（日）,営業時間 / 月~土 / Mon. -Sat.  8:30 - 21:00日祝日/ Sun. Holiday  8:30  - 19:00休館日 / Close: 毎月第4月曜日 / 4th Monday年末年始(12月29日~1月3日)/ 29th Dec. - 3rd Jan※施設内に設置されたﾎﾟｰﾄのため､五反田文化ｾﾝﾀｰの休館日に準じます｡
品川区,西五反田６丁目,-,東京都品川区西五反田6-7-2,35.622387,139.717649,I1-74.セブン-イレブン西五反田6丁目店 / Seven-Eleven Nishi Gotanda 6 Chome Store,-,営業時間 24時間 / Open for 24 hours
港区,西新橋１丁目,虎ノ門,東京都港区西新橋1-12-10,35.668614,139.753510,C1-02.西新橋1丁目（外堀通り） / Nishi-Shinbashi 1Chome (Sotobori St.),-,営業時間 24時間 / Open for 24 hours
港区,西新橋１丁目,虎ノ門,東京都港区西新橋1-7-14,35.669169,139.751544,C1-67.京阪神 虎ノ門ビル / Keihanshin Toranomon Bldg.,-,営業時間 24時間 / Open for 24 hours
港区,西新橋２丁目,虎ノ門,東京都港区西新橋2-22-7,35.665626,139.752650,C1-05.西新橋２丁目（新虎通り） / Nishi-Shinbashi 2-Chome (Shintora St.),-,営業時間 24時間 / Open for 24 hours
港区,西新橋３丁目,虎ノ門,東京都港区西新橋3-3-1,35.665088,139.750655,C1-37.KDX西新橋ビル（北側）/ KDX Nishi-shimbashi Building(North Side),-,営業時間 24時間 / Open for 24 hours
港区,西新橋３丁目,虎ノ門,東京都港区西新橋3-3-1,35.665088,139.750655,C1-38.KDX西新橋ビル（西側）/ KDX Nishi-shimbashi Building(West Side),-,営業時間 24時間 / Open for 24 hours
新宿区,西新宿１丁目,-,東京都新宿区西新宿1-23-7,35.689687,139.695642,D6-14.新宿ファーストウエスト / Shinjuku First West Building,-,営業時間 24時間 / Open for 24 hours
新宿区,西新宿１丁目,-,東京都新宿区西新宿1-10-1,35.689861,139.698354,D6-18. ヨドバシカメラ 新宿西口本店前 / Yodobashi Camera Shinjuku West Main Store,-,営業時間 24時間 / Open for 24 hours
新宿区,西新宿３丁目,-,東京都新宿区西新宿3-19-2,35.683454,139.687807,D6-24.NTT東日本 本社ビル / NTT-EAST HQ BLDG,-,営業時間 24時間 / Open for 24 hours
新宿区,西新宿３丁目,-,東京都新宿区西新宿3-2-11,35.686376,139.693172,D6-27.新宿三井ビルディング二号館 / Shinjuku Mitsui Bldg. No.2,-,営業時間 24時間 / Open for 24 hours
新宿区,西新宿７丁目,-,東京都新宿区西新宿7-20-1,35.694317,139.695709,D6-15.住友不動産西新宿ビル / Sumitomo Realty & Development Nishishinjuku Building,-,営業時間 24時間 / Open for 24 hours
千代田区,西神田２丁目,-,東京都千代田区西神田2-3-11,35.698473,139.755073,A2-02.西神田公園（北側） / Nishikanda Park(North side),-,営業時間 24時間 / Open for 24 hours
千代田区,西神田２丁目,-,東京都千代田区西神田2-3-11,35.698473,139.755073,A2-03.西神田公園（西側） / Nishikanda Park(West side),-,営業時間 24時間 / Open for 24 hours
新宿区,西早稲田３丁目,-,東京都新宿区西早稲田3-17-37,35.712451,139.713122,D3-09.西早稲田3丁目 / INishi-Waseda 3-Chome,-,営業時間 24時間 / Open for 24 hours
品川区,西大井２丁目,-,東京都品川区西大井2-14-3,35.599629,139.723490,I1-87.セブン-イレブン西大井滝王子通り店 / Seven-Eleven Nishi-Oi Takioji dori,-,営業時間 24時間 / Open for 24 hours
品川区,西大井６丁目,-,東京都品川区西大井6-5-1,35.601369,139.718653,I1-78.セブン-イレブン西大井店 / Seven-Eleven Nishi-Oi,-,営業時間 24時間 / Open for 24 hours
品川区,西中延１丁目,-,東京都品川区西中延1-6-18,35.612332,139.708329,I1-77.セブン-イレブン品川西中延1丁目店 / Seven-Eleven Shinagawa Nishi-Nakanobu 1 chome,-,営業時間 24時間 / Open for 24 hours
品川区,西品川２丁目,-,東京都品川区西品川2-4-7,35.613860,139.728445,I1-84.セブン-イレブン西品川2丁目店 / Seven-Eleven Nishi-Shinagawa 2 chome,-,営業時間 24時間 / Open for 24 hours
新宿区,西落合２丁目,-,東京都新宿区西落合2-7-24,35.719590,139.678718,D7-09.大栄パーク西落合 / Daiei Park Nishi-ochiai,-,営業時間 24時間 / Open for 24 hours
新宿区,西落合２丁目,-,東京都新宿区西落合2-18-20ナレッジパーク落合ビル,35.721173,139.676708,D7-06. エムアイセミナーハウス / MI SEMINAR HOUSE,-,営業時間 24時間 / Open for 24 hours
新宿区,西落合３丁目,-,東京都新宿区西落合3-28-7,35.725034,139.676012,D7-07. ローソン 新宿西落合三丁目店 / LAWSON Shinjuku Nishiochiai 3-Chome shop,-,営業時間 24時間 / Open for 24 hours
新宿区,西落合４丁目,-,東京都新宿区西落合4-13-17,35.725772,139.678948,D7-05.西落合図書館 /  Nishi Ochiai Library,-,営業時間 24時間 / Open for 24 hours
江東区,青海１丁目,-,東京都江東区青海1-5-4,35.624628,139.781768,H1-27.パレットタウン乗船場 / Palette Town Water Bus Terminal,-,営業時間 24時間 / Open for 24 hours
江東区,青海１丁目,-,東京都江東区青海1-1-20,35.625065,139.776464,H1-143.ダイバーシティ東京 プラザ / DiverCity Tokyo Plaza,-,営業時間 24時間 / Open for 24 hours
江東区,青海２丁目,-,東京都江東区青海2-3-6,35.619290,139.776723,H1-20.日本科学未来館 / National Museum of Emerging Science and Innovation,-,営業時間 24時間 / Open for 24 hours
江東区,青海２丁目,-,東京都江東区青海2-3-1,35.619140,139.775352,H1-26.青海客船ターミナル / Aomi Passenger Ship Terminal,-,営業時間 24時間 / Open for 24 hours
江東区,石島,-,東京都江東区石島5-8-3,35.680271,139.812297,H1-69.ファミリーマート江東石島店 / FamilyMart Koto Ishijima shop,-,営業時間 24時間 / Open for 24 hours
港区,赤坂１丁目,虎ノ門,東京都港区赤坂1-12-32（六本木1-1寄り）,35.667137,139.740015,C2-01.アークヒルズ（アーク森ビル） / Ark Hills (Ark Mori Tower),-,営業時間 24時間 / Open for 24 hours
港区,赤坂１丁目,虎ノ門,東京都港区赤坂1-3-9,35.670312,139.744649,C3-10.ファミリーマート特許庁前店 / FamilyMart Tokkyocho Mae Store,-,営業時間 24時間 / Open for 24 hours
港区,赤坂２丁目,赤坂,東京都港区赤坂2-14-27,35.672218,139.737175,C3-09.国際新赤坂ビル / Kokusai Shin Akasaka Building,-,営業時間 24時間 / Open for 24 hours
港区,赤坂２丁目,赤坂,東京都港区赤坂2-5-8,35.672606,139.740000,C3-28.ヒューリックＪＰ赤坂ビル / ＨＵＬＩＣ ＪＰAkasaka Bldg.,-,営業時間 24時間 / Open for 24 hours
港区,赤坂３丁目,赤坂,東京都港区赤坂3-8-1,35.676470,139.736949,C3-11.赤坂見附南 / South side of Akasakamitsuke,-,営業時間 24時間 / Open for 24 hours
港区,赤坂４丁目,赤坂,東京都港区赤坂4-18-13,35.674796,139.731714,C3-02.赤坂地区総合支所 / Akasaka Regional City Office,-,営業時間 24時間 / Open for 24 hours
港区,赤坂４丁目,赤坂,東京都港区赤坂4-3-2,35.675022,139.735961,C3-22.ビスタホテル赤坂ビル / VISTA HOTEL AKASAKA Building,-,営業時間 24時間 / Open for 24 hours
港区,赤坂５丁目,赤坂,東京都港区赤坂5-2-20,35.672049,139.733745,C3-08.赤坂パークビルヂング / Akasaka Park Building,-,営業時間 24時間 / Open for 24 hours
港区,赤坂７丁目,赤坂,東京都港区赤坂7-9-4,35.670078,139.733261,C3-26. ホテルリブマックス赤坂 / HOTEL LiVEMAX AKASAKA,-,営業時間 24時間 / Open for 24 hours
港区,赤坂８丁目,赤坂,東京都港区赤坂8-10-32,35.670413,139.728064,C3-06.ホテルアジア会館 / Hotel Asia Center of Japan,-,営業時間 24時間 / Open for 24 hours
新宿区,赤城元町,-,東京都新宿区赤城元町2-1,35.704259,139.735802,D2-14.ローソン神楽坂駅北店 / LAWSON Kagurazaka Station North Shop,-,営業時間 24時間 / Open for 24 hours
江東区,千石２丁目,-,東京都江東区千石2-12-24,35.677145,139.816503,H1-130.トヨタモビリティ東京 深川南・北店 / TOYOTA Mobility Fukagawaminami Kita,-,営業時間 24時間 / Open for 24 hours
渋谷区,千駄ケ谷１丁目,-,東京都渋谷区千駄ヶ谷1-18-5,35.680048,139.710896,M4-12.TNS千駄ヶ谷駐車場 / TNS Sendagaya Parking lot,-,営業時間 24時間 / Open for 24 hours
渋谷区,千駄ケ谷５丁目,-,東京都渋谷区千駄ヶ谷5-24-2,35.687627,139.702338,M4-01.新宿タカシマヤ / TAKASHIMAYA Shinjuku Store,-,営業時間 24時間 / Open for 24 hours
渋谷区,千駄ケ谷５丁目,-,東京都渋谷区千駄ヶ谷5-24-3,35.684404,139.703078,M4-03.NTTドコモ代々木ビル / NTT Docomo Yoyogi Bldg.,-,営業時間 24時間 / Open for 24 hours
江東区,扇橋１丁目,-,東京都江東区扇橋1-21-26,35.683916,139.811685,H1-62.扇橋一丁目公園南 / Ogibashi 1-Chome Park South,-,営業時間 24時間 / Open for 24 hours
江東区,扇橋２丁目,-,東京都江東区扇橋2-10-3,35.684262,139.815366,H1-75.ジオ深川住吉 / GEO FUKAGAWA SUMIYOSHI,-,営業時間 24時間 / Open for 24 hours
渋谷区,代々木１丁目,-,東京都渋谷区代々木1-30-14,35.681555,139.701598,M5-14.天翔代々木ANNEX / TENSHO YOYOGI ANNEX,-,営業時間 24時間 / Open for 24 hours
渋谷区,代々木２丁目,-,東京都渋谷区代々木2-9-2,35.688180,139.698689,M5-11.あおい通り/ Aoi Street,-,営業時間 24時間 / Open for 24 hours
渋谷区,代々木２丁目,-,東京都渋谷区代々木2-1-1,35.686607,139.698961,M5-15.新宿マインズタワー / SHINJUKU MAYNDS TOWER,-,営業時間 24時間 / Open for 24 hours
渋谷区,代々木３丁目,-,東京都渋谷区代々木3-25-3,35.684657,139.692389,M5-02.あいおいニッセイ同和損保新宿ビル / Aioi Nissay Dowa Insurance Shinjuku Bldg.,-,営業時間 24時間 / Open for 24 hours
港区,台場１丁目,-,東京都港区台場1-9-1,35.626314,139.770831,C5-31.ヒルトン東京お台場 / Hilton Tokyo Odaiba,-,営業時間 24時間 / Open for 24 hours
港区,台場１丁目,-,東京都港区台場1-4-1,35.628882,139.773673,【休止中】H1-24.お台場海浜公園乗船場 / Odaiba Marine Park Water Bus Terminal,休止期間：2021年2月7日（日）昼12:00～2021年10月末予定,営業時間 24時間 / Open for 24 hours
港区,台場１丁目,-,東京都港区台場1-5-5,35.630586,139.777986,【休止中】H1-25.お台場海浜公園東 / Odaiba Marine Park East,休止期間：2021年2月28日（日）昼12:00～2021年11月末予定,営業時間 24時間 / Open for 24 hours
港区,台場２丁目,-,東京都港区台場2-3-1,35.627865,139.776440,C5-32.トレードピアお台場 / TRADEPIA ODAIBA,-,営業時間 24時間 / Open for 24 hours
品川区,大井３丁目,-,東京都品川区大井3-1-1,35.603280,139.728982,I1-30.ローソン 大井三丁目店 / LAWSON Oi 3 Chome shop,-,営業時間 24時間 / Open for 24 hours
品川区,大井５丁目,-,東京都品川区大井5-2-11,35.600192,139.728139,I1-72.セブン-イレブン大井店 / Seven-Eleven Oi Store,-,営業時間 24時間 / Open for 24 hours
品川区,大井６丁目,-,東京都品川区大井6-11-1,35.596787,139.730102,I1-05.品川歴史館 / Shinagawa Historical Museum,-,営業時間 / Open 9:00-17:00月曜･祝日除く / Except Monday and Holidays
品川区,大井６丁目,-,東京都品川区大井6-21-6,35.593274,139.730272,I1-06.大森貝塚遺跡庭園 / Omori Shell Mounds Garden,-,営業時間 24時間 / Open for 24 hours
新宿区,大久保２丁目,-,東京都新宿区大久保2-19-4,35.701379,139.704538,D5-02.セブン-イレブン 新宿大久保通り店 / Seven-Eleven Shinjuku Okubotori store,-,営業時間 24時間 / Open for 24 hours
新宿区,大久保３丁目,-,東京都新宿区大久保3-1-2,35.704955,139.708067,D5-01.新宿コズミックセンター / Shinjuku Cosmic Center,-,営業時間 24時間 / Open for 24 hours
新宿区,大久保３丁目,-,東京都新宿区大久保3-1-1,35.705215,139.707255,D5-05.中央図書館 / Chuo Library,-,"営業時間 / Open 火~土 / Tue.-Sat. 9:00-21:45 日･祝 / Sun. Holiday  9:00-18:00休館日については以下のURLからご確認お願いします｡Regarding closing day, please refer to the following web site.https://www.library.shinjuku.tokyo.jp/"
千代田区,大手町１丁目,大丸有,東京都千代田区大手町1-7-2,35.687017,139.765439,A4-02.東京サンケイビル / Tokyo Sankei Building,-,営業時間 24時間 / Open for 24 hours
千代田区,大手町１丁目,大丸有,東京都千代田区大手町１丁目５−１,35.685704,139.763744,A4-06.大手町ファーストスクエア / OTEMACHI 1st SQUARE,-,営業時間 24時間 / Open for 24 hours
千代田区,大手町２丁目,大丸有,東京都千代田区大手町2-2-2,35.685819,139.767069,A4-13.アーバンネット大手町ビル / Urbannet Otemachi Building,-,営業時間 24時間 / Open for 24 hours
江東区,大島４丁目,-,東京都江東区大島4-1-1,35.687757,139.827452,H1-147.大島四丁目団地 / Ojima 4 chome Danchi,-,営業時間 24時間 / Open for 24 hours
江東区,大島９丁目,-,東京都江東区大島9-1-15,35.687528,139.846365,H1-66.中川船番所資料館 / Nakagawa ship Bansho museum,-,営業時間 24時間 / Open for 24 hours
江東区,辰巳１丁目,-,東京都江東区辰巳1-1-40 辰巳駅西口自転車駐車場内3階,35.646883,139.808839,H1-38.辰巳駅西口自転車駐車場（駐輪場内３階） / Tatsumi station western exit bicycle garage,-,営業時間 24時間 / Open for 24 hours
江東区,辰巳１丁目,-,東京都江東区辰巳1-1-44,35.645861,139.808929,H1-52.辰巳駅 / Tatsumi station,-,営業時間 24時間 / Open for 24 hours
江東区,辰巳２丁目,-,東京都江東区辰巳2-8-17,35.647260,139.817417,H1-84.NTT東日本辰巳ビル / NTT-East Tatsumi Build,-,営業時間 24時間 / Open for 24 hours
中央区,築地１丁目,-,東京都中央区築地1-1-1,35.670630,139.772000,B3-01.中央区役所 / Chuo City Office,-,営業時間 24時間 / Open for 24 hours
中央区,築地１丁目,-,東京都中央区築地1-1-1,35.670630,139.772000,B3-02.京橋図書館 / Kyobashi Library,-,"営業時間 / Open 月~金 / Mon.-Fri.  8:30-20:00土 / Sat.  8:30-19:00日･祝 / Sun. Holiday  8:30-17:00※年末年始(12月29日~1月3日)は閉館Due to the New Year's holiday season, we will close from December 29 to January 3."
中央区,築地１丁目,-,東京都中央区築地1-13-1,35.668391,139.769414,【3/17 OPEN】B3-18.銀座松竹スクエア / Ginza Shochiku Square,-,営業時間 24時間 / Open for 24 hours
中央区,築地４丁目,-,東京都中央区築地4-16-2,35.664997,139.769816,B3-12.築地場外市場 / Tsukiji Outer Market,-,営業時間 24時間 / Open for 24 hours
中央区,築地５丁目,-,東京都中央区築地5-1-1先,35.665005,139.767583,B3-04.築地市場駅地下駐輪場 / Tsukijishijo Station Basement,-,営業時間 / Open 5:00~25:00(深夜1時)
中央区,築地５丁目,-,東京都中央区築地5-3-2,35.664203,139.766605,B3-06.朝日新聞東京本社 / Asahi Shimbun Tokyo Head Office,-,営業時間 24時間 / Open for 24 hours
中央区,築地５丁目,-,東京都中央区築地5-1-1,35.665005,139.767583,B3-13.国立がん研究センター / National Cancer Center Hospital,-,営業時間 24時間 / Open for 24 hours
中央区,築地７丁目,-,東京都中央区築地7-18-24,35.664378,139.775666,B3-05.興和住生築地ビル / Kowa Sumisei Tsukiji Bldg.,-,営業時間 24時間 / Open for 24 hours
中央区,築地７丁目,-,東京都中央区築地7-18-28,35.664980,139.776120,B3-09.築地永谷コーポラス / Tsukiji Nagatani corporate house,-,営業時間 24時間 / Open for 24 hours
新宿区,中落合３丁目,-,東京都新宿区中落合3-1-3,35.722314,139.691658,D7-02.セブン-イレブン 新宿中落合3丁目店 / Seven-Eleven Shinjuku Nakaochiai 3chome store,-,営業時間 24時間 / Open for 24 hours
江東区,潮見１丁目,-,東京都江東区潮見1-3-2,35.656553,139.811519,H1-63.東京スイソミル / Tokyo Suisomiru,-,営業時間 24時間 / Open for 24 hours
江東区,潮見２丁目,-,東京都江東区潮見2-8-8,35.658266,139.818345,H1-14.ホテルリブマックス東京潮見駅前 / HOTEL LiVEMAX TOKYO-SHIOMI-EKIMAE,-,営業時間 24時間 / Open for 24 hours
江東区,潮見２丁目,-,東京都江東区潮見2-3-10,35.658143,139.815802,H1-48.セブン-イレブン 江東潮見２丁目店 / Seven-Eleven Koto Shiomi 2-Chome store,-,営業時間 24時間 / Open for 24 hours
江東区,潮見２丁目,-,東京都江東区潮見2-8-6,35.657874,139.818976,H1-142.東京ベイ潮見プリンスホテル / Tokyo Bay Shiomi Prince Hotel,-,営業時間 24時間 / Open for 24 hours
新宿区,津久戸町,-,東京都新宿区津久戸町1-2,35.702397,139.741473,D2-01.あずさセンタービル（軽子坂通り）/ Azusa Center Building （Karukozaka Street）,-,営業時間 24時間 / Open for 24 hours
中央区,佃１丁目,-,東京都中央区佃1-11-9,35.669335,139.784297,B4-10.リバーシティ/ River City,-,営業時間 24時間 / Open for 24 hours
中央区,佃２丁目,-,東京都中央区佃2-1-2,35.669620,139.786459,B4-15.リバーシティ イーストタワーズ / River City East Towers,-,営業時間 24時間 / Open for 24 hours
中央区,佃２丁目,-,東京都中央区佃2-2-11,35.668028,139.786512,B4-19.コーシャタワー佃 / Kosha Tower Tsukuda,-,営業時間 24時間 / Open for 24 hours
江東区,冬木,-,東京都江東区冬木11-17,35.673513,139.800034,H1-73.イシマビル / Ishima Building,-,営業時間 24時間 / Open for 24 hours
江東区,東雲１丁目,-,東京都江東区東雲1-9-14,35.646477,139.804421,H1-17.東雲水辺公園 / Shinonome Mizube Park,-,営業時間 24時間 / Open for 24 hours
江東区,東雲１丁目,-,東京都江東区東雲1-9-14,35.646477,139.804421,H1-21.東雲キャナルコートCODAN / Shinonome Canal Court CODAN,-,営業時間 24時間 / Open for 24 hours
江東区,東雲１丁目,-,東京都江東区東雲1-7-12,35.647810,139.798569,H1-23.KDX豊洲グランスクエア / KDX Toyosu Grand Square,-,営業時間 24時間 / Open for 24 hours
江東区,東雲１丁目,-,東京都江東区東雲1-6-13,35.646630,139.801094,H1-113.123+N東雲店 / 123+N Shinonome Shop,-,営業時間 24時間 / Open for 24 hours
江東区,東雲２丁目,-,東京都江東区東雲2-10-1,35.640176,139.804245,H1-64.ローソン東雲駅前店 / LAWSON Shinonome Station-Mae shop,-,営業時間 24時間 / Open for 24 hours
江東区,東雲２丁目,-,東京都江東区東雲2-4-1,35.642237,139.798100,H1-145.東雲都橋住宅 / Shinonome Miyakobashi Juutaku,-,営業時間 24時間 / Open for 24 hours
新宿区,東五軒町,-,東京都新宿区東五軒町5-19,35.706791,139.739792,D2-07.ファミリーマート東五軒町店 / FamilyMart Higashigokencho shop,-,営業時間 24時間 / Open for 24 hours
品川区,東五反田２丁目,-,東京都品川区東五反田2-22-13,35.623080,139.731053,"I1-64.株式会社ユアス ゆうパック取扱所：ポストのうしろ / Japan Post's domestic parcel delivery service center : YOURS, LTD.",-,営業時間 24時間 / Open for 24 hours
品川区,東五反田５丁目,-,東京都品川区東五反田5-9-22,35.631307,139.725580,I1-47. NTT東日本 関東病院（南側） /  NTT Medical Center Tokyo(South Side),-,営業時間 24時間 / Open for 24 hours
品川区,東五反田５丁目,-,東京都品川区東五反田5-9-22,35.631307,139.725580,I1-48. NTT東日本 関東病院（北側） / NTT Medical Center Tokyo(North Side),-,営業時間 24時間 / Open for 24 hours
江東区,東砂１丁目,-,東京都江東区東砂1-2-13,35.683663,139.839857,H1-136.東砂一丁目公園 / Higashisuna 1 chome Park,-,営業時間 24時間 / Open for 24 hours
江東区,東砂２丁目,-,東京都江東区東砂2-12-31,35.684473,139.844067,H1-77.ライフ東砂店 / LIFE Higashisuna Store,-,営業時間 24時間 / Open for 24 hours
江東区,東砂４丁目,-,東京都江東区東砂4-24-1,35.679201,139.839508,H1-122.東砂スポーツセンター / Higashisuna Sports Center,-,営業時間 24時間 / Open for 24 hours休館日は第2･第4月曜日(休日にあたる場合は､その翌日)､年末年始12月29日~1月3日詳細については､以下のURLからご確認をお願いいたします｡https://www.koto-hsc.or.jp/sports_center5/
江東区,東砂７丁目,-,東京都江東区東砂7-19-5,35.672656,139.837805,H1-102.ファミリーマート東砂七丁目店 / Family Mart Higashisuna 7Chome Store,-,営業時間 24時間 / Open for 24 hours
港区,東新橋１丁目,虎ノ門広域,東京都港区東新橋1-5-2,35.665619,139.760797,C1-49. 汐留シティセンター / Shiodome City Center,-,営業時間 24時間 / Open for 24 hours
千代田区,東神田１丁目,-,東京都千代田区東神田1-15-9,35.694935,139.782685,A3-36.クロックカフェ東神田 / Clock café Higashi-kanda,-,営業時間 / Open  9:30 - 22:00
千代田区,東神田１丁目,-,東京都千代田区東神田1-9‐8,35.694697,139.779756,A3-44.THE WAVES AKIHABARA,-,営業時間 24時間 / Open for 24 hours
千代田区,東神田１丁目,-,東京都千代田区東神田1-7-10,35.694812,139.779300,A3-43.unito CHIYODA,-,営業時間 24時間 / Open for 24 hours
千代田区,東神田２丁目,-,東京都千代田区東神田2-10-9,35.695731,139.781517,A3-37.THE PORTAL AKIHABARA,-,営業時間 24時間 / Open for 24 hours
品川区,東大井１丁目,-,東京都品川区東大井1-1-10,35.606430,139.743380,I1-65.セブン-イレブン品川東大井1丁目店 / Seven-Eleven Shinagawa Higashi-Oi 1 Chome Store,-,営業時間 24時間 / Open for 24 hours
品川区,東中延２丁目,-,東京都品川区東中延2-4-6,35.608997,139.714111,I1-46.セブン-イレブン品川東中延2丁目店 / Seven-Eleven Shinagawa Higashi-Nakanobu 2 Chome shop,-,営業時間 24時間 / Open for 24 hours
中央区,東日本橋２丁目,-,東京都中央区東日本橋2-22-4,35.694068,139.787061,B1-04.産業会館 / Industrial Hall,-,営業時間 24時間 / Open for 24 hours
品川区,東品川１丁目,-,東京都品川区東品川1-3-15,35.622292,139.745935,I1-62.天王洲Rim / TENNOZ Rim,-,営業時間 24時間 / Open for 24 hours
品川区,東品川１丁目,-,東京都品川区東品川1-2-5,35.622874,139.744645,I1-80.リバーサイド品川港南ビル / RIVERSIDE Shinagawa Kounan Building,-,営業時間 24時間 / Open for 24 hours
品川区,東品川２丁目,-,東京都品川区東品川2-3-10,35.623690,139.750921,I1-35.シーフォートスクエア / Sea Fort Square,-,営業時間 24時間 / Open for 24 hours
品川区,東品川２丁目,-,東京都品川区東品川2-2-20,35.622123,139.750140,I1-54.天王洲オーシャンスクエア / Tennoz Ocean Square,-,営業時間 24時間 / Open for 24 hours
品川区,東品川２丁目,-,東京都品川区東品川2-5-42,35.620508,139.749304,I1-53.天王洲公園 / Tennozu Park,-,営業時間 24時間 / Open for 24 hours
品川区,東品川３丁目,-,東京都品川区東品川3-9-21,35.616807,139.749638,I1-09.東品川海上公園第1 / Higashi-Shinagawa Sea Park Dai-1,-,営業時間 24時間 / Open for 24 hours
品川区,東品川３丁目,-,東京都品川区東品川3-9-21,35.616807,139.749638,I1-17.東品川海上公園第2 / Higashi-Shinagawa Sea Park Dai-2,-,営業時間 24時間 / Open for 24 hours
品川区,東品川３丁目,-,東京都品川区東品川3-15-1,35.614405,139.746905,I1-18.東品川公園 / Higashi-Shinagawa Park,-,営業時間 24時間 / Open for 24 hours
品川区,東品川３丁目,-,東京都品川区東品川3-24-16,35.611320,139.745651,I1-32.ローソン 東品川三丁目店 / LAWSON Higashi-Shinagawa 3 Chome shop,-,営業時間 24時間 / Open for 24 hours
品川区,東品川３丁目,-,東京都品川区東品川3-28-22,35.611832,139.747912,I1-34.NTT品川ビル / NTT Shinagawa Build,-,営業時間 24時間 / Open for 24 hours
品川区,東品川３丁目,-,東京都品川区東品川3-7-10,35.616306,139.747542,I1-73.ローソン東品川海岸通店 / LAWSON Higashi-Shinagawa Kaigan-dori shop,-,営業時間 24時間 / Open for 24 hours
品川区,東品川４丁目,-,東京都品川区東品川4-10-18,35.607253,139.746793,I1-52.カスタリアタワー品川シーサイド / CASTALIA Tower Shinagawa Seaside,-,営業時間 24時間 / Open for 24 hours
港区,東麻布１丁目,-,東京都港区東麻布1-8-4,35.657132,139.743627,C2-16.ザ・ベルグレイヴィア麻布 / THE BELGRAVIA AZABU,-,営業時間 24時間 / Open for 24 hours
港区,東麻布２丁目,-,東京都港区東麻布2-16-11,35.656947,139.740907,C2-04.飯倉いきいきプラザ / Iikura Iki-iki Plaza,-,営業時間 24時間 / Open for 24 hours
江東区,東陽２丁目,-,東京都江東区東陽2-3-12,35.667825,139.816874,H1-146.ホテルルートインGrand東京東陽町 / HOTEL ROUTE-INN Grand TOKYO TOYOCHO,-,営業時間 24時間 / Open for 24 hours
江東区,東陽４丁目,-,東京都江東区東陽4-11-28,35.672613,139.817301,H1-30.江東区役所（北側） / Koto City Office(North Side),-,営業時間 24時間 / Open for 24 hours
江東区,東陽４丁目,-,東京都江東区東陽4-11-28,35.672613,139.817301,H1-31.江東区役所（南側） / Koto City Office(South Side),-,営業時間 24時間 / Open for 24 hours
江東区,東陽４丁目,-,東京都江東区東陽4-6-11,35.670827,139.819391,H1-71.セブン-イレブン 江東東陽4丁目店 / Seven-Eleven Koto Toyo 4-Chome store,-,営業時間 24時間 / Open for 24 hours
江東区,東陽６丁目,-,東京都江東区東陽6-3-2,35.675304,139.815734,H1-43.東京イースト21 / Tokyo East 21,-,営業時間 24時間 / Open for 24 hours
渋谷区,道玄坂１丁目,-,東京都渋谷区道玄坂1-12-1,35.658003,139.698143,M3-01.渋谷マークシティ / SHIBUYA MARK CITY,-,営業時間 / Open 6:00-23:59※ﾅﾁｭﾗﾙﾛｰｿﾝ｢渋谷道玄坂一丁目店｣の脇道奥､および渋谷ﾏｰｸｼﾃｨｳｴｽﾄ 4Fの｢Zoff Plus 渋谷ﾏｰｸｼﾃｨ店｣と｢ﾁｪﾙｼｰｶﾌｪ 渋谷ﾏｰｸｼﾃｨ店｣の間になります｡
渋谷区,道玄坂１丁目,-,東京都渋谷区道玄坂1-10-8,35.656994,139.698552,M3-11.渋谷道玄坂東急ビル/ Shibuya Dogenzaka Tokyu Bldg,-,営業時間 / Open 5:10 - 23:50
千代田区,内幸町１丁目,-,東京都千代田区内幸町1-1-5,35.670593,139.757404,A5-05.みずほ銀行内幸町本部ビル / Mizuho Bank Uchisaiwaicho Headquarters Building,-,営業時間 24時間 / Open for 24 hours
千代田区,内幸町２丁目,-,東京都千代田区内幸町2-2-2,35.670600,139.755229,A5-07.富国生命ビル / FUKOKUSEIMEI BLDG.,-,営業時間 24時間 / Open for 24 hours
千代田区,内神田２丁目,-,東京都千代田区内神田2-3-6,35.689646,139.767903,A3-02.カーサノーヴァショップ（楓ビル） / CASA NUOVA SHOP(Kaede Build.),-,営業時間 24時間 / Open for 24 hours
千代田区,内神田３丁目,-,東京都千代田区内神田3-21-6,35.692803,139.770587,A3-25.神田駅北（神田警察通り）/ North Side of Kanda　Station（Kanda Police St.）,-,営業時間 24時間 / Open for 24 hours
江東区,南砂２丁目,-,東京都江東区南砂2-38-3,35.669544,139.825502,H1-65.ローソン南砂日曹橋店 / LAWSON Minamisuna Nissobashi shop,-,営業時間 24時間 / Open for 24 hours
江東区,南砂２丁目,-,東京都江東区南砂2-3-1,35.671074,139.821999,H1-144.南砂住宅 / Minamisuna Juutaku,-,営業時間 24時間 / Open for 24 hours
江東区,南砂５丁目,-,東京都江東区南砂5-8-1,35.675591,139.829494,H1-121.南砂5丁目 / Minamisuna 5-Chome,-,営業時間 24時間 / Open for 24 hours
江東区,南砂６丁目,-,東京都江東区南砂6-7-15,35.671598,139.835639,H1-47.トピレックプラザ / TOPYREC PLAZA,-,営業時間 24時間 / Open for 24 hours
港区,南青山１丁目,-,東京都港区南青山1-1-1,35.672694,139.725405,C3-07.新青山ビル / Shin-Aoyama Building,-,営業時間 24時間 / Open for 24 hours
品川区,南大井１丁目,-,東京都品川区南大井１丁目１２−６,35.596306,139.737561,I1-66.南大井文化センター駐車場 / Minami-Oi Cultural Center Parking,-,営業時間 / Open 月~土 / Mon.-Sat. 8:30-21:00日･祝 / Sun. Holiday 8:30-17:00休館日:毎月第4月曜日､年末年始(12月29日~1月3日)※施設内に設置されたﾎﾟｰﾄのため､南大井文化ｾﾝﾀｰの休館日に準じます｡
品川区,南大井３丁目,-,東京都品川区南大井3-30-8,35.587745,139.734525,I1-88.セブン-イレブン品川南大井3丁目店 / Seven-Eleven Shinagawa Minami-Oi 3 Chome,-,営業時間 24時間 / Open for 24 hours
品川区,南大井４丁目,-,東京都品川区南大井4-9-2,35.596379,139.735505,I1-71.セブン-イレブン南大井浜川店 / Seven-Eleven Minami-Oi Hamakawa Store,-,営業時間 24時間 / Open for 24 hours
品川区,南大井６丁目,-,東京都品川区南大井6-15-11,35.589765,139.729255,I1-57.大井水神公園 / Oi-Suijin Park,-,営業時間 24時間 / Open for 24 hours
港区,南麻布４丁目,-,東京都港区南麻布4-6-7,35.650932,139.727302,C2-05.ありすいきいきプラザ / Arisu Iki-iki Plaza,-,営業時間 24時間 / Open for 24 hours
港区,南麻布５丁目,-,東京都港区南麻布5-6-33,35.652478,139.727807,C2-13.麻布運動場 / Azabu Sports Field,-,営業時間 24時間 / Open for 24 hours
千代田区,二番町,-,東京都千代田区二番町8-8,35.685844,139.734046,A6-08.二番町ガーデン / Nibancho Garden,-,営業時間 24時間 / Open for 24 hours
千代田区,二番町,-,東京都千代田区二番町5-25,35.685516,139.736321,A6-07.二番町センタービル / Nibancho Center Building,-,営業時間 24時間 / Open for 24 hours
品川区,二葉３丁目,-,東京都品川区二葉3-29-10,35.601803,139.719825,I1-86.ファミリーマート二葉三丁目店 / FamilyMart Futaba 3 Chome,-,営業時間 24時間 / Open for 24 hours
品川区,二葉４丁目,-,東京都品川区二葉4-1-17,35.603186,139.713388,I1-75.セブン-イレブン品川二葉4丁目店 / Seven-Eleven Shinagawa Futaba 4 Chome Store,-,営業時間 24時間 / Open for 24 hours
中央区,日本橋蛎殻町２丁目,-,東京都中央区日本橋蛎殻町2-1-1,35.682318,139.786933,B1-15.ロイヤルパークホテル / ROYAL PARK HOTEL,-,営業時間 24時間 / Open for 24 hours
中央区,日本橋茅場町１丁目,-,東京都中央区日本橋茅場町1-5-12,35.680844,139.779427,B2-07.東京証券会館（北側） / Tokyo Shoken Kaikan(North Side),-,営業時間 24時間 / Open for 24 hours
中央区,日本橋茅場町１丁目,-,東京都中央区日本橋茅場町1-8-1,35.680160,139.778799,B2-09.茅場町一丁目平和ビル / Kayabacho 1-chome Heiwa Building,-,営業時間 24時間 / Open for 24 hours
中央区,日本橋茅場町１丁目,-,東京都中央区日本橋茅場町1-6-12,35.680874,139.778704,B2-08.共同ビル（茅場町交差点前） / Kyodo Building (near Kayabacho Crossing),-,営業時間 24時間 / Open for 24 hours
中央区,日本橋小舟町,-,東京都中央区日本橋小舟町4-1,35.687532,139.777239,B1-06.伊場仙ビル / Ibasen Building,-,営業時間 24時間 / Open for 24 hours
中央区,日本橋小伝馬町,-,東京都中央区日本橋小伝馬町5-2,35.691118,139.777820,B1-01.十思公園 / Jisshi Park,-,営業時間 24時間 / Open for 24 hours
中央区,日本橋小網町,-,東京都中央区日本橋小網町1-3,35.681210,139.781396,B1-18.セブン-イレブン 日本橋小網町店 / Seven-Eleven Nihonbashi Koamicho store,-,営業時間 24時間 / Open for 24 hours
中央区,日本橋箱崎町,-,東京都中央区日本橋箱崎町3-1,35.681056,139.784930,B1-10.箱崎川第二公園 / Hakozakigawa Dai-ni Park,-,営業時間 24時間 / Open for 24 hours
中央区,日本橋箱崎町,-,東京都中央区日本橋箱崎町6-7,35.679560,139.784427,B1-23.NANAEI日本橋 / NANAEI NIHONBASHI,-,営業時間 24時間 / Open for 24 hours
中央区,日本橋浜町２丁目,-,東京都中央区日本橋浜町2-31-1,35.687831,139.787008,B1-08.明治座 / Meijiza,-,営業時間 24時間 / Open for 24 hours
中央区,日本橋堀留町１丁目,-,東京都中央区日本橋堀留町1-1-16,35.686439,139.779277,B1-02.堀留児童公園（西側） / Horidome Children’s Park(West Side),-,営業時間 24時間 / Open for 24 hours
中央区,日本橋堀留町１丁目,-,東京都中央区日本橋堀留町1-1-1,35.687408,139.778996,B1-05.日本橋保健センター /  Nihonbashi Health Center,-,営業時間 24時間 / Open for 24 hours
中央区,日本橋本石町４丁目,日八京,東京都中央区日本橋本石町4-4-3,35.687980,139.769899,B1-03.常盤公園（北側） / Tokiwa Park(North Side),-,営業時間 24時間 / Open for 24 hours
中央区,日本橋本町１丁目,日八京,東京都中央区日本橋本町1-4-14,35.686230,139.776069,B1-09.スマイルホテル日本橋三越前 / Smile Hotel Nihonbashi Mitsukoshimae,-,営業時間 24時間 / Open for 24 hours
中央区,入船３丁目,-,東京都中央区入船3-2-6,35.670570,139.775765,B2-05.NTT東日本築地ビル / NTT-East Tsukiji Build.,-,営業時間 24時間 / Open for 24 hours
江東区,白河１丁目,-,東京都江東区白河1-3-28,35.681157,139.800544,H1-55.深川江戸資料館 / Fukagawa Edo Museum,-,営業時間 / Open 8:30~20:00※12/29~1/3はご利用できません｡We will close from December 29 to January 3.
港区,白金６丁目,-,東京都港区白金6-3-15,35.644121,139.723369,C4-06.白金プラチナレジデンス / SHIROKANE PLATINUM RESIDENCE,-,営業時間 24時間 / Open for 24 hours
港区,白金台４丁目,-,東京都港区白金台4-8-5,35.637716,139.725074,C4-02.白金台いきいきプラザ /  Shirokanedai Iki-iki Plaza,-,営業時間 24時間 / Open for 24 hours
港区,白金台４丁目,-,東京都港区白金台4-6-2,35.639197,139.726740,C4-05.白金台駅自転車駐車場 / Shirokanedai Station bicycle parking,-,営業時間 / Open 4:30-25:30(深夜1:30)
渋谷区,幡ケ谷１丁目,-,東京都渋谷区幡ヶ谷1-1-1,35.677331,139.678261,M6-10.京王コインパーク幡ヶ谷 / KEIO Coinpark Hatagaya,-,営業時間 24時間 / Open for 24 hours
渋谷区,幡ケ谷２丁目,-,東京都渋谷区幡ヶ谷2-53-5,35.679050,139.674783,【休止中】M6-05.七号通り公園 / 7 St. Park,休止日時：1月29日（金）23：00～（未定）,営業時間 24時間 / Open for 24 hours
渋谷区,幡ケ谷３丁目,-,東京都渋谷区幡ヶ谷3-61-1,35.683180,139.673290,"M6-12.LIVART SEASON 幡ヶ谷
/ LIVART SEASON HATAGAYA",-,営業時間 24時間 / Open for 24 hours
中央区,八重洲１丁目,日八京,東京都中央区八重洲1-2-1,35.683807,139.771756,B1-22.新呉服橋ビル / New Gofukubashi building,-,営業時間 24時間 / Open for 24 hours
品川区,八潮１丁目,-,東京都品川区八潮1-3-1,35.612513,139.753782,I1-13.八潮北公園 / Yashio-kita Park,-,営業時間 24時間 / Open for 24 hours
品川区,八潮３丁目,-,東京都品川区八潮3-2-38,35.593752,139.761144,I1-38.ローソン 八潮三丁目店 / LAWSON Yashio 3 Chome shop,-,営業時間 24時間 / Open for 24 hours
千代田区,隼町,-,東京都千代田区隼町4-1,35.681553,139.743304,A6-24.国立劇場 / National Theatre,-,営業時間 24時間 / Open for 24 hours
千代田区,飯田橋１丁目,-,東京都千代田区飯田橋1-1-1,35.697357,139.750127,A1-11.ホテルグランドパレス / Hotel Grand Palace,-,営業時間 24時間 / Open for 24 hours
千代田区,飯田橋３丁目,-,東京都千代田区飯田橋3-5-1,35.701444,139.747374,A1-03.東京区政会館（メトロA5出口） / Tokyo Kusei Kaikan building(Metro A5 Exit),-,営業時間 24時間 / Open for 24 hours
千代田区,飯田橋３丁目,-,東京都千代田区飯田橋3-5-1,35.701444,139.747374,A1-04.東京区政会館（西側駐輪場） / Tokyo Kusei Kaikan building(Western parking lot),-,営業時間 24時間 / Open for 24 hours
千代田区,飯田橋３丁目,-,東京都千代田区飯田橋3-10-8,35.700845,139.749132,【休止中】A1-07.ホテルメトロポリタン エドモント / Hotel Metropolitan Edmont,休止日時：2020年12月9日（水）12:00～未定,営業時間 24時間 / Open for 24 hours
新宿区,百人町１丁目,-,東京都新宿区百人町1-23-24,35.699277,139.697530,D5-07.セブン-イレブン 新宿大久保駅南口店 / Seven-Eleven Shinjuku Okubo Station South Exit store,-,営業時間 24時間 / Open for 24 hours
新宿区,百人町３丁目,-,東京都新宿区百人町3-23-1,35.705667,139.698292,D5-10.桜美林大学 新宿キャンパス /J. F. Oberlin University Shinjuku campus,休止日時：2020年12月26日（土）23:00～2021年1月7日（水）7:00,営業時間 / Open 7:00-23:00
港区,浜松町１丁目,-,東京都港区浜松町1-6-7,35.658815,139.757547,C1-22.神明いきいきプラザ / Shimmei Iki-iki Plaza,-,営業時間 / 9:00-17:00(月~日､祝日含む)
港区,浜松町１丁目,-,東京都港区浜松町1-13-1,35.658781,139.756899,C1-41.港区立エコプラザ / Eco Plaza,-,営業時間 24時間 / Open for 24 hours
渋谷区,富ケ谷２丁目,-,東京都渋谷区富ヶ谷2-5-15,35.665929,139.686435,M5-10.富ヶ谷2丁目 / Tomigaya 2 chome,-,営業時間 24時間 / Open for 24 hours
千代田区,富士見１丁目,-,東京都千代田区富士見1-6-7,35.699106,139.746388,"A1-05.富士見出張所 / Chiyoda Ward Office,Fujimi Branch",-,営業時間 24時間 / Open for 24 hours
千代田区,富士見１丁目,-,東京都千代田区富士見1-10-3,35.697359,139.746135,A1-15.富士見みらい館 / Fujimi Mirai-kan Hall,-,営業時間 24時間 / Open for 24 hours
千代田区,富士見２丁目,-,東京都千代田区富士見2-10-2飯田橋グラン・ブルーム　サクラテラス,35.698928,139.743809,A1-08.飯田橋サクラテラス（早稲田通り） / IIDABASHI SAKURA TERRACE (Waseda street),-,営業時間 24時間 / Open for 24 hours
千代田区,平河町２丁目,-,東京都千代田区平河町2-7-4,35.679254,139.740279,A6-25.麹町仮住宅 / Kojimachi Temporary Housing,-,営業時間 24時間 / Open for 24 hours
新宿区,片町,-,東京都新宿区片町4-9,35.691856,139.724397,D1-10.曙橋駐輪場 / Akebonobashi Cycle Port,-,営業時間 24時間 / Open for 24 hours
中央区,豊海町,-,東京都中央区豊海町3-13,35.652721,139.771294,【2/4 8時まで】B4-16.トヨミ フィッシャリーズ テラス / TOYOMI FISHERIES TERRACE,閉鎖日時：2021年2月4日（木）ＡＭ8:00,営業時間 24時間 / Open for 24 hours
中央区,豊海町,-,東京都中央区豊海町5-1,35.653492,139.769782,B4-18.豊海センタービル / TOYOMI CENTER BUILDING,-,営業時間 24時間 / Open for 24 hours
江東区,豊洲２丁目,-,東京都江東区豊洲2-2-18,35.654236,139.795268,H1-53.豊洲シビックセンター / Toyosu civic center,-,営業時間 24時間 / Open for 24 hours
江東区,豊洲３丁目,-,東京都江東区豊洲3-1-1,35.659391,139.793763,H1-81.豊洲IHIビル（北側）/Toyosu IHI Building(north side),-,営業時間 24時間 / Open for 24 hours
江東区,豊洲５丁目,-,東京都江東区豊洲5-6-36,35.652117,139.798064,H1-35.ヒューリック豊洲プライムスクエア / Hulic Toyosu Prime Square,-,営業時間 24時間 / Open for 24 hours
江東区,豊洲５丁目,-,東京都江東区豊洲5-6-52,35.650541,139.799287,H1-120.豊洲5丁目 / Toyosu 5 Chome,-,営業時間 24時間 / Open for 24 hours
江東区,豊洲６丁目,-,東京都江東区豊洲6-2-15,35.647827,139.790344,H1-44.テプコ豊洲ビル / TEPCO TOYOSU Bldg.,-,営業時間 24時間 / Open for 24 hours
江東区,豊洲６丁目,-,東京都江東区豊洲6-2-3,35.649293,139.792270,H1-68.芝浦工業大学附属中学高等学校 / Shibaura Institute of Technology Junior and Senior High School,-,営業時間 24時間 / Open for 24 hours
品川区,豊町１丁目,-,東京都品川区豊町1-16-23,35.611531,139.720555,I1-59.文庫の森第一 / Bunko-no-mori 1,-,営業時間 24時間 / Open for 24 hours
品川区,豊町１丁目,-,東京都品川区豊町1-16-23,35.611531,139.720555,I1-60.文庫の森第二 / Bunko-no-mori 2,-,営業時間 24時間 / Open for 24 hours
江東区,北砂１丁目,-,東京都江東区北砂1-2-9,35.684509,139.821418,H1-42.江東区スポーツ会館 / Koto-ku Sports Hall,-,営業時間 24時間 / Open for 24 hours
江東区,北砂５丁目,-,東京都江東区北砂5-1-7,35.680364,139.831968,H1-54.砂町文化センター  / Sunamachi Culture Center,-,営業時間 / Open 9:00-21:30※毎月第1･3月曜日(但し､祝日の場合を除く)及び12/29~1/3はご利用できません｡This port can not be used on the first and third Mondays and we will close from December 29 to January 3.
新宿区,北新宿１丁目,-,東京都新宿区北新宿1-5-1,35.699605,139.695704,D5-11.NTTコミュニケーションズ新宿ビル / NTT Communications Shinjuku Build,-,営業時間 24時間 / Open for 24 hours
新宿区,北新宿２丁目,-,東京都新宿区北新宿2-21-1,35.696092,139.689394,D6-07.新宿フロントタワー / Shinjuku Front Tower,-,営業時間 24時間 / Open for 24 hours
品川区,北品川１丁目,-,東京都品川区北品川1-23-19,35.621143,139.741370,I1-85.GOODOFFICE品川 /  GOODOFFICE Shinagawa,-,営業時間 24時間 / Open for 24 hours
品川区,北品川４丁目,-,東京都品川区北品川4-7-35,35.621737,139.737006,I1-40.御殿山トラストタワー / GOTENYAMA TRUST TOWER,-,営業時間 24時間 / Open for 24 hours
品川区,北品川６丁目,-,東京都品川区北品川6-7-29,35.623788,139.733871,I1-37.ガーデンシティ品川御殿山 / Garden City Shinagawa Gotenyama,-,営業時間 24時間 / Open for 24 hours
渋谷区,本町２丁目,-,東京都渋谷区本町2-2-2,35.683832,139.684936,M6-09.ファミリーマート渋谷本町店 / Family Mart Shibuya Honmachi Store,-,営業時間 24時間 / Open for 24 hours
渋谷区,本町４丁目,-,東京都渋谷区本町4-11-5,35.687351,139.680707,M6-04.本町東べんてん橋公園 / Honmachi-Higashi Benten Bridge Park,-,営業時間 24時間 / Open for 24 hours
渋谷区,本町６丁目,-,東京都渋谷区本町6-27-10,35.682448,139.677441,M6-08.Be Good 幡ヶ谷 / Be Good Hatagaya,-,営業時間 24時間 / Open for 24 hours
港区,麻布十番４丁目,-,東京都港区麻布十番4-3-1,35.654388,139.737244,C2-11.一の橋 / Ichinohashi,-,営業時間 24時間 / Open for 24 hours
中央区,湊１丁目,-,東京都中央区湊1-5-1,35.671845,139.779367,【休止中】B2-01.鉄砲洲児童公園（西側） / Teppozu Children’s Park(West Side),休止日時：2021年1月18日（月）10:00～2021年3月末（未定）まで,営業時間 24時間 / Open for 24 hours
中央区,湊１丁目,-,東京都中央区湊1-1-1,35.673609,139.778767,B2-03.女性センター（ブーケ21） /  Women’s Center(Bouquet 21),-,営業時間 24時間 / Open for 24 hours
江東区,夢の島１丁目,-,東京都江東区夢の島1-1-2,35.648623,139.824323,H1-45.夢の島競技場 / Yumenoshima Stadium,-,営業時間 24時間 / Open for 24 hours
江東区,木場５丁目,-,東京都江東区木場5-8-40,35.671000,139.808621,H1-117.東京パークサイドビル / Tokyo Parkside Building,-,営業時間 24時間 / Open for 24 hours
江東区,木場６丁目,-,東京都江東区木場6-2-6,35.666003,139.806821,H1-36.フジゴルフセンター / Fujigolf Center,-,営業時間 24時間 / Open for 24 hours
江東区,門前仲町２丁目,-,東京都江東区門前仲町2-10-4先,35.673791,139.796025,H1-34.門前仲町駅(首都高高架、駐輪場内２階） / Monzen-nakacho Station,-,営業時間 24時間 / Open for 24 hours
千代田区,有楽町１丁目,大丸有,東京都千代田区有楽町1-1-2,35.673577,139.759176,A4-12.東京ミッドタウン日比谷 / TOKYO MIDTOWN HIBIYA,-,営業時間 24時間 / Open for 24 hours
江東区,有明１丁目,-,東京都江東区有明1-3-33,35.637842,139.788390,H1-76.有明物流センター / Ariake Logistic Center,-,営業時間 24時間 / Open for 24 hours
江東区,有明１丁目,-,東京都江東区有明1-5-22,35.637579,139.781436,H1-89.セガサミースポーツアリーナ / SEGASAMMY SPORTS ARENA,-,営業時間 24時間 / Open for 24 hours
江東区,有明２丁目,-,東京都江東区有明2-3-5,35.633212,139.783857,H1-70.有明スポーツセンター / Ariake sports center,-,営業時間 / Open 8:30-20:00
江東区,有明３丁目,-,東京都江東区有明3-12-13,35.629588,139.792468,H1-28.有明客船ターミナル / Ariake Passenger Ship Terminal,-,営業時間 24時間 / Open for 24 hours
江東区,有明３丁目,-,東京都江東区有明3-7-3,35.634400,139.792637,H1-123.ダイワロイネットホテル東京有明 / Daiwa Roynet Hotel Tokyo-Ariake,-,営業時間 24時間 / Open for 24 hours
新宿区,余丁町,-,東京都新宿区余丁町10-10,35.698269,139.716409,D4-07. 新宿余丁町ビル / Shinjuku Yochomachi Bldg.,-,営業時間 24時間 / Open for 24 hours
港区,六本木１丁目,虎ノ門,東京都港区六本木1-4-5,35.665612,139.739446,C2-03.アークヒルズサウスタワー / Ark Hills South Tower,-,営業時間 24時間 / Open for 24 hours
港区,六本木１丁目,虎ノ門,東京都港区六本木1-9-9,35.663464,139.740964,C2-12.六本木ファーストビル / Roppongi First Building,-,営業時間 24時間 / Open for 24 hours
港区,六本木３丁目,六本木,東京都港区六本木3-2-1,35.664684,139.737749,C2-15.住友不動産六本木グランドタワー / SUMITOMO FUDOSAN ROPPONGI GRAND TOWER,-,営業時間 24時間 / Open for 24 hours
港区,六本木５丁目,六本木,東京都港区六本木5-16-45,35.660626,139.735231,C2-09.麻布地区総合支所 / Azabu Regional City Office,-,営業時間 24時間 / Open for 24 hours
港区,六本木５丁目,六本木,東京都港区六本木5-12-11,35.657824,139.735212,C2-21.麻布ガーデニア / Azabu Gardenia,-,営業時間 24時間 / Open for 24 hours
港区,六本木６丁目,六本木,東京都港区六本木6-10-1,35.660448,139.729233,C2-02.六本木ヒルズ / Roppongi Hills,-,営業時間 24時間 / Open for 24 hours
港区,六本木７丁目,六本木,東京都港区六本木7-3-24,35.666003,139.727795,C2-17.goodoffice ROPPONGI,-,営業時間 24時間 / Open for 24 hours
