指標名,駅,,,,,,,,,,
出典,駅情報：駅データ.jp、乗降客数：国土交通省,,,,,,,,,,
年次,2021/2/25取得,,,,,,,,,,
URL,駅情報：https://ekidata.jp/、乗降客数：http://nlftp.mlit.go.jp/ksj/,,,,,,,,,,
備考,新幹線駅除く。乗降客数データは昨年から更新無し。,,,,,,,,,,
,,,,,,,,,,,
区,町丁,エリア,住所,緯度,経度,駅名,路線,事業者,乗降客数（2018年度）,駅コード（路線別）,駅コード（路線不問）
品川区,東大井２丁目,-,東京都品川区東大井２-２３-１,35.598489,139.738886,立会川,京急本線,京浜急行電鉄株式会社,"19,096",2700107,2700107
品川区,上大崎２丁目,-,東京都品川区上大崎二丁目16-9,35.633923,139.715775,目黒,JR山手線,東日本旅客鉄道株式会社,"220,438",1130203,1130203
品川区,上大崎４丁目,-,東京都品川区上大崎四丁目2-1,35.633272,139.715500,目黒,東急目黒線,東京急行電鉄株式会社,"276,680",2600201,1130203
品川区,上大崎４丁目,-,東京都品川区上大崎四丁目2-1,35.633272,139.715500,目黒,東京メトロ南北線,東京地下鉄株式会社,データ無し,2800919,1130203
品川区,上大崎４丁目,-,東京都品川区上大崎四丁目2-1,35.633272,139.715500,目黒,都営三田線,東京都交通局,データ無し,9930301,1130203
品川区,北品川１丁目,-,東京都品川区北品川１-１-４,35.622458,139.739191,北品川,京急本線,京浜急行電鉄株式会社,"9,612",2700103,2700103
品川区,小山３丁目,-,東京都品川区小山３-４-８,35.620538,139.704524,武蔵小山,東急目黒線,東京急行電鉄株式会社,"53,186",2600203,2600203
品川区,西五反田５丁目,-,東京都品川区西五反田５-１２-１,35.626526,139.714690,不動前,東急目黒線,東京急行電鉄株式会社,"30,805",2600202,2600202
品川区,東品川４丁目,-,東京都品川区東品川４-１２-２２,35.608524,139.749549,品川シーサイド,東京臨海高速鉄道りんかい線,東京臨海高速鉄道株式会社,"46,200",9933706,9933706
品川区,東品川２丁目,-,東京都品川区東品川２-５-１９,35.622908,139.750675,天王洲アイル,東京モノレール羽田空港線,東京モノレール株式会社,"31,303",9933602,9933602
品川区,東品川２丁目,-,東京都品川区東品川２-５-１９,35.620562,139.750793,天王洲アイル,東京臨海高速鉄道りんかい線,東京臨海高速鉄道株式会社,"39,100",9933705,9933602
品川区,中延４丁目,-,東京都品川区中延４-５-５,35.605710,139.712526,中延,東急大井町線,東京急行電鉄株式会社,"23,071",2600404,2600404
品川区,豊町６丁目,-,東京都品川区中延４-５-５,35.605769,139.713736,中延,都営浅草線,東京都交通局,"31,144",9930203,2600404
品川区,南大井３丁目,-,東京都品川区南大井３-３２-１,35.587576,139.735440,大森海岸,京急本線,京浜急行電鉄株式会社,"14,642",2700108,2700108
品川区,大崎４丁目,-,東京都品川区大崎４-１-１,35.622244,139.722339,大崎広小路,東急池上線,東京急行電鉄株式会社,"8,421",2600502,2600502
品川区,大崎１丁目,-,東京都品川区大崎一丁目21-4,35.619772,139.728439,大崎,JR山手線,東日本旅客鉄道株式会社,"321,640",1130201,1130201
品川区,大崎１丁目,-,東京都品川区大崎一丁目21-4,35.619772,139.728439,大崎,JR埼京線,東日本旅客鉄道株式会社,データ無し（埼京線）,1132101,1130201
品川区,大崎１丁目,-,東京都品川区大崎一丁目21-4,35.619772,139.728439,大崎,JR湘南新宿ライン,東日本旅客鉄道株式会社,データ無し（湘南新宿ライン）,1133307,1130201
品川区,大崎１丁目,-,東京都品川区大崎一丁目21-4,35.619772,139.728439,大崎,東京臨海高速鉄道りんかい線,東京臨海高速鉄道株式会社,データ無し,9933708,1130201
品川区,大井１丁目,-,東京都品川区大井１丁目,35.606257,139.734850,大井町,JR京浜東北線,東日本旅客鉄道株式会社,データ無し（京浜東北線）,1133228,1133228
品川区,大井１丁目,-,東京都品川区大井１丁目,35.607535,139.735025,大井町,東急大井町線,東京急行電鉄株式会社,"143,269",2600401,1133228
品川区,大井１丁目,-,東京都品川区大井１丁目,35.607535,139.735025,大井町,東京臨海高速鉄道りんかい線,東京臨海高速鉄道株式会社,"85,600",9933707,1133228
品川区,勝島２丁目,-,東京都品川区勝島２-２-３５,35.595006,139.747080,大井競馬場前,東京モノレール羽田空港線,東京モノレール株式会社,"10,975",9933603,9933603
品川区,南品川３丁目,-,東京都品川区南品川３-１-２０,35.609351,139.742958,青物横丁,京急本線,京浜急行電鉄株式会社,"42,941",2700105,2700105
品川区,西大井１丁目,-,東京都品川区西大井１丁目,35.601616,139.721729,西大井,JR横須賀線,東日本旅客鉄道株式会社,"30,334",1130804,1130804
品川区,西大井１丁目,-,東京都品川区西大井１丁目,35.601616,139.721729,西大井,JR湘南新宿ライン,東日本旅客鉄道株式会社,"30,334",1133308,1130804
品川区,小山６丁目,-,東京都品川区小山６-３-１０,35.615455,139.698694,西小山,東急目黒線,東京急行電鉄株式会社,"37,508",2600204,2600204
品川区,北品川２丁目,-,東京都品川区北品川２-１８-１,35.617620,139.741366,新馬場,京急本線,京浜急行電鉄株式会社,"16,867",2700104,2700104
品川区,東大井１丁目,-,東京都品川区東大井１-２-２０,35.604977,139.742227,鮫洲,京急本線,京浜急行電鉄株式会社,"10,821",2700106,2700106
品川区,東五反田１丁目,-,東京都品川区東五反田一丁目26,35.625974,139.723822,五反田,JR山手線,東日本旅客鉄道株式会社,"272,090",1130202,1130202
品川区,東五反田２丁目,-,東京都品川区東五反田二丁目1-1,35.625262,139.724175,五反田,東急池上線,東京急行電鉄株式会社,"113,193",2600501,1130202
品川区,東五反田５丁目,-,東京都品川区東五反田一丁目26-14,35.627102,139.724175,五反田,都営浅草線,東京都交通局,"70,376",9930205,1130202
品川区,戸越５丁目,-,東京都品川区戸越５-１０-１５,35.608856,139.718159,戸越公園,東急大井町線,東京急行電鉄株式会社,"14,268",2600403,2600403
品川区,平塚２丁目,-,東京都品川区平塚２-１６-１,35.615928,139.714862,戸越銀座,東急池上線,東京急行電鉄株式会社,"20,635",2600503,2600503
品川区,戸越３丁目,-,東京都品川区戸越３-４-１７,35.614633,139.716495,戸越,都営浅草線,東京都交通局,"21,786",9930204,2600503
品川区,旗の台５丁目,-,東京都品川区旗の台２-１３-１,35.604923,139.702286,旗の台,東急大井町線,東京急行電鉄株式会社,データ無し,2600406,2600406
品川区,旗の台５丁目,-,東京都品川区旗の台２-１３-１,35.604923,139.702286,旗の台,東急池上線,東京急行電鉄株式会社,"40,242",2600505,2600406
品川区,西品川１丁目,-,東京都品川区西品川１-２９-６,35.608704,139.726256,下神明,東急大井町線,東京急行電鉄株式会社,"8,339",2600402,2600402
品川区,中延５丁目,-,東京都品川区中延５-２-１,35.603820,139.707571,荏原町,東急大井町線,東京急行電鉄株式会社,"17,178",2600405,2600405
品川区,東中延１丁目,-,東京都品川区中延２-８-１,35.610056,139.712196,荏原中延,東急池上線,東京急行電鉄株式会社,"13,733",2600504,2600504
中央区,京橋２丁目,日八京,東京都中央区京橋２-１３-１１,35.675461,139.771767,宝町,都営浅草線,東京都交通局,"30,176",9930212,2800110
中央区,日本橋浜町２丁目,-,東京都中央区日本橋浜町２-５９-３,35.688516,139.788154,浜町,都営新宿線,東京都交通局,"22,335",9930410,9930410
中央区,八丁堀３丁目,-,東京都中央区八丁堀３丁目,35.674617,139.777705,八丁堀,JR京葉線,東日本旅客鉄道株式会社,"66,344",1132602,1132602
中央区,八丁堀３丁目,-,東京都中央区八丁堀３丁目,35.674851,139.776982,八丁堀,東京メトロ日比谷線,東京地下鉄株式会社,"111,924",2800311,1132602
中央区,日本橋馬喰町１丁目,-,東京都中央区日本橋馬喰町１丁目,35.693365,139.782380,馬喰町,JR総武本線,東日本旅客鉄道株式会社,"50,550",1131403,1131403
中央区,日本橋横山町,-,東京都中央区日本橋横山町４-１３,35.692120,139.782768,馬喰横山,都営新宿線,東京都交通局,"115,517",9930409,1131403
中央区,日本橋２丁目,日八京,東京都中央区日本橋１丁目,35.682078,139.773516,日本橋,東京メトロ銀座線,東京地下鉄株式会社,データ無し,2800109,2800109
中央区,日本橋２丁目,日八京,東京都中央区日本橋１丁目,35.682078,139.773516,日本橋,東京メトロ東西線,東京地下鉄株式会社,"189,764",2800410,2800109
中央区,日本橋２丁目,日八京,東京都中央区日本橋１丁目,35.681688,139.775721,日本橋,都営浅草線,東京都交通局,"96,939",9930213,2800109
中央区,東日本橋３丁目,-,東京都中央区東日本橋３-１１-８,35.692126,139.784821,東日本橋,都営浅草線,東京都交通局,"83,290",9930215,1131403
中央区,銀座４丁目,-,東京都中央区銀座４-１２-１５,35.669464,139.767253,東銀座,東京メトロ日比谷線,東京地下鉄株式会社,"90,621",2800313,2800313
中央区,銀座４丁目,-,東京都中央区銀座４-１２-１５,35.669464,139.767253,東銀座,都営浅草線,東京都交通局,"83,607",9930211,2800313
中央区,築地５丁目,-,東京都中央区築地５-１-２,35.664895,139.766915,築地市場,都営大江戸線,東京都交通局,"32,729",9930119,9930119
中央区,築地３丁目,-,東京都中央区築地３-１５-１,35.668115,139.772603,築地,東京メトロ日比谷線,東京地下鉄株式会社,"77,498",2800312,2800312
中央区,日本橋蛎殻町１丁目,-,東京都中央区日本橋蛎殻町２-１-１,35.682683,139.785377,水天宮前,東京メトロ半蔵門線,東京地下鉄株式会社,"78,360",2800810,2800810
中央区,日本橋人形町１丁目,-,東京都中央区日本橋人形町２-６-５,35.686307,139.782285,人形町,東京メトロ日比谷線,東京地下鉄株式会社,"82,583",2800309,2800309
中央区,日本橋人形町１丁目,-,東京都中央区日本橋人形町２-６-５,35.686307,139.782285,人形町,都営浅草線,東京都交通局,"52,172",9930214,2800309
中央区,築地２丁目,-,東京都中央区築地一丁目1-1,35.670462,139.773711,新富町,東京メトロ有楽町線,東京地下鉄株式会社,"41,479",2800620,2800620
中央区,日本橋室町３丁目,日八京,東京都中央区日本橋室町４丁目,35.688687,139.773230,新日本橋,JR総武本線,東日本旅客鉄道株式会社,"36,614",1131402,1131402
中央区,日本橋小伝馬町,-,東京都中央区日本橋小伝馬町１１-１,35.690737,139.778433,小伝馬町,東京メトロ日比谷線,東京地下鉄株式会社,"39,847",2800308,2800308
中央区,勝どき３丁目,-,東京都中央区勝どき２-１０-１５,35.658507,139.776442,勝どき,都営大江戸線,東京都交通局,"102,315",9930118,9930118
中央区,日本橋室町２丁目,日八京,東京都中央区日本橋室町１-８-１,35.687101,139.773594,三越前,東京メトロ銀座線,東京地下鉄株式会社,データ無し,2800108,1131402
中央区,日本橋室町１丁目,日八京,東京都中央区日本橋室町１-８-１,35.684908,139.773147,三越前,東京メトロ半蔵門線,東京地下鉄株式会社,"129,691",2800809,1131402
中央区,月島１丁目,-,東京都中央区月島一丁目3-9,35.664871,139.784233,月島,東京メトロ有楽町線,東京地下鉄株式会社,"74,049",2800621,2800621
中央区,月島１丁目,-,東京都中央区月島一丁目3-9,35.664871,139.784233,月島,都営大江戸線,東京都交通局,"73,692",9930117,2800621
中央区,銀座１丁目,-,東京都中央区銀座一丁目7-12,35.674350,139.767045,銀座一丁目,東京メトロ有楽町線,東京地下鉄株式会社,"38,754",2800619,2800111
中央区,銀座５丁目,-,東京都中央区銀座４-１-２,35.671989,139.763965,銀座,東京メトロ銀座線,東京地下鉄株式会社,データ無し,2800111,2800111
中央区,銀座５丁目,-,東京都中央区銀座４-１-２,35.671989,139.763965,銀座,東京メトロ丸ノ内線,東京地下鉄株式会社,データ無し,2800210,2800111
中央区,銀座５丁目,-,東京都中央区銀座４-１-２,35.671989,139.763965,銀座,東京メトロ日比谷線,東京地下鉄株式会社,"266,574",2800314,2800111
中央区,京橋２丁目,日八京,東京都中央区京橋２-２-１０,35.676856,139.770126,京橋,東京メトロ銀座線,東京地下鉄株式会社,"60,685",2800110,2800110
中央区,日本橋茅場町１丁目,-,東京都中央区日本橋茅場町１-４-６,35.679752,139.780005,茅場町,東京メトロ日比谷線,東京地下鉄株式会社,データ無し,2800310,2800310
中央区,日本橋茅場町１丁目,-,東京都中央区日本橋茅場町１-４-６,35.679752,139.780005,茅場町,東京メトロ東西線,東京地下鉄株式会社,"129,847",2800411,2800310
千代田区,永田町２丁目,赤坂,東京都千代田区永田町２-１１-１,35.673621,139.741419,溜池山王,東京メトロ銀座線,東京地下鉄株式会社,"109,140",2800114,2800114
千代田区,永田町２丁目,赤坂,東京都千代田区永田町２-１１-１,35.673621,139.741419,溜池山王,東京メトロ南北線,東京地下鉄株式会社,データ無し,2800914,2800114
千代田区,有楽町２丁目,大丸有,東京都千代田区有楽町二丁目9,35.675441,139.763806,有楽町,JR山手線,東日本旅客鉄道株式会社,"339,100",1130225,1130225
千代田区,有楽町２丁目,大丸有,東京都千代田区有楽町二丁目9-17,35.675441,139.763806,有楽町,JR京浜東北線,東日本旅客鉄道株式会社,データ無し（京浜東北線）,1133223,1130225
千代田区,丸の内３丁目,大丸有,東京都千代田区有楽町一丁目11-1,35.675714,139.763265,有楽町,東京メトロ有楽町線,東京地下鉄株式会社,"174,378",2800618,1130225
千代田区,外神田５丁目,-,東京都千代田区外神田４-７-３,35.702972,139.771713,末広町,東京メトロ銀座線,東京地下鉄株式会社,"24,743",2800106,2800106
千代田区,飯田橋４丁目,-,東京都千代田区飯田橋四丁目10-2,35.701835,139.745143,飯田橋,JR中央・総武緩行線,東日本旅客鉄道株式会社,"187,924",1131316,1131316
千代田区,飯田橋４丁目,-,東京都千代田区飯田橋四丁目10-3,35.701725,139.745986,飯田橋,東京メトロ東西線,東京地下鉄株式会社,"195,294",2800406,1131316
千代田区,一番町,-,東京都千代田区麹町１-６,35.685703,139.741630,半蔵門,東京メトロ半蔵門線,東京地下鉄株式会社,"89,961",2800805,2800805
千代田区,有楽町１丁目,大丸有,東京都千代田区有楽町１丁目,35.674590,139.760170,日比谷,東京メトロ日比谷線,東京地下鉄株式会社,"105,614",2800315,2800315
千代田区,日比谷公園,-,東京都千代田区有楽町１丁目,35.674241,139.758732,日比谷,東京メトロ千代田線,東京地下鉄株式会社,データ無し,2800512,2800315
千代田区,有楽町１丁目,大丸有,東京都千代田区有楽町１丁目,35.676036,139.759998,日比谷,都営三田線,東京都交通局,"86,185",9930308,2800315
千代田区,丸の内２丁目,大丸有,東京都千代田区丸の内２丁目,35.681071,139.761948,二重橋前,東京メトロ千代田線,東京地下鉄株式会社,"34,898",2800511,2800511
千代田区,内幸町１丁目,-,東京都千代田区内幸町２-２-３,35.669750,139.755610,内幸町,都営三田線,東京都交通局,"45,317",9930307,9930307
千代田区,丸の内１丁目,大丸有,東京都千代田区丸の内一丁目,35.681391,139.766103,東京,JR東海道本線(東京～熱海),東日本旅客鉄道株式会社,"879,108",1130101,1130101
千代田区,丸の内１丁目,大丸有,東京都千代田区丸の内一丁目9-1,35.681391,139.766103,東京,JR山手線,東日本旅客鉄道株式会社,"879,108",1130224,1130101
千代田区,丸の内１丁目,大丸有,東京都千代田区丸の内一丁目,35.681391,139.766103,東京,JR横須賀線,東日本旅客鉄道株式会社,データ無し（横須賀線）,1130801,1130101
千代田区,丸の内１丁目,大丸有,東京都千代田区丸の内一丁目,35.681391,139.766103,東京,JR中央本線(東京～塩尻),東日本旅客鉄道株式会社,データ無し（中央線）,1131101,1130101
千代田区,丸の内１丁目,大丸有,東京都千代田区丸の内一丁目,35.681391,139.766103,東京,JR中央線(快速),東日本旅客鉄道株式会社,データ無し（中央線）,1131201,1130101
千代田区,丸の内１丁目,大丸有,東京都千代田区丸の内一丁目,35.681391,139.766103,東京,JR総武本線,東日本旅客鉄道株式会社,データ無し,1131401,1130101
千代田区,丸の内１丁目,大丸有,東京都千代田区丸の内一丁目,35.681391,139.766103,東京,JR京葉線,東日本旅客鉄道株式会社,データ無し,1132601,1130101
千代田区,丸の内１丁目,大丸有,東京都千代田区丸の内一丁目,35.681391,139.766103,東京,JR成田エクスプレス,東日本旅客鉄道株式会社,データ無し（成田エクスプレス）,1132809,1130101
千代田区,丸の内１丁目,大丸有,東京都千代田区丸の内一丁目,35.681391,139.766103,東京,JR京浜東北線,東日本旅客鉄道株式会社,データ無し（京浜東北線）,1133222,1130101
千代田区,丸の内１丁目,大丸有,東京都千代田区丸の内一丁目9-1,35.681391,139.766103,東京,上野東京ライン,東日本旅客鉄道株式会社,データ無し（上野東京ライン）,1134301,1130101
千代田区,丸の内１丁目,大丸有,東京都千代田区丸の内一丁目,35.681753,139.764708,東京,東京メトロ丸ノ内線,東京地下鉄株式会社,"211,558",2800209,1130101
千代田区,一ツ橋１丁目,-,東京都千代田区一ツ橋１-１-１,35.690662,139.756817,竹橋,東京メトロ東西線,東京地下鉄株式会社,"48,453",2800408,2800408
千代田区,神田須田町１丁目,-,東京都千代田区神田淡路町１-２,35.695434,139.767575,淡路町,東京メトロ丸ノ内線,東京地下鉄株式会社,"59,445",2800207,2800207
千代田区,大手町２丁目,大丸有,東京都千代田区大手町１丁目,35.686564,139.766200,大手町,東京メトロ丸ノ内線,東京地下鉄株式会社,"338,955",2800208,2800208
千代田区,大手町２丁目,大丸有,東京都千代田区大手町１丁目,35.684801,139.766086,大手町,東京メトロ東西線,東京地下鉄株式会社,データ無し,2800409,2800208
千代田区,大手町１丁目,大丸有,東京都千代田区大手町１丁目,35.686154,139.763399,大手町,東京メトロ千代田線,東京地下鉄株式会社,データ無し,2800510,2800208
千代田区,大手町１丁目,大丸有,東京都千代田区大手町１丁目,35.686860,139.764107,大手町,東京メトロ半蔵門線,東京地下鉄株式会社,データ無し,2800808,2800208
千代田区,丸の内１丁目,大丸有,東京都千代田区大手町１丁目,35.684856,139.762959,大手町,都営三田線,東京都交通局,"104,455",9930309,2800208
千代田区,神田三崎町２丁目,-,東京都千代田区三崎町２丁目,35.702039,139.754312,水道橋,JR中央・総武緩行線,東日本旅客鉄道株式会社,"166,702",1131317,1131317
千代田区,神田神保町２丁目,-,東京都千代田区神田神保町２-２,35.695966,139.757606,神保町,東京メトロ半蔵門線,東京地下鉄株式会社,"96,811",2800807,2800807
千代田区,神田神保町２丁目,-,東京都千代田区神田神保町２-２,35.695492,139.758120,神保町,都営三田線,東京都交通局,"279,576",9930310,2800807
千代田区,神田神保町２丁目,-,東京都千代田区神田神保町２-２,35.695966,139.757606,神保町,都営新宿線,東京都交通局,データ無し,9930406,2800807
千代田区,鍛冶町２丁目,-,東京都千代田区鍛冶町二丁目13-1,35.691173,139.770641,神田,JR山手線,東日本旅客鉄道株式会社,データ無し（山手線）,1130223,1130223
千代田区,鍛冶町２丁目,-,東京都千代田区鍛冶町二丁目13-1,35.691173,139.770641,神田,JR中央線(快速),東日本旅客鉄道株式会社,"202,680",1131202,1130223
千代田区,鍛冶町２丁目,-,東京都千代田区鍛冶町二丁目13-1,35.691173,139.770641,神田,JR京浜東北線,東日本旅客鉄道株式会社,データ無し（京浜東北線）,1133221,1130223
千代田区,神田鍛冶町,-,東京都千代田区神田須田町一丁目16,35.693587,139.770899,神田,東京メトロ銀座線,東京地下鉄株式会社,"60,720",2800107,1130223
千代田区,神田駿河台４丁目,-,東京都千代田区神田駿河台３丁目,35.698072,139.766014,新御茶ノ水,東京メトロ千代田線,東京地下鉄株式会社,"97,514",2800509,1131203
千代田区,神田淡路町１丁目,-,東京都千代田区神田小川町１-６,35.695487,139.767551,小川町,都営新宿線,東京都交通局,"72,113",9930407,2800207
千代田区,神田花岡町,-,東京都千代田区外神田一丁目17,35.698619,139.773288,秋葉原,JR山手線,東日本旅客鉄道株式会社,データ無し（山手線）,1130222,1130222
千代田区,神田花岡町,-,東京都千代田区外神田一丁目17-6,35.698619,139.773288,秋葉原,JR中央・総武緩行線,東日本旅客鉄道株式会社,"493,246",1131319,1130222
千代田区,神田花岡町,-,東京都千代田区外神田一丁目17-6,35.698619,139.773288,秋葉原,JR京浜東北線,東日本旅客鉄道株式会社,データ無し（京浜東北線）,1133220,1130222
千代田区,神田平河町,-,東京都千代田区神田佐久間町一丁目21,35.698162,139.775459,秋葉原,東京メトロ日比谷線,東京地下鉄株式会社,"125,928",2800307,1130222
千代田区,神田花岡町,-,東京都千代田区神田佐久間町一丁目6-10,35.698889,139.774273,秋葉原,首都圏新都市鉄道つくばエクスプレス,首都圏新都市鉄道株式会社,データ無し（つくばエクスプレス）,9930901,1130222
千代田区,五番町,-,東京都新宿区市谷田町一丁目1,35.691000,139.735583,市ヶ谷,JR中央・総武緩行線,東日本旅客鉄道株式会社,"122,368",1131315,1131315
千代田区,九段北４丁目,-,東京都新宿区市谷田町一丁目1,35.691389,139.736250,市ヶ谷,東京メトロ有楽町線,東京地下鉄株式会社,データ無し,2800614,1131315
千代田区,九段北４丁目,-,東京都新宿区市谷田町一丁目1,35.691556,139.737639,市ヶ谷,都営新宿線,東京都交通局,"98,926",9930404,1131315
千代田区,麹町６丁目,-,東京都新宿区四谷１丁目,35.684586,139.729947,四ツ谷,東京メトロ丸ノ内線,東京地下鉄株式会社,"125,084",2800214,1131102
千代田区,麹町６丁目,-,東京都新宿区四谷一丁目,35.686041,139.730644,四ツ谷,JR中央本線(東京～塩尻),東日本旅客鉄道株式会社,"191,092",1131102,1131102
千代田区,麹町６丁目,-,東京都新宿区四谷一丁目,35.686041,139.730644,四ツ谷,JR中央線(快速),東日本旅客鉄道株式会社,"191,092",1131207,1131102
千代田区,麹町６丁目,-,東京都新宿区四谷一丁目,35.686041,139.730644,四ツ谷,JR中央・総武緩行線,東日本旅客鉄道株式会社,"191,092",1131314,1131102
千代田区,霞が関２丁目,虎ノ門広域,東京都千代田区霞が関二丁目1-1,35.677405,139.751490,桜田門,東京メトロ有楽町線,東京地下鉄株式会社,"13,114",2800617,2800617
千代田区,永田町１丁目,赤坂,東京都千代田区永田町１丁目,35.673930,139.745219,国会議事堂前,東京メトロ丸ノ内線,東京地下鉄株式会社,データ無し,2800212,2800212
千代田区,永田町１丁目,赤坂,東京都千代田区永田町１丁目,35.673930,139.745219,国会議事堂前,東京メトロ千代田線,東京地下鉄株式会社,"41,233",2800514,2800212
千代田区,麹町４丁目,-,東京都千代田区麹町三丁目2,35.684006,139.737613,麹町,東京メトロ有楽町線,東京地下鉄株式会社,"65,797",2800615,2800615
千代田区,神田駿河台４丁目,-,東京都千代田区神田駿河台２丁目,35.699605,139.764955,御茶ノ水,JR中央線(快速),東日本旅客鉄道株式会社,"209,632",1131203,1131203
千代田区,神田駿河台４丁目,-,東京都千代田区神田駿河台２丁目,35.699605,139.764955,御茶ノ水,JR中央・総武緩行線,東日本旅客鉄道株式会社,"209,632",1131318,1131203
千代田区,九段北１丁目,-,東京都千代田区九段南１-６-１,35.695589,139.751948,九段下,東京メトロ東西線,東京地下鉄株式会社,"176,675",2800407,2800407
千代田区,九段北１丁目,-,東京都千代田区九段南１-６-１,35.695589,139.751948,九段下,東京メトロ半蔵門線,東京地下鉄株式会社,データ無し,2800806,2800407
千代田区,九段北１丁目,-,東京都千代田区九段南１-６-１,35.695589,139.751948,九段下,都営新宿線,東京都交通局,"111,410",9930405,2800407
千代田区,岩本町３丁目,-,東京都千代田区神田岩本町１,35.695534,139.775866,岩本町,都営新宿線,東京都交通局,"53,741",9930408,9930408
千代田区,霞が関２丁目,虎ノ門広域,東京都千代田区霞が関２丁目,35.673838,139.750899,霞ヶ関,東京メトロ丸ノ内線,東京地下鉄株式会社,データ無し,2800211,2800211
千代田区,霞が関２丁目,虎ノ門広域,東京都千代田区霞が関２丁目,35.673838,139.750899,霞ヶ関,東京メトロ日比谷線,東京地下鉄株式会社,"150,628",2800316,2800211
千代田区,霞が関２丁目,虎ノ門広域,東京都千代田区霞が関２丁目,35.673838,139.750899,霞ヶ関,東京メトロ千代田線,東京地下鉄株式会社,データ無し,2800513,2800211
千代田区,永田町１丁目,赤坂,東京都千代田区永田町一丁目11-28,35.678757,139.740258,永田町,東京メトロ有楽町線,東京地下鉄株式会社,データ無し,2800616,2800115
千代田区,永田町１丁目,赤坂,東京都千代田区永田町一丁目11-29,35.678757,139.740258,永田町,東京メトロ半蔵門線,東京地下鉄株式会社,データ無し,2800804,2800115
千代田区,永田町１丁目,赤坂,東京都千代田区永田町一丁目11-28,35.678757,139.740258,永田町,東京メトロ南北線,東京地下鉄株式会社,"82,091",2800913,2800115
新宿区,西落合３丁目,-,東京都新宿区西落合３-１-１８,35.723608,139.683303,落合南長崎,都営大江戸線,東京都交通局,"27,147",9930133,9930133
新宿区,上落合２丁目,-,東京都新宿区上落合２-１３-７,35.710976,139.687284,落合,東京メトロ東西線,東京地下鉄株式会社,"26,317",2800402,2800402
新宿区,西早稲田３丁目,-,東京都新宿区西早稲田３,35.712981,139.714444,面影橋,都営都電荒川線,東京都交通局,822,9930529,9930529
新宿区,神楽河岸,-,東京都新宿区神楽坂一丁目13,35.701934,139.743669,飯田橋,東京メトロ有楽町線,東京地下鉄株式会社,データ無し,2800613,1131316
新宿区,神楽河岸,-,東京都新宿区神楽坂一丁目13,35.701934,139.743669,飯田橋,東京メトロ南北線,東京地下鉄株式会社,データ無し,2800910,1131316
新宿区,新宿７丁目,-,東京都新宿区新宿７-２７-３,35.698915,139.707593,東新宿,東京メトロ副都心線,東京地下鉄株式会社,"41,695",2801012,2801012
新宿区,新宿６丁目,-,東京都新宿区新宿７-２７-３,35.697920,139.707549,東新宿,都営大江戸線,東京都交通局,"41,560",9930103,2801012
新宿区,西新宿２丁目,-,東京都新宿区西新宿２-８-１,35.690551,139.692570,都庁前,都営大江戸線,東京都交通局,"50,008",9930101,9930101
新宿区,中落合１丁目,-,東京都新宿区中落合１-１９-１,35.715106,139.686967,中井,西武新宿線,西武鉄道株式会社,"29,104",2200704,2200704
新宿区,上落合２丁目,-,東京都新宿区中落合１-１９-１,35.714035,139.686356,中井,都営大江戸線,東京都交通局,"25,482",9930132,2200704
新宿区,百人町１丁目,-,東京都新宿区百人町１丁目,35.700784,139.697320,大久保,JR中央・総武緩行線,東日本旅客鉄道株式会社,"52,840",1131309,1131309
新宿区,早稲田町,-,東京都新宿区早稲田南町12,35.705723,139.721319,早稲田,東京メトロ東西線,東京地下鉄株式会社,"82,370",2800404,2800404
新宿区,西早稲田１丁目,-,東京都新宿区西早稲田一丁目,35.711848,139.718928,早稲田,都営都電荒川線,東京都交通局,"3,179",9930530,9930530
新宿区,歌舞伎町１丁目,-,東京都新宿区歌舞伎町１-３０-１,35.696254,139.700000,西武新宿,西武新宿線,西武鉄道株式会社,"180,884",2200701,2200701
新宿区,西早稲田２丁目,-,東京都新宿区西早稲田二丁目,35.708242,139.709101,西早稲田,東京メトロ副都心線,東京地下鉄株式会社,"38,739",2801011,2801011
新宿区,西新宿５丁目,-,東京都新宿区西新宿５-２５-９,35.689798,139.684304,西新宿五丁目,都営大江戸線,東京都交通局,"33,348",9930129,9930129
新宿区,西新宿６丁目,-,東京都新宿区西新宿６-７-５１,35.694298,139.692778,西新宿,東京メトロ丸ノ内線,東京地下鉄株式会社,"86,795",2800219,2800219
新宿区,矢来町,-,東京都新宿区矢来町１１２,35.703790,139.734546,神楽坂,東京メトロ東西線,東京地下鉄株式会社,"41,257",2800405,2800405
新宿区,百人町１丁目,-,東京都新宿区百人町一丁目10-15,35.700875,139.700261,新大久保,JR山手線,東日本旅客鉄道株式会社,"87,858",1130209,1130209
新宿区,西新宿１丁目,-,東京都新宿区西新宿一丁目18,35.688690,139.698812,新宿,京王新線,京王電鉄株式会社,"786,052",2400701,1130208
新宿区,西新宿１丁目,-,東京都新宿区西新宿１-３-１７,35.693315,139.699155,新宿西口,都営大江戸線,東京都交通局,"59,709",9930102,9930102
新宿区,新宿３丁目,-,東京都新宿区新宿３-１４-１,35.690847,139.704895,新宿三丁目,東京メトロ丸ノ内線,東京地下鉄株式会社,"163,044",2800217,2800217
新宿区,新宿３丁目,-,東京都新宿区新宿３-１４-１,35.690853,139.704828,新宿三丁目,東京メトロ副都心線,東京地下鉄株式会社,データ無し,2801013,2800217
新宿区,新宿３丁目,-,東京都新宿区新宿３-１４-１,35.690616,139.706271,新宿三丁目,都営新宿線,東京都交通局,"73,148",9930402,2800217
新宿区,新宿１丁目,-,東京都新宿区新宿１-８-１,35.688588,139.710690,新宿御苑前,東京メトロ丸ノ内線,東京地下鉄株式会社,"52,630",2800216,2800216
新宿区,新宿３丁目,-,東京都新宿区新宿三丁目38-1,35.689729,139.700464,新宿,JR山手線,東日本旅客鉄道株式会社,データ無し,1130208,1130208
新宿区,新宿３丁目,-,東京都新宿区新宿三丁目38-1,35.689729,139.700464,新宿,JR中央本線(東京～塩尻),東日本旅客鉄道株式会社,"1,538,614",1131103,1130208
新宿区,新宿３丁目,-,東京都新宿区新宿三丁目38-1,35.689729,139.700464,新宿,JR中央線(快速),東日本旅客鉄道株式会社,"1,538,614",1131211,1130208
新宿区,新宿３丁目,-,東京都新宿区新宿三丁目38-1,35.689729,139.700464,新宿,JR中央・総武緩行線,東日本旅客鉄道株式会社,"1,538,614",1131310,1130208
新宿区,新宿３丁目,-,東京都新宿区新宿三丁目38-1,35.689729,139.700464,新宿,JR埼京線,東日本旅客鉄道株式会社,データ無し（埼京線）,1132104,1130208
新宿区,新宿３丁目,-,東京都新宿区新宿三丁目38-1,35.689729,139.700464,新宿,JR成田エクスプレス,東日本旅客鉄道株式会社,データ無し（成田エクスプレス）,1132806,1130208
新宿区,新宿３丁目,-,東京都新宿区新宿三丁目38-1,35.689729,139.700464,新宿,JR湘南新宿ライン,東日本旅客鉄道株式会社,データ無し（湘南新宿ライン）,1133304,1130208
新宿区,西新宿１丁目,-,東京都新宿区西新宿一丁目1-4,35.690163,139.699187,新宿,京王線,京王電鉄株式会社,"786,052",2400101,1130208
新宿区,西新宿１丁目,-,東京都新宿区西新宿一丁目1-3,35.691435,139.699574,新宿,小田急小田原線,小田急電鉄株式会社,"506,229",2500101,1130208
新宿区,新宿３丁目,-,東京都新宿区西新宿一丁目西口地下街1号,35.692350,139.700711,新宿,東京メトロ丸ノ内線,東京地下鉄株式会社,"236,657",2800218,1130208
新宿区,西新宿１丁目,-,東京都新宿区西新宿一丁目18,35.688690,139.698812,新宿,都営新宿線,東京都交通局,"444,420",9930401,1130208
新宿区,西新宿１丁目,-,東京都渋谷区代々木二丁目1-1,35.688690,139.698812,新宿,都営大江戸線,東京都交通局,データ無し,9930128,1130208
新宿区,信濃町,-,東京都新宿区信濃町,35.680031,139.720729,信濃町,JR中央・総武緩行線,東日本旅客鉄道株式会社,"50,682",1131313,1131313
新宿区,住吉町,-,東京都新宿区住吉町７-１,35.692402,139.722881,曙橋,都営新宿線,東京都交通局,"38,039",9930403,9930403
新宿区,河田町,-,東京都新宿区河田町１０-１０,35.699218,139.718184,若松河田,都営大江戸線,東京都交通局,"31,796",9930104,9930104
新宿区,市谷田町１丁目,-,東京都千代田区五番町2-1,35.692972,139.736389,市ヶ谷,東京メトロ南北線,東京地下鉄株式会社,"146,603",2800911,1131315
新宿区,四谷３丁目,-,東京都新宿区四谷３-８,35.687958,139.720103,四谷三丁目,東京メトロ丸ノ内線,東京地下鉄株式会社,"46,732",2800215,2800215
新宿区,四谷１丁目,-,東京都新宿区四谷１丁目,35.686032,139.729550,四ツ谷,東京メトロ南北線,東京地下鉄株式会社,データ無し,2800912,1131102
新宿区,霞ヶ丘町,-,東京都新宿区霞ケ丘町１０-３,35.679831,139.714932,国立競技場,都営大江戸線,東京都交通局,"10,366",9930126,9930126
新宿区,高田馬場１丁目,-,東京都新宿区高田馬場一丁目35-1,35.712677,139.703715,高田馬場,JR山手線,東日本旅客鉄道株式会社,"413,366",1130210,1130210
新宿区,高田馬場１丁目,-,東京都新宿区高田馬場一丁目35-2,35.712677,139.703715,高田馬場,西武新宿線,西武鉄道株式会社,"304,904",2200702,1130210
新宿区,高田馬場１丁目,-,東京都新宿区高田馬場一丁目35-1,35.713338,139.704745,高田馬場,東京メトロ東西線,東京地下鉄株式会社,"203,957",2800403,1130210
新宿区,原町１丁目,-,東京都新宿区原町２-３２,35.699518,139.725027,牛込柳町,都営大江戸線,東京都交通局,"20,596",9930105,9930105
新宿区,箪笥町,-,東京都新宿区箪笥町１５,35.700851,139.735802,牛込神楽坂,都営大江戸線,東京都交通局,"14,841",9930106,9930106
新宿区,下落合１丁目,-,東京都新宿区下落合１-１６-１,35.715846,139.695391,下落合,西武新宿線,西武鉄道株式会社,"12,414",2200703,2200703
渋谷区,神宮前６丁目,-,東京都渋谷区神宮前１丁目,35.669071,139.703995,明治神宮前,東京メトロ千代田線,東京地下鉄株式会社,"105,537",2800518,1130206
渋谷区,神宮前６丁目,-,東京都渋谷区神宮前１丁目,35.668497,139.705367,明治神宮前,東京メトロ副都心線,東京地下鉄株式会社,データ無し,2801015,1130206
渋谷区,千駄ケ谷３丁目,-,東京都渋谷区千駄ヶ谷４丁目,35.678459,139.705453,北参道,東京メトロ副都心線,東京地下鉄株式会社,"23,969",2801014,2801014
渋谷区,幡ケ谷２丁目,-,東京都渋谷区幡ヶ谷一丁目,35.677061,139.676183,幡ヶ谷,京王新線,京王電鉄株式会社,"32,314",2400703,2400103
渋谷区,代々木１丁目,-,東京都渋谷区代々木２丁目,35.683483,139.698670,南新宿,小田急小田原線,小田急電鉄株式会社,"4,024",2500102,2500102
渋谷区,代々木５丁目,-,東京都渋谷区代々木５丁目,35.669715,139.688913,代々木八幡,小田急小田原線,小田急電鉄株式会社,"20,527",2500104,2500104
渋谷区,西原３丁目,-,東京都渋谷区西原３丁目,35.669159,139.680153,代々木上原,小田急小田原線,小田急電鉄株式会社,"262,708",2500105,2500105
渋谷区,西原３丁目,-,東京都渋谷区西原３丁目,35.669159,139.680153,代々木上原,東京メトロ千代田線,東京地下鉄株式会社,データ無し,2800520,2500105
渋谷区,富ケ谷１丁目,-,東京都渋谷区富ケ谷１丁目,35.669187,139.689099,代々木公園,東京メトロ千代田線,東京地下鉄株式会社,"28,031",2800519,2500104
渋谷区,代々木１丁目,-,東京都渋谷区代々木一丁目34-1,35.683061,139.702042,代々木,JR山手線,東日本旅客鉄道株式会社,データ無し,1130207,1130207
渋谷区,代々木１丁目,-,東京都渋谷区代々木一丁目34-1,35.683061,139.702042,代々木,JR中央・総武緩行線,東日本旅客鉄道株式会社,"139,334",1131311,1130207
渋谷区,代々木１丁目,-,東京都渋谷区代々木一丁目35-5,35.683218,139.701666,代々木,都営大江戸線,東京都交通局,"37,678",9930127,1130207
渋谷区,代官山町,-,東京都渋谷区代官山町１９-４,35.648193,139.703284,代官山,東急東横線,東京急行電鉄株式会社,"32,148",2600102,2600102
渋谷区,千駄ケ谷１丁目,-,東京都渋谷区千駄ヶ谷一丁目35-10,35.681231,139.711644,千駄ヶ谷,JR中央・総武緩行線,東日本旅客鉄道株式会社,"36,854",1131312,1131312
渋谷区,神泉町,-,東京都渋谷区神泉町４-６,35.657244,139.693579,神泉,京王井の頭線,京王電鉄株式会社,"10,702",2400602,2400602
渋谷区,本町１丁目,-,東京都渋谷区初台１-５３-７,35.681230,139.686354,初台,京王新線,京王電鉄株式会社,"64,347",2400702,2400102
渋谷区,渋谷２丁目,-,東京都渋谷区道玄坂一丁目1-1,35.658871,139.701238,渋谷,JR山手線,東日本旅客鉄道株式会社,"742,672",1130205,1130205
渋谷区,渋谷２丁目,-,東京都渋谷区道玄坂一丁目1-1,35.658871,139.701238,渋谷,JR埼京線,東日本旅客鉄道株式会社,データ無し（埼京線）,1132103,1130205
渋谷区,渋谷２丁目,-,東京都渋谷区道玄坂一丁目1-1,35.658871,139.701238,渋谷,JR成田エクスプレス,東日本旅客鉄道株式会社,データ無し（成田エクスプレス）,1132807,1130205
渋谷区,渋谷２丁目,-,東京都渋谷区道玄坂一丁目1-1,35.658871,139.701238,渋谷,JR湘南新宿ライン,東日本旅客鉄道株式会社,データ無し（湘南新宿ライン）,1133305,1130205
渋谷区,道玄坂１丁目,-,東京都渋谷区道玄坂一丁目4-1,35.658700,139.700872,渋谷,京王井の頭線,京王電鉄株式会社,"360,845",2400601,1130205
渋谷区,渋谷２丁目,-,東京都渋谷区渋谷二丁目24-1,35.659545,139.702417,渋谷,東急東横線,東京急行電鉄株式会社,"1,163,469",2600101,1130205
渋谷区,渋谷２丁目,-,東京都渋谷区道玄坂二丁目1-1,35.658020,139.702148,渋谷,東急田園都市線,東京急行電鉄株式会社,データ無し,2600301,1130205
渋谷区,道玄坂２丁目,-,東京都渋谷区道玄坂一丁目1-1,35.659066,139.701000,渋谷,東京メトロ銀座線,東京地下鉄株式会社,"224,784",2800119,1130205
渋谷区,道玄坂２丁目,-,東京都渋谷区道玄坂二丁目1-1,35.659066,139.701000,渋谷,東京メトロ半蔵門線,東京地下鉄株式会社,データ無し,2800801,1130205
渋谷区,渋谷２丁目,-,東京都渋谷区道玄坂二丁目1-1,35.659545,139.702417,渋谷,東京メトロ副都心線,東京地下鉄株式会社,データ無し,2801016,1130205
渋谷区,代々木４丁目,-,東京都渋谷区代々木４丁目,35.678586,139.693568,参宮橋,小田急小田原線,小田急電鉄株式会社,"15,546",2500103,2500103
渋谷区,笹塚１丁目,-,東京都渋谷区笹塚１-５６-７,35.673758,139.667251,笹塚,京王線,京王電鉄株式会社,"81,557",2400104,2400104
渋谷区,笹塚１丁目,-,東京都渋谷区笹塚１-５６-７,35.673758,139.667251,笹塚,京王新線,京王電鉄株式会社,"81,557",2400704,2400104
渋谷区,神宮前１丁目,-,東京都渋谷区神宮前一丁目18,35.670646,139.702592,原宿,JR山手線,東日本旅客鉄道株式会社,"152,168",1130206,1130206
渋谷区,恵比寿４丁目,-,東京都渋谷区恵比寿南一丁目5-5,35.646685,139.710070,恵比寿,JR山手線,東日本旅客鉄道株式会社,"287,796",1130204,1130204
渋谷区,恵比寿４丁目,-,東京都渋谷区恵比寿南一丁目5-5,35.646685,139.710070,恵比寿,JR埼京線,東日本旅客鉄道株式会社,データ無し（埼京線）,1132102,1130204
渋谷区,恵比寿４丁目,-,東京都渋谷区恵比寿南一丁目5-5,35.646685,139.710070,恵比寿,JR湘南新宿ライン,東日本旅客鉄道株式会社,データ無し（湘南新宿ライン）,1133306,1130204
渋谷区,恵比寿南１丁目,-,東京都渋谷区恵比寿南一丁目5-5,35.647332,139.708988,恵比寿,東京メトロ日比谷線,東京地下鉄株式会社,"118,260",2800320,1130204
港区,六本木３丁目,六本木,東京都港区六本木１-４-１,35.665595,139.739000,六本木一丁目,東京メトロ南北線,東京地下鉄株式会社,"82,823",2800915,2800915
港区,六本木７丁目,六本木,東京都港区六本木６-１-２５,35.662836,139.731443,六本木,東京メトロ日比谷線,東京地下鉄株式会社,"134,902",2800318,2800318
港区,六本木４丁目,六本木,東京都港区六本木６-１-２５,35.663921,139.731567,六本木,都営大江戸線,東京都交通局,"100,587",9930124,2800318
港区,麻布十番４丁目,-,東京都港区麻布十番４-４-９,35.654682,139.737051,麻布十番,東京メトロ南北線,東京地下鉄株式会社,"49,467",2800916,2800916
港区,麻布十番１丁目,-,東京都港区麻布十番４-４-９,35.656503,139.736116,麻布十番,都営大江戸線,東京都交通局,"38,261",9930123,2800916
港区,海岸１丁目,-,東京都港区海岸一丁目3-1,35.655391,139.757135,浜松町,JR山手線,東日本旅客鉄道株式会社,"310,588",1130227,1130227
港区,海岸１丁目,-,東京都港区海岸一丁目3-1,35.655391,139.757135,浜松町,JR京浜東北線,東日本旅客鉄道株式会社,データ無し（京浜東北線）,1133225,1130227
港区,浜松町２丁目,-,東京都港区浜松町二丁目4-12,35.655666,139.756747,浜松町,東京モノレール羽田空港線,東京モノレール株式会社,データ無し（東京モノレール羽田線）,9933601,1130227
港区,港南２丁目,-,東京都港区高輪三丁目26-27,35.628760,139.738999,品川,JR東海道本線(東京～熱海),東日本旅客鉄道株式会社,"743,574",1130103,1130103
港区,港南２丁目,-,東京都港区高輪三丁目26-26,35.628760,139.738999,品川,JR山手線,東日本旅客鉄道株式会社,"743,574",1130229,1130103
港区,港南２丁目,-,東京都港区高輪三丁目26-26,35.628760,139.738999,品川,JR横須賀線,東日本旅客鉄道株式会社,データ無し（横須賀線）,1130803,1130103
港区,港南２丁目,-,東京都港区高輪三丁目26-26,35.628760,139.738999,品川,JR成田エクスプレス,東日本旅客鉄道株式会社,データ無し（成田エクスプレス）,1132808,1130103
港区,港南２丁目,-,東京都港区高輪三丁目26-26,35.628760,139.738999,品川,JR京浜東北線,東日本旅客鉄道株式会社,データ無し（京浜東北線）,1133227,1130103
港区,高輪３丁目,-,東京都港区高輪三丁目26-26,35.628284,139.738090,品川,京急本線,京浜急行電鉄株式会社,"284,888",2700102,1130103
港区,北青山３丁目,-,東京都港区北青山３丁目,35.665247,139.712314,表参道,東京メトロ銀座線,東京地下鉄株式会社,"182,125",2800118,2800118
港区,北青山３丁目,-,東京都港区北青山３丁目,35.665247,139.712314,表参道,東京メトロ千代田線,東京地下鉄株式会社,データ無し,2800517,2800118
港区,北青山３丁目,-,東京都港区北青山３丁目,35.665247,139.712314,表参道,東京メトロ半蔵門線,東京地下鉄株式会社,データ無し,2800802,2800118
港区,白金台３丁目,-,東京都港区白金台３-２,35.637917,139.726133,白金台,東京メトロ南北線,東京地下鉄株式会社,"18,193",2800918,2800918
港区,白金台３丁目,-,東京都港区白金台３-２,35.637917,139.726133,白金台,都営三田線,東京都交通局,データ無し,9930302,2800918
港区,高輪１丁目,-,東京都港区高輪１-３-２０,35.642903,139.734104,白金高輪,東京メトロ南北線,東京地下鉄株式会社,"42,541",2800917,2800917
港区,高輪１丁目,-,東京都港区高輪１-３-２０,35.642903,139.734104,白金高輪,都営三田線,東京都交通局,データ無し,9930303,2800917
港区,南青山１丁目,-,東京都港区南青山１丁目,35.666572,139.726215,乃木坂,東京メトロ千代田線,東京地下鉄株式会社,"42,733",2800516,2800516
港区,海岸２丁目,-,東京都港区海岸２-７-６８,35.649136,139.759060,日の出,ゆりかもめ東京臨海新交通臨海線,株式会社ゆりかもめ,"2,282",9931104,9931104
港区,芝浦３丁目,-,東京都港区芝五丁目33-36,35.645736,139.747575,田町,JR山手線,東日本旅客鉄道株式会社,"305,248",1130228,1130228
港区,芝浦３丁目,-,東京都港区芝五丁目33-36,35.645736,139.747575,田町,JR京浜東北線,東日本旅客鉄道株式会社,データ無し（京浜東北線）,1133226,1130228
港区,海岸１丁目,-,東京都港区海岸１-１３-１０,35.654099,139.762037,竹芝,ゆりかもめ東京臨海新交通臨海線,株式会社ゆりかもめ,"5,006",9931103,9931103
港区,芝大門２丁目,-,東京都港区浜松町１-２７-１２,35.656785,139.754660,大門,都営大江戸線,東京都交通局,データ無し,9930121,9930121
港区,芝大門２丁目,-,東京都港区浜松町１-２７-１２,35.656785,139.754660,大門,都営浅草線,東京都交通局,"241,127",9930209,9930121
港区,台場２丁目,-,東京都港区台場２-６,35.625908,139.771435,台場,ゆりかもめ東京臨海新交通臨海線,株式会社ゆりかもめ,"23,436",9931107,9931107
港区,高輪２丁目,-,東京都港区高輪２-１６-３４,35.638692,139.740020,泉岳寺,京急本線,京浜急行電鉄株式会社,データ無し,2700101,2700101
港区,高輪２丁目,-,東京都港区高輪２-１６-３４,35.638692,139.740020,泉岳寺,都営浅草線,東京都交通局,"218,883",9930207,2700101
港区,赤坂３丁目,赤坂,東京都港区赤坂３-１-６,35.677021,139.737047,赤坂見附,東京メトロ銀座線,東京地下鉄株式会社,"127,252",2800115,2800115
港区,赤坂３丁目,赤坂,東京都港区赤坂３-１-６,35.677021,139.737047,赤坂見附,東京メトロ丸ノ内線,東京地下鉄株式会社,データ無し,2800213,2800115
港区,赤坂３丁目,赤坂,東京都港区赤坂５丁目,35.673230,139.738348,赤坂,東京メトロ千代田線,東京地下鉄株式会社,"95,556",2800515,2800515
港区,東麻布１丁目,-,東京都港区東麻布１-２８-１３,35.655007,139.743642,赤羽橋,都営大江戸線,東京都交通局,"40,429",9930122,9930122
港区,南青山１丁目,-,東京都港区南青山１-１-１９,35.672765,139.724159,青山一丁目,東京メトロ銀座線,東京地下鉄株式会社,"117,633",2800116,2800116
港区,南青山１丁目,-,東京都港区南青山１-１-１９,35.672765,139.724159,青山一丁目,東京メトロ半蔵門線,東京地下鉄株式会社,データ無し,2800803,2800116
港区,元赤坂２丁目,-,東京都港区南青山１-１-１９,35.672929,139.723960,青山一丁目,都営大江戸線,東京都交通局,"77,999",9930125,2800116
港区,虎ノ門５丁目,虎ノ門,東京都港区虎ノ門５-１２-１１,35.662978,139.745069,神谷町,東京メトロ日比谷線,東京地下鉄株式会社,"99,610",2800317,2800317
港区,新橋２丁目,虎ノ門広域,東京都港区新橋二丁目17,35.666195,139.758587,新橋,JR東海道本線(東京～熱海),東日本旅客鉄道株式会社,"542,056",1130102,1130102
港区,新橋２丁目,虎ノ門広域,東京都港区新橋二丁目17,35.666195,139.758587,新橋,JR山手線,東日本旅客鉄道株式会社,"542,056",1130226,1130102
港区,新橋２丁目,虎ノ門広域,東京都港区新橋二丁目17,35.666195,139.758587,新橋,JR横須賀線,東日本旅客鉄道株式会社,データ無し（横須賀瀬）,1130802,1130102
港区,新橋２丁目,虎ノ門広域,東京都港区新橋二丁目17,35.666195,139.758587,新橋,JR京浜東北線,東日本旅客鉄道株式会社,データ無し（京浜東北線）,1133224,1130102
港区,新橋１丁目,虎ノ門広域,東京都港区新橋二丁目17-5,35.667434,139.758432,新橋,東京メトロ銀座線,東京地下鉄株式会社,"252,793",2800112,1130102
港区,新橋２丁目,虎ノ門広域,東京都港区新橋二丁目21-1,35.665577,139.759451,新橋,都営浅草線,東京都交通局,"98,317",9930210,1130102
港区,東新橋１丁目,虎ノ門広域,東京都港区東新橋一丁目5-13,35.665503,139.759644,新橋,ゆりかもめ東京臨海新交通臨海線,株式会社ゆりかもめ,"64,852",9931101,1130102
港区,芝公園４丁目,-,東京都港区芝公園４-８-１４,35.654074,139.749824,芝公園,都営三田線,東京都交通局,"31,368",9930305,9930305
港区,海岸３丁目,-,東京都港区海岸３-２２-１２,35.641773,139.757852,芝浦ふ頭,ゆりかもめ東京臨海新交通臨海線,株式会社ゆりかもめ,"5,308",9931105,9931105
港区,東新橋１丁目,虎ノ門広域,東京都港区東新橋１丁目５,35.663703,139.760642,汐留,都営大江戸線,東京都交通局,"54,276",9930120,9930120
港区,東新橋１丁目,虎ノ門広域,東京都港区東新橋１丁目５,35.662871,139.759985,汐留,ゆりかもめ東京臨海新交通臨海線,株式会社ゆりかもめ,"9,045",9931102,9930120
港区,芝５丁目,-,東京都港区芝５-３４-１０,35.648180,139.748775,三田,都営浅草線,東京都交通局,"216,184",9930208,9930208
港区,芝５丁目,-,東京都港区芝５-３４-１０,35.648180,139.748775,三田,都営三田線,東京都交通局,データ無し,9930304,9930208
港区,白金台２丁目,-,東京都港区白金台２-２６-７,35.631679,139.730305,高輪台,都営浅草線,東京都交通局,"14,822",9930206,9930206
港区,港南２丁目,-,東京都港区港南二丁目10-145,35.635500,139.740700,高輪ゲートウェイ,JR山手線,東日本旅客鉄道株式会社,データ無し,1130230,1130230
港区,港南２丁目,-,東京都港区港南二丁目10-145,35.635500,139.740700,高輪ゲートウェイ,JR京浜東北線,東日本旅客鉄道株式会社,データ無し（京浜東北線）,1133236,1130230
港区,南麻布５丁目,-,東京都港区南麻布５-１０-２８,35.652279,139.722202,広尾,東京メトロ日比谷線,東京地下鉄株式会社,"63,049",2800319,2800319
港区,西新橋３丁目,虎ノ門,東京都港区西新橋３-２４-６,35.661215,139.751535,御成門,都営三田線,東京都交通局,"46,629",9930306,9930306
港区,虎ノ門１丁目,虎ノ門,東京都港区虎ノ門一丁目22-12,35.667444,139.747778,虎ノ門ヒルズ,東京メトロ日比谷線,東京地下鉄株式会社,データ無し,2800322,2800113
港区,虎ノ門１丁目,虎ノ門,東京都港区虎ノ門１-１-２１,35.670236,139.749832,虎ノ門,東京メトロ銀座線,東京地下鉄株式会社,"117,329",2800113,2800113
港区,北青山２丁目,-,東京都港区北青山２-７-１６,35.670527,139.717857,外苑前,東京メトロ銀座線,東京地下鉄株式会社,"82,616",2800117,2800117
港区,台場２丁目,-,東京都港区台場２-３,35.629813,139.778607,お台場海浜公園,ゆりかもめ東京臨海新交通臨海線,株式会社ゆりかもめ,"16,944",9931106,9931106
江東区,有明１丁目,-,東京都江東区有明１丁目,35.639964,139.788880,有明テニスの森,ゆりかもめ東京臨海新交通臨海線,株式会社ゆりかもめ,"3,942",9931113,9931113
江東区,有明３丁目,-,東京都江東区有明２-５,35.634596,139.793269,有明,ゆりかもめ東京臨海新交通臨海線,株式会社ゆりかもめ,"5,061",9931112,9931112
江東区,門前仲町２丁目,-,東京都江東区門前仲町１丁目,35.671851,139.796209,門前仲町,東京メトロ東西線,東京地下鉄株式会社,"119,245",2800412,2800412
江東区,門前仲町２丁目,-,東京都江東区門前仲町１丁目,35.671851,139.796209,門前仲町,都営大江戸線,東京都交通局,"87,957",9930116,2800412
江東区,木場５丁目,-,東京都江東区木場５-５-１,35.669351,139.807042,木場,東京メトロ東西線,東京地下鉄株式会社,"77,101",2800413,2800413
江東区,豊洲３丁目,-,東京都江東区豊洲四丁目1-1,35.654908,139.796210,豊洲,東京メトロ有楽町線,東京地下鉄株式会社,"214,032",2800622,2800622
江東区,豊洲２丁目,-,東京都江東区豊洲二丁目2,35.653792,139.795414,豊洲,ゆりかもめ東京臨海新交通臨海線,株式会社ゆりかもめ,"22,518",9931116,2800622
江東区,新砂３丁目,-,東京都江東区南砂３-１１-８５,35.668796,139.830650,南砂町,東京メトロ東西線,東京地下鉄株式会社,"61,001",2800415,2800415
江東区,東陽４丁目,-,東京都江東区東陽４-２-１,35.669629,139.817596,東陽町,東京メトロ東西線,東京地下鉄株式会社,"126,363",2800414,2800414
江東区,大島９丁目,-,東京都江東区大島９-３-１４,35.690355,139.845963,東大島,都営新宿線,東京都交通局,"32,646",9930416,9930416
江東区,青海１丁目,-,東京都江東区青海1丁目1-49,35.621462,139.773157,東京国際クルーズターミナル,ゆりかもめ東京臨海新交通臨海線,株式会社ゆりかもめ,"3,590",9931108,9931108
江東区,有明３丁目,-,東京都江東区有明三丁目6-15,35.630158,139.791228,東京ビッグサイト,ゆりかもめ東京臨海新交通臨海線,株式会社ゆりかもめ,"20,916",9931111,9931111
江東区,青海１丁目,-,東京都江東区青海１-２,35.627530,139.778896,東京テレポート,東京臨海高速鉄道りんかい線,東京臨海高速鉄道株式会社,"63,300",9933704,9933704
江東区,東雲２丁目,-,東京都江東区東雲２-８-１０,35.640987,139.804395,東雲,東京臨海高速鉄道りんかい線,東京臨海高速鉄道株式会社,"13,700",9933702,9933702
江東区,潮見２丁目,-,東京都江東区潮見２丁目,35.658702,139.817341,潮見,JR京葉線,東日本旅客鉄道株式会社,"26,424",1132604,1132604
江東区,辰巳１丁目,-,東京都江東区辰巳一丁目1-44,35.645576,139.810520,辰巳,東京メトロ有楽町線,東京地下鉄株式会社,"30,379",2800623,2800623
江東区,大島６丁目,-,東京都江東区大島５-１０-８,35.689905,139.835650,大島,都営新宿線,東京都交通局,"33,113",9930415,9930415
江東区,青海１丁目,-,東京都江東区青海１,35.624670,139.781132,青海,ゆりかもめ東京臨海新交通臨海線,株式会社ゆりかもめ,"5,673",9931110,9931110
江東区,大島１丁目,-,東京都江東区大島２-４１-１９,35.689349,139.826206,西大島,都営新宿線,東京都交通局,"28,711",9930414,9930414
江東区,白河１丁目,-,東京都江東区白河１-７-１４,35.682105,139.798851,清澄白河,東京メトロ半蔵門線,東京地下鉄株式会社,"55,225",2800811,2800811
江東区,白河１丁目,-,東京都江東区白河１-７-１４,35.682105,139.798851,清澄白河,都営大江戸線,東京都交通局,"41,892",9930115,2800811
江東区,森下１丁目,-,東京都江東区森下２-１７-１７,35.687960,139.797042,森下,都営大江戸線,東京都交通局,データ無し,9930114,9930114
江東区,森下１丁目,-,東京都江東区森下２-１７-１７,35.687960,139.797042,森下,都営新宿線,東京都交通局,"147,061",9930411,9930114
江東区,新木場１丁目,-,東京都江東区新木場一丁目5,35.646172,139.827402,新木場,JR京葉線,東日本旅客鉄道株式会社,"151,496",1132605,1132605
江東区,新木場１丁目,-,東京都江東区新木場一丁目6,35.645832,139.826254,新木場,東京メトロ有楽町線,東京地下鉄株式会社,"109,841",2800624,1132605
江東区,新木場１丁目,-,東京都江東区新木場一丁目6,35.646172,139.827402,新木場,東京臨海高速鉄道りんかい線,東京臨海高速鉄道株式会社,"66,100",9933701,1132605
江東区,豊洲６丁目,-,東京都江東区豊洲６丁目,35.648718,139.789996,新豊洲,ゆりかもめ東京臨海新交通臨海線,株式会社ゆりかもめ,"3,924",9931115,9931115
江東区,住吉２丁目,-,東京都江東区住吉２-２３-１２,35.689073,139.815681,住吉,東京メトロ半蔵門線,東京地下鉄株式会社,"57,015",2800814,2800814
江東区,住吉２丁目,-,東京都江東区住吉２-２３-１２,35.689073,139.815681,住吉,都営新宿線,東京都交通局,"44,268",9930413,2800814
江東区,豊洲６丁目,-,東京都江東区豊洲６丁目,35.645684,139.785640,市場前,ゆりかもめ東京臨海新交通臨海線,株式会社ゆりかもめ,"2,583",9931114,9931114
江東区,有明３丁目,-,東京都江東区有明２-５-２５,35.634410,139.791617,国際展示場,東京臨海高速鉄道りんかい線,東京臨海高速鉄道株式会社,"69,100",9933703,9933703
江東区,亀戸８丁目,-,東京都江東区亀戸８-５-１,35.699976,139.833422,亀戸水神,東武亀戸線,東武鉄道株式会社,"4,074",2100504,2100504
江東区,亀戸６丁目,-,東京都江東区亀戸５丁目,35.697345,139.826262,亀戸,JR中央・総武緩行線,東日本旅客鉄道株式会社,"114,876",1131323,1131323
江東区,亀戸５丁目,-,東京都江東区亀戸５丁目,35.697708,139.826791,亀戸,東武亀戸線,東武鉄道株式会社,"26,817",2100505,1131323
江東区,越中島２丁目,-,東京都江東区越中島２丁目,35.667946,139.792713,越中島,JR京葉線,東日本旅客鉄道株式会社,"10,458",1132603,1132603
江東区,青海２丁目,-,東京都江東区青海２-２９,35.617593,139.779327,テレコムセンター,ゆりかもめ東京臨海新交通臨海線,株式会社ゆりかもめ,"13,744",9931109,9931109
