指標名,スーパー,,,,,
出典,NAVITIME,,,,,
年次,2021/2/3取得,,,,,
URL,https://www.navitime.co.jp/,,,,,
備考,（2019年度：327件、2020年度：458件）,,,,,
,,,,,,
区,町丁,エリア,住所,緯度,経度,施設名
品川区,大井６丁目,-,東京都品川区大井6-9-34,35.5976364,139.7315136,トップパルケ 鹿島店
品川区,西大井５丁目,-,東京都品川区西大井5-5-34 ベルヴィル品川西大井,35.5996692,139.7155561,まいばすけっと 西大井5丁目店
品川区,西大井１丁目,-,東京都品川区西大井1-16-19 ザ・パークハビオ西大井,35.6006569,139.7259824,まいばすけっと 西大井1丁目店
品川区,北品川１丁目,-,東京都品川区北品川1-3-16,35.6227183,139.740095,マルエツプチ北品川一丁目店
品川区,南大井６丁目,-,東京都品川区南大井6-27-25,35.588229,139.730137,西友 大森店
品川区,南大井６丁目,-,東京都品川区南大井6-6-4 メゾンクレマツ,35.592281,139.732374,まいばすけっと 南大井6丁目店
品川区,西大井４丁目,-,東京都品川区西大井4-25-2 平井ビル内,35.592343,139.719224,まいばすけっと 山王銀座店
品川区,勝島１丁目,-,東京都品川区勝島1-6-16 ウィラ大井2F,35.597046,139.744576,スーパーマーケット文化堂 ウィラ大井店
品川区,南大井５丁目,-,東京都品川区南大井5-9-6 寺澤南大井ビル内,35.598174,139.73552,まいばすけっと 立会川駅西店
品川区,東大井２丁目,-,東京都品川区東大井2-22-13,35.599502,139.738816,まいばすけっと 立会川駅北店
品川区,八潮５丁目,-,東京都品川区八潮5-5-3 パトリア品川店内,35.599607,139.750252,SuperValue(スーパーバリュー) 品川八潮店
品川区,西大井２丁目,-,東京都品川区西大井2-3-4,35.600038,139.721814,文化堂西大井店
品川区,西大井１丁目,-,東京都品川区西大井1-4-25 コアスターレ西大井第一ビル,35.602078,139.722422,maruetsu(マルエツ) プチ 西大井駅前店
品川区,二葉４丁目,-,東京都品川区二葉4-16-2,35.602124,139.718412,まいばすけっと 二葉4丁目店
品川区,二葉４丁目,-,東京都品川区二葉4-9-10 柏木ビル1F,35.602416,139.717271,丸正食品 二葉町店
品川区,旗の台４丁目,-,東京都品川区旗の台4-4-1 カーサ旗の台 1F,35.603664,139.705836,まいばすけっと 旗の台店
品川区,大井４丁目,-,東京都品川区大井4-1-3 TOKOビル,35.603907,139.733177,まいばすけっと 大井町駅南店
品川区,八潮５丁目,-,東京都品川区八潮5丁目2-2,35.604468,139.7535,全日食チェーン品川八潮店
品川区,二葉２丁目,-,東京都品川区二葉2-4-20 グレイスビル,35.604955,139.725768,まいばすけっと 二葉2丁目店
品川区,豊町６丁目,-,東京都品川区豊町6-11-9,35.605255,139.718116,ビッグ・エー 品川豊町店
品川区,中延４丁目,-,東京都品川区中延4-5-7,35.605807,139.71297,東急ストアフードステーション 中延店
品川区,東大井５丁目,-,東京都品川区東大井5-18-1,35.606223,139.735889,西友 大井町店
品川区,大井２丁目,-,東京都品川区大井2-1-5,35.606539,139.729875,まいばすけっと 大井2丁目店
品川区,旗の台２丁目,-,東京都品川区旗の台2-7-12 アベイト103号室,35.606596,139.704199,まいばすけっと 旗の台2丁目店
品川区,中延３丁目,-,東京都品川区中延3-11-10,35.606678,139.710125,プロマート 文化堂 荏原店
品川区,西中延３丁目,-,東京都品川区西中延3-6-20 鏑木第一マンション,35.607128,139.708768,まいばすけっと 西中延3丁目店
品川区,二葉１丁目,-,東京都品川区二葉1-11-5,35.607134,139.728,丸正食品 大井町店
品川区,大井１丁目,-,東京都品川区大井1丁目3-6,35.607215,139.733897,イトーヨーカドー大井町店
品川区,南品川３丁目,-,東京都品川区南品川3-4-1,35.608172,139.743482,OK(オーケー) 青物横丁店
品川区,戸越５丁目,-,東京都品川区戸越5-15-4,35.609615,139.715317,OK(オーケー) 戸越店
品川区,東中延１丁目,-,東京都品川区中延2-8-1,35.610207,139.712082,荏原中延 東急ストア
品川区,東品川４丁目,-,東京都品川区東品川4-12-5,35.610727,139.749026,AEON STYLE(イオン スタイル) 品川シーサイド店
品川区,南品川２丁目,-,東京都品川区南品川2丁目7-12,35.61079,139.743809,株式会社平野屋堀江商店
品川区,南品川５丁目,-,東京都品川区南品川5-3-13 コスモグランス南品川内,35.611239,139.741799,まいばすけっと 青物横丁店
品川区,南品川５丁目,-,東京都品川区南品川5丁目3-29,35.61176,139.740344,miniピアゴ南品川5丁目店
品川区,戸越３丁目,-,東京都品川区戸越3-9-20,35.61212,139.71581,まいばすけっと戸越3丁目店
品川区,平塚３丁目,-,東京都品川区平塚3-13-10 福井マンション内,35.613454,139.712159,まいばすけっと 品川平塚3丁目店
品川区,荏原４丁目,-,東京都品川区荏原4-17-6,35.61398,139.705684,サミットストア 荏原4丁目店
品川区,戸越１丁目,-,東京都品川区戸越1-17-8,35.614933,139.719533,文化堂戸越銀座店
品川区,小山６丁目,-,東京都品川区小山6-4-5,35.615214,139.699411,サミットストア 西小山店
品川区,小山５丁目,-,東京都品川区小山5-22-11 松正ビル,35.615622,139.699498,まいばすけっと 西小山駅前店
品川区,小山６丁目,-,東京都品川区小山6-3-11,35.615671,139.698866,東急ストアフードステーション 西小山店
品川区,南品川１丁目,-,東京都品川区南品川1-4-20,35.61605,139.744506,まいばすけっと 南品川1丁目店
品川区,荏原２丁目,-,東京都品川区荏原2-17-19,35.616281,139.708899,業務スーパー 武蔵小山店
品川区,荏原３丁目,-,東京都品川区荏原3-5-4,35.616979,139.70809,パルム武蔵小山 東急ストア
品川区,大崎２丁目,-,東京都品川区大崎2-11-1,35.617031,139.729602,まいばすけっと 大崎駅前店
品川区,北品川２丁目,-,東京都品川区北品川2-24-7 クレヴィアリグゼ北品川,35.617963,139.743593,まいばすけっと 北品川2丁目店
品川区,大崎４丁目,-,東京都品川区大崎4-13-2,35.618185,139.719204,ライフ 大崎百反通店
品川区,大崎１丁目,-,東京都品川区大崎1-11-1 ゲートシティプラザ B1F,35.619368,139.730809,成城石井 ゲートシティ大崎店
品川区,大崎１丁目,-,東京都品川区大崎1-6-4-5,35.620256,139.729054,ライフ 大崎ニューシティ店
品川区,小山３丁目,-,東京都品川区小山3-4-8武蔵小山駅ビル2F,35.620533,139.704374,武蔵小山駅ビル 東急ストア
品川区,小山２丁目,-,東京都品川区小山2-7-14,35.620768,139.707978,ライフ 武蔵小山店
品川区,北品川５丁目,-,東京都品川区北品川5-4-1,35.621779,139.731793,LIFE DRUG+(ライフドラッグプラス) 品川御殿山店
品川区,東品川２丁目,-,東京都品川区東品川2-2-20 天王洲郵船ビル内,35.622123,139.75014,まいばすけっと 天王洲アイル店
品川区,北品川１丁目,-,東京都品川区北品川1-2-9,35.622288,139.739711,まいばすけっと 北品川駅東店
品川区,東品川１丁目,-,東京都品川区東品川1-5-10 Kiinu Blanc,35.622446,139.743907,まいばすけっと 東品川1丁目店
品川区,東五反田２丁目,-,東京都品川区東五反田2-10-1,35.624222,139.727269,foodium東五反田店
品川区,東五反田２丁目,-,東京都品川区東五反田2丁目19-6,35.624934,139.729725,ライフ東五反田店
品川区,東五反田２丁目,-,東京都品川区東五反田2-1-2,35.625516,139.724534,五反田 東急ストア
品川区,西五反田５丁目,-,東京都品川区西五反田5-9-2,35.62557,139.714586,maruetsu(マルエツ) プチ 不動前店
品川区,東五反田１丁目,-,東京都品川区東五反田1-24-2 東五反田1丁目ビル,35.62588,139.727366,maruetsu(マルエツ) プチ 五反田店
品川区,西五反田４丁目,-,東京都品川区西五反田4-8-8,35.626364,139.712439,Ozeki(オオゼキ) 目黒不動前店
品川区,西五反田２丁目,-,東京都品川区西五反田2-18-2 五反田KYビル,35.626637,139.720967,まいばすけっと 西五反田2丁目店
品川区,西五反田５丁目,-,東京都品川区西五反田5-1-28,35.626681,139.714794,不動前 東急ストア
品川区,東五反田１丁目,-,東京都品川区東五反田1-13-12 COI五反田ビル6F-601,35.626755,139.724574,キョウダイ マーケット
品川区,西五反田３丁目,-,東京都品川区西五反田3-6-20 西五反田アクセス,35.627874,139.71918,まいばすけっと 西五反田3丁目店
品川区,上大崎３丁目,-,東京都品川区上大崎3-1-1,35.633414,139.716676,プレッセ 目黒店
品川区,上大崎２丁目,-,東京都品川区上大崎2-16-9 アトレ目黒1 2F,35.634092,139.715766,ザ・ガーデン自由が丘 アトレ目黒店
品川区,上大崎２丁目,-,東京都品川区上大崎2-24-13,35.635228,139.714599,目黒 東急ストア
中央区,豊海町,-,東京都中央区豊海町12-12,35.6521724,139.77016,株式会社ホウスイ 豊海第一冷蔵庫
中央区,銀座８丁目,-,東京都中央区銀座8-10 銀座ナイン3号館,35.667122,139.7618936,肉のハナマサ 銀座店
中央区,豊海町,-,東京都中央区豊海町3-16,35.653095,139.770932,クイーンズ伊勢丹お客さま相談担当
中央区,晴海３丁目,-,東京都中央区晴海3-13-2,35.654591,139.777209,maruetsu(マルエツ) 晴海3丁目店
中央区,勝どき６丁目,-,東京都中央区勝どき6-3-2,35.655662,139.773567,maruetsu(マルエツ) 勝どき六丁目店
中央区,晴海１丁目,-,東京都中央区晴海1-8-16 晴海トリトン 1-1,35.657351,139.782246,maruetsu(マルエツ) プチ 晴海店
中央区,勝どき３丁目,-,東京都中央区勝どき3-5-5,35.6587,139.776036,東武ストア 勝どき店
中央区,勝どき１丁目,-,東京都中央区勝どき1-8-1,35.65962,139.776884,SUPER MARKET FUJI(スーパーマーケットフジ) デリド勝どき駅前店
中央区,勝どき１丁目,-,東京都中央区勝どき1-7-1,35.659784,139.777665,文化堂勝どき店
中央区,月島１丁目,-,東京都中央区月島1-27-9,35.662974,139.782352,フジマート 月島店
中央区,月島３丁目,-,東京都中央区月島3-4-5-101,35.663478,139.781083,ダイエー月島店
中央区,月島２丁目,-,東京都中央区月島2-10-2,35.66362,139.784318,文化堂月島店
中央区,築地４丁目,-,東京都中央区築地4-13-3 築地場外市場,35.665332,139.771082,まる一 浜田商店
中央区,築地４丁目,-,東京都中央区築地4-10-15,35.665511,139.770208,株式会社北島商店
中央区,築地７丁目,-,東京都中央区築地7-6-5,35.665637,139.773939,ニューみ乃り屋
中央区,築地２丁目,-,東京都中央区築地2-11-9 築地MTビル内,35.66849,139.772668,まいばすけっと 築地2丁目店
中央区,佃２丁目,-,東京都中央区佃2-2-8 リバーシティ21 G棟,35.66897,139.785542,maruetsu(マルエツ) 佃店
中央区,佃１丁目,-,東京都中央区佃1-11-8 リバーシティー21 ピアウェスト,35.669706,139.784422,リンコス リバーシティ店
中央区,入船３丁目,-,東京都中央区入船3-2-6,35.67057,139.775765,まいばすけっと 新富町駅前店
中央区,入船３丁目,-,東京都中央区入船3丁目5-10,35.670848,139.776292,miniピアゴ入船3丁目店
中央区,湊２丁目,-,東京都中央区湊2-15-14 パークシティ中央湊ザタワー 1F,35.671244,139.780685,デリド湊店
中央区,入船１丁目,-,東京都中央区入船1-4-10,35.672549,139.777038,miniピアゴ 入船1丁目店
中央区,新川２丁目,-,東京都中央区新川2-21-10,35.67342,139.7822,mini(ミニ)ピアゴ 新川2丁目店
中央区,新川１丁目,-,東京都中央区新川1-28-44,35.675752,139.784794,マルエツ プチ 新川一丁目店
中央区,八丁堀２丁目,-,東京都中央区八丁堀2-14-4 ヤブ原ビル,35.676844,139.776875,maruetsu(マルエツ) プチ 八丁堀店
中央区,新川２丁目,-,東京都中央区新川2-1-5 THE WALL,35.677171,139.780056,まいばすけっと 新川2丁目店
中央区,日本橋茅場町３丁目,-,東京都中央区日本橋茅場町3-4-2 KDX茅場町ビル内,35.67835,139.777783,まいばすけっと 茅場町3丁目店
中央区,新川１丁目,-,東京都中央区新川1-17-24 新川中央ビル,35.678369,139.783585,肉のハナマサ 新川店
中央区,日本橋２丁目,日八京,東京都中央区日本橋2-4-1 日本橋高島屋S.C.本館B1F,35.680759,139.773512,明治屋ストアー 日本橋高島屋S.C.店
中央区,日本橋２丁目,日八京,東京都中央区日本橋2丁目4-1,35.680759,139.773512,MEIDI-YA STORE日本橋ストアー
中央区,日本橋２丁目,日八京,東京都中央区日本橋2-5-1 日本橋高島屋S.C.新館B1F,35.681338,139.773793,成城石井 日本橋高島屋S.C.店
中央区,日本橋２丁目,日八京,東京都中央区日本橋2-5-1 日本橋高島屋S.C.新館1F,35.681338,139.773793,紀ノ國屋アントレ 日本橋高島屋S.C.店
中央区,日本橋１丁目,日八京,東京都中央区日本橋1-14-7,35.681763,139.776203,成城石井 日本橋一丁目店
中央区,日本橋蛎殻町１丁目,-,東京都中央区日本橋蛎殻町1-37-12 パークアクシス日本橋ステージ,35.682297,139.78522,まいばすけっと 日本橋蛎殻町店
中央区,日本橋蛎殻町１丁目,-,東京都中央区日本橋蛎殻町1-18-4 アーバネックス日本橋水天宮,35.682317,139.782895,まいばすけっと 蛎殻町1丁目店
中央区,日本橋小網町,-,東京都中央区日本橋小網町15-9 森友第一ビル,35.684348,139.780809,まいばすけっと 日本橋小網町店
中央区,日本橋浜町３丁目,-,東京都中央区日本橋浜町3-3-1,35.68481,139.788348,ピーコック ストア トルナーレ 日本橋浜町店
中央区,日本橋浜町３丁目,-,東京都中央区日本橋浜町3-22-1,35.685585,139.788712,成城石井 日本橋浜町店
中央区,日本橋人形町２丁目,-,東京都中央区日本橋人形町2-7-5,35.686574,139.782951,maruetsu(マルエツ) プチ 人形町駅前店
中央区,日本橋本町２丁目,日八京,東京都中央区日本橋本町2-5-1,35.687321,139.776144,マルエツ プチ 日本橋本町店
中央区,日本橋堀留町１丁目,-,東京都中央区日本橋堀留町1-5-12 ヤシマ日本橋ビル,35.687338,139.779753,まいばすけっと 日本橋堀留町1丁目店
中央区,日本橋浜町２丁目,-,東京都中央区日本橋浜町2-35-4 日本橋パークビル,35.688672,139.786317,まいばすけっと 日本橋浜町2丁目店
中央区,日本橋本町３丁目,日八京,東京都中央区日本橋本町3-4-7 大三新日本橋ビル,35.689029,139.775071,肉のハナマサ 新日本橋店
中央区,日本橋小伝馬町,-,東京都中央区日本橋小伝馬町1-7,35.690135,139.77794,成城石井小伝馬町店
中央区,日本橋本町４丁目,日八京,東京都中央区日本橋本町4-15-9 曽田ビル,35.690234,139.776965,まいばすけっと 日本橋本町4丁目店
中央区,日本橋富沢町,-,東京都中央区日本橋富沢町12-8 昭和ビル,35.690263,139.781649,まいばすけっと 日本橋富沢町店
中央区,日本橋小伝馬町,-,東京都中央区日本橋小伝馬町13-4,35.690914,139.779249,maruetsu(マルエツ) プチ 小伝馬町駅前店
中央区,日本橋横山町,-,東京都中央区日本橋横山町1-3 OKK日本橋ビル,35.691375,139.781737,まいばすけっと 日本橋横山町店
中央区,東日本橋３丁目,-,東京都中央区東日本橋3-11-4,35.692247,139.784414,maruetsu(マルエツ) プチ 東日本橋三丁目店
中央区,日本橋馬喰町１丁目,-,東京都中央区日本橋馬喰町1丁目5-6,35.69247,139.781674,マルマンストア日本橋馬喰町店
千代田区,神田神保町３丁目,-,東京都千代田区神田神保町3-3 神保町SF3ビル1F,35.6953889,139.7543897,成城石井 神保町店
千代田区,神田神保町２丁目,-,東京都千代田区神田神保町2-44,35.698022,139.756317,マルエツプチ 神田神保町二丁目店
千代田区,神田淡路町２丁目,-,東京都千代田区神田淡路町2丁目105,35.697582,139.7679375,Olympic淡路町店
千代田区,神田多町,-,東京都千代田区神田多町2-1 神田東山ビル,35.692978,139.7695467,まいばすけっと 神田駅北口店
千代田区,神田司町,-,東京都千代田区神田司町2-6,35.6937645,139.767883,maruetsu(マルエツ) プチ 神田司町店
千代田区,一番町,-,東京都千代田区一番町6,35.6871781,139.7414119,maruetsu(マルエツ) プチ 一番町店
千代田区,神田東松下町,-,東京都千代田区神田東松下町25 アルファグランデ千桜タワー,35.6948912,139.7743522,まいばすけっと 岩本町駅南店
千代田区,神田駿河台４丁目,-,東京都千代田区神田駿河台4丁目6,35.6986943,139.7663189,成城石井御茶ノ水ソラシティ店
千代田区,神田錦町２丁目,-,東京都千代田区神田錦町2丁目2-1,35.6931252,139.7632042,サミットストア神田スクエア店
千代田区,有楽町２丁目,大丸有,東京都千代田区有楽町2-5-1 ルミネ有楽町内,35.673618,139.762731,成城石井 ルミネ有楽町店
千代田区,有楽町２丁目,大丸有,東京都千代田区有楽町2丁目10-1(株)東京交通会館地下1階,35.67489,139.764331,JAびえい 美瑛選果 東京有楽町店
千代田区,有楽町１丁目,大丸有,東京都千代田区有楽町1-10-1 有楽町ビル 1F,35.674932,139.761763,有楽町 micro FOOD&IDEA MARKET(マイクロ フード アンド アイデア マーケット)
千代田区,紀尾井町,赤坂,東京都千代田区紀尾井町1-3 東京ガーデンテラス紀尾井町・紀尾井テラス2,35.679589,139.736963,成城石井 東京ガーデンテラス紀尾井町店
千代田区,丸の内２丁目,大丸有,東京都千代田区丸の内2-7-2 JPタワー・KITTE B1F,35.679746,139.764784,成城石井 キッテグランシェ店
千代田区,丸の内１丁目,大丸有,東京都千代田区丸の内1-9-1 東京駅構内・GRANSTA MARUNOUCHI B1F,35.68173,139.766185,紀ノ国屋アントレ グランスタ丸の内店
千代田区,丸の内１丁目,大丸有,東京都千代田区丸の内1-9-1 東京駅構内・GRANSTA TOKYO 1F,35.68173,139.766185,紀ノ国屋アントレ グランスタ店
千代田区,丸の内１丁目,大丸有,東京都千代田区丸の内1-9-1 大丸東京店B1F,35.68173,139.766185,明治屋 大丸東京店
千代田区,丸の内１丁目,大丸有,東京都千代田区丸の内1-5-1 新丸の内ビルディング(新丸ビル)B1F,35.682543,139.764287,成城石井 新丸ビル店
千代田区,麹町３丁目,-,東京都千代田区麹町3-3-6 麹町フロントビル1F,35.683747,139.738654,成城石井 麹町店
千代田区,麹町３丁目,-,東京都千代田区麹町3-1-8,35.683821,139.739465,ココスナカムラ麹町店
千代田区,二番町,-,東京都千代田区二番町11-10 麹町山王マンション1F,35.685194,139.737433,よしや 番町麹町店
千代田区,大手町１丁目,大丸有,東京都千代田区大手町1-5-5 OOTEMORI B2F,35.685512,139.765398,EPICERIE BONHEUR(エピスリー ボヌール) OOTEMORI店
千代田区,五番町,-,東京都千代田区五番町10-2 五番町センタービル1階,35.689427,139.735006,スーパーマーケット成城石井 市ヶ谷店
千代田区,鍛冶町１丁目,-,東京都千代田区鍛冶町1-2-3,35.689674,139.770251,肉のハナマサ 神田店
千代田区,九段南４丁目,-,東京都千代田区九段南4-2-11,35.691174,139.739802,mini(ミニ)ピアゴ 九段南4丁目店
千代田区,神田錦町１丁目,-,東京都千代田区神田錦町1-1-1,35.692267,139.764487,イオンリテール株式会社 北関東カンパニー
千代田区,九段北４丁目,-,東京都千代田区九段北4-1-3,35.692663,139.740164,リンコス 九段店
千代田区,神田多町,-,東京都千代田区神田多町2丁目7番地2,35.693516,139.769151,業務スーパー 神田店
千代田区,岩本町２丁目,-,東京都千代田区岩本町2-12-5 早川トナカイビル,35.694388,139.776606,まいばすけっと 岩本町2丁目店
千代田区,岩本町３丁目,-,東京都千代田区岩本町3-5-5 ユニゾ岩本町3丁目ビル,35.695119,139.777612,まいばすけっと 岩本町3丁目店
千代田区,神田神保町２丁目,-,東京都千代田区神田神保町2-40-5,35.697815,139.755467,まいばすけっと 神田神保町店
千代田区,神田佐久間町３丁目,-,東京都千代田区神田佐久間町3-21-5 東神田ビル,35.698068,139.778838,まいばすけっと 神田佐久間町店
千代田区,外神田１丁目,-,東京都千代田区外神田1-17-6 アトレ秋葉原1 3F,35.698669,139.77283,成城石井 アトレ秋葉原1店
千代田区,富士見２丁目,-,東京都千代田区富士見2丁目10-2,35.698928,139.743809,成城石井飯田橋サクラテラス店
千代田区,神田和泉町,-,東京都千代田区神田和泉町2-13,35.699795,139.780178,ライフ 神田和泉町店
千代田区,外神田４丁目,-,東京都千代田区外神田4-14-1 秋葉原UDX1F,35.700325,139.772566,FUKUSHIMAYA TASTING MARKET@AKIHABARA(福島屋 秋葉原店)
千代田区,富士見２丁目,-,東京都千代田区富士見2-7-1 プラウドタワー1F,35.700625,139.74503,三徳飯田橋店
千代田区,外神田２丁目,-,東京都千代田区外神田2-14-10 第二電波ビル 1F,35.702448,139.76914,ピーコックストア 神田妻恋坂店
千代田区,外神田６丁目,-,東京都千代田区外神田6-7-3 成興ビル,35.704529,139.769991,肉のハナマサ 湯島店
新宿区,四谷３丁目,-,東京都新宿区四谷3-12,35.6876129,139.7192422,丸正総本店
新宿区,市谷船河原町,-,東京都新宿区市ヶ谷船河原町1 市ヶ谷エスワンビル,35.6972398,139.7396959,肉のハナマサ 市ヶ谷店
新宿区,馬場下町,-,東京都新宿区馬場下60,35.7061254,139.720919,三徳早稲田店
新宿区,若葉２丁目,-,東京都新宿区若葉2-12,35.6854582,139.7240108,丸正食品 若葉店
新宿区,天神町,-,東京都新宿区天神町14 神楽坂藤井ビル,35.7044768,139.7320501,まいばすけっと 神楽坂駅西店
新宿区,市谷甲良町,-,東京都新宿区市ヶ谷甲良町2-17,35.6992616,139.7283913,まいばすけっと 牛込柳町駅東店
新宿区,早稲田町,-,東京都新宿区早稲田町74,35.7057964,139.7228336,ヨークフーズ 早稲田店
新宿区,早稲田鶴巻町,-,東京都新宿区早稲田鶴巻町564 ハウゼタカスギ,35.7096517,139.7261857,まいばすけっと 早稲田鶴巻町店
新宿区,市谷薬王寺町,-,東京都新宿区市谷薬王寺町59 レジディア市谷薬王寺,35.6960477,139.7254274,まいばすけっと 市谷薬王寺町店
新宿区,山吹町,-,東京都新宿区山吹町333 江戸川橋アクセス,35.7076449,139.7281546,まいばすけっと 山吹町店
新宿区,西新宿３丁目,-,東京都新宿区西新宿3-13-11,35.685107,139.688005,maruetsu(マルエツ) プチ 西新宿三丁目店
新宿区,四谷２丁目,-,東京都新宿区四谷2-1-1,35.686396,139.726958,マルエツプチ 四谷二丁目店
新宿区,新宿３丁目,-,東京都新宿区新宿3-38-2 ルミネ新宿/ルミネ2・1F,35.689673,139.700621,KINOKUNIYA entree(キノクニヤ アントレ) コンコースショップ ルミネ新宿店
新宿区,西新宿２丁目,-,東京都新宿区西新宿2-6-1 新宿住友ビル B1F,35.691213,139.692361,KITANO ACE(キタノ エース) 新宿住友ビル店
新宿区,西新宿６丁目,-,東京都新宿区西新宿6-15-1,35.692179,139.688554,maruetsu(マルエツ) プチ 西新宿六丁目店
新宿区,市谷八幡町,-,東京都新宿区市谷八幡町2-1,35.69233,139.734889,maruetsu(マルエツ) 市ヶ谷見附店
新宿区,富久町,-,東京都新宿区富久町13-1,35.692382,139.714715,コープみらい ミニコープ富久店
新宿区,富久町,-,東京都新宿区富久町17-2,35.692391,139.713293,ヨークフーズ 新宿富久店
新宿区,西新宿１丁目,-,東京都新宿区西新宿1-5-1 新宿西口ハルクB2F ハルクフード,35.692539,139.698629,こだわりや 新宿西口ハルク店
新宿区,西新宿１丁目,-,東京都新宿区西新宿1-5-1 新宿西口ハルクB2F ハルクフード,35.692539,139.698629,明治屋 新宿西口ハルク店
新宿区,住吉町,-,東京都新宿区住吉町6-11,35.692828,139.721597,三徳住吉店
新宿区,新宿３丁目,-,東京都新宿区新宿3-22-12,35.693105,139.701817,三平ストア 新宿店
新宿区,新宿５丁目,-,東京都新宿区新宿5-11-22 中島ビル,35.693231,139.707858,まいばすけっと 新宿5丁目
新宿区,住吉町,-,東京都新宿区住吉町5-5 寿光ビル,35.693296,139.720927,まいばすけっと 曙橋駅前店
新宿区,新宿６丁目,-,東京都新宿区新宿6-27-29,35.695902,139.708295,maruetsu(マルエツ) 新宿六丁目店
新宿区,北新宿２丁目,-,東京都新宿区北新宿2-21-1 新宿フロントタワー 1F,35.696092,139.689394,もとまちUNION(ユニオン) 新宿店
新宿区,河田町,-,東京都新宿区河田町3-31,35.696156,139.721713,三徳?河田店
新宿区,歌舞伎町２丁目,-,東京都新宿区歌舞伎町2-2-15 ヒルコート東新宿,35.696311,139.706813,まいばすけっと 東新宿駅南店
新宿区,余丁町,-,東京都新宿区余丁町6-15,35.696844,139.713298,業務スーパー 東新宿店
新宿区,余丁町,-,東京都新宿区余丁町6-15,35.696844,139.713298,丸正食品 東新宿店
新宿区,北新宿１丁目,-,東京都新宿区北新宿1-20-13 アーバネックス西新宿,35.697354,139.692438,まいばすけっと 北新宿税務署通り店
新宿区,北新宿２丁目,-,東京都新宿区北新宿2-2-24,35.697725,139.69051,まいばすけっと 北新宿2丁目店
新宿区,細工町,-,東京都新宿区細工町1-16 村田ビル 1F,35.698996,139.733407,食品スーパーマーケット三徳 牛込神楽坂店
新宿区,原町１丁目,-,東京都新宿区原町1-16-8,35.699185,139.725607,よしや 柳町店
新宿区,細工町,-,東京都新宿区細工町3-15 石黒ビル,35.699569,139.732901,まいばすけっと 牛込神楽坂駅西店
新宿区,若松町,-,東京都新宿区若松町28-5,35.699836,139.718849,ライフ若松河田駅前店
新宿区,百人町１丁目,-,東京都新宿区百人町1-11-1,35.699848,139.699533,mini(ミニ)ピアゴ 百人町1丁目店
新宿区,百人町１丁目,-,東京都新宿区百人町1-10-7 一番街ビル,35.700328,139.699939,まいばすけっと 新大久保駅南店
新宿区,新宿７丁目,-,東京都新宿区新宿7-26-38,35.700535,139.709007,Santoku(サントク) 新宿本店
新宿区,新宿７丁目,-,東京都新宿区新宿7-26-38,35.700535,139.709007,三徳 新宿本店
新宿区,箪笥町,-,東京都新宿区箪笥町11-1,35.700706,139.734699,キッチンコート 神楽坂店
新宿区,神楽河岸,-,東京都新宿区神楽河岸1-1 セントラルプラザ・ラムラ1F,35.700846,139.743553,三浦屋 飯田橋ラムラ店
新宿区,大久保１丁目,-,東京都新宿区大久保1-10-15 レックスマンション,35.700943,139.704499,肉のハナマサ 大久保店
新宿区,戸山２丁目,-,東京都新宿区戸山2-33-2,35.701198,139.709047,コープみらい コープ戸山店
新宿区,百人町２丁目,-,東京都新宿区百人町2-1-2,35.701546,139.702028,チョンガーネ
新宿区,大久保２丁目,-,東京都新宿区大久保2-6-10 新宿第2アルプスマンション,35.701775,139.707939,まいばすけっと 東新宿駅北店
新宿区,百人町２丁目,-,東京都新宿区百人町2-15-1,35.701902,139.698685,業務スーパー 新宿大久保店
新宿区,百人町２丁目,-,東京都新宿区百人町2-27-7 ハンドレットサーカス イーストタワー 1F,35.702367,139.695484,まいばすけっと 大久保店
新宿区,揚場町,-,東京都新宿区揚場町2-20 島田ビル,35.702629,139.74301,maruetsu(マルエツ) プチ 飯田橋店
新宿区,百人町２丁目,-,東京都新宿区百人町2-6-7 ライズ高踏園,35.703955,139.700171,まいばすけっと 百人町文化通り店
新宿区,東榎町,-,東京都新宿区東榎町10-3,35.70508,139.729403,業務スーパー 新宿榎店
新宿区,新小川町,-,東京都新宿区新小川町4-11,35.705599,139.743368,いなげや 飯田橋店
新宿区,西五軒町,-,東京都新宿区西五軒町8-8 サンセール神楽坂,35.70722,139.737065,まいばすけっと 西五軒町店
新宿区,東五軒町,-,東京都新宿区東五軒町6-31 ライオンズマンション飯田橋,35.708081,139.740371,まいばすけっと 東五軒町店
新宿区,水道町,-,東京都新宿区水道町4-13,35.70848,139.736183,マルエツ 江戸川橋店
新宿区,大久保３丁目,-,東京都新宿区大久保3-10-1,35.708575,139.705118,maruetsu(マルエツ) オレンジコート店
新宿区,北新宿４丁目,-,東京都新宿区北新宿4-8-16,35.709444,139.693543,いなげや 新宿小滝橋店
新宿区,高田馬場１丁目,-,東京都新宿区高田馬場1-2-15 早稲田永谷マンション 1F,35.709564,139.709116,まいばすけっと 西早稲田駅前店
新宿区,西早稲田３丁目,-,東京都新宿区西早稲田3-12-15,35.709926,139.715403,三徳西早稲田店
新宿区,西早稲田１丁目,-,東京都新宿区西早稲田1-9-22 ワセダハウス,35.711129,139.720617,まいばすけっと 西早稲田1丁目店
新宿区,西早稲田３丁目,-,東京都新宿区西早稲田3-20-2 mh西早稲田,35.711155,139.711772,まいばすけっと 西早稲田3丁目店
新宿区,高田馬場１丁目,-,東京都新宿区高田馬場1-28-7,35.71198,139.704625,ピーコックストア 高田馬場店
新宿区,高田馬場２丁目,-,東京都新宿区高田馬場2-13-2 プライムゲート 1F,35.712255,139.707565,成城石井 高田馬場店
新宿区,高田馬場３丁目,-,東京都新宿区高田馬場3-23-1,35.712308,139.698524,maruetsu(マルエツ) プチ 高田馬場店
新宿区,西早稲田３丁目,-,東京都新宿区西早稲田3-6-4 さくらアヴェニュー内,35.712725,139.716813,まいばすけっと 面影橋駅東店
新宿区,高田馬場３丁目,-,東京都新宿区高田馬場3-12-10,35.712821,139.700186,オオゼキ 高田馬場店
新宿区,高田馬場３丁目,-,東京都新宿区高田馬場3-3-8,35.713657,139.701559,西友 高田馬場店
新宿区,中落合１丁目,-,東京都新宿区中落合1-6-13,35.716692,139.690413,マルエツ プチ 中落合一丁目店
新宿区,西落合２丁目,-,東京都新宿区西落合2-20-6,35.720058,139.674657,まいばすけっと 新井薬師前駅北店
新宿区,西落合２丁目,-,東京都新宿区西落合2-7-16 プルミエ内,35.720209,139.678527,まいばすけっと 西落合2丁目店
新宿区,下落合４丁目,-,東京都新宿区下落合4丁目21-18,35.721742,139.696712,オーケー下落合店
新宿区,下落合３丁目,-,東京都新宿区下落合3-14-21,35.722069,139.700115,ピーコックストア 目白店
新宿区,西落合３丁目,-,東京都新宿区西落合3-1-1,35.722785,139.683702,コープみらい ミニコープ西落合店
新宿区,下落合３丁目,-,東京都新宿区下落合3-19-2 フイユ・ドール目白内,35.722913,139.703434,まいばすけっと 目白駅西店
渋谷区,千駄ケ谷３丁目,-,東京都渋谷区千駄ヶ谷3-33-2,35.6771728,139.7067081,OK(オーケー) 千駄ヶ谷店
渋谷区,渋谷２丁目,-,東京都渋谷区渋谷2-24-12 渋谷スクランブルスクエア B1,35.6584287,139.7021686,Gourmand Market KINOKUNIYA(ゲルマンマーケットキノクニヤ) 渋谷スクランブルスクエア店
渋谷区,富ケ谷１丁目,-,東京都渋谷区富ヶ谷1-49-21,35.6683703,139.688172,Bio c'Bon(ビオセボン) 富ヶ谷店
渋谷区,神宮前１丁目,-,東京都渋谷区神宮前1丁目14-30,35.6707367,139.7034229,EATALY原宿店
渋谷区,恵比寿南２丁目,-,東京都渋谷区恵比寿南2-3-3-101,35.64538,139.707872,ピーコックストア 恵比寿南店
渋谷区,恵比寿南１丁目,-,東京都渋谷区恵比寿南1-6-1 アトレ恵比寿西館 B1F,35.646613,139.709676,ザ・ガーデン自由が丘 アトレ恵比寿店
渋谷区,恵比寿南１丁目,-,東京都渋谷区恵比寿南1-6-1 アトレ恵比寿西館 4F,35.646613,139.709676,成城石井 アトレ恵比寿西館店
渋谷区,恵比寿４丁目,-,東京都渋谷区恵比寿南1丁目5-5,35.646693,139.710147,KINOKUNIYA entree恵比寿駅店
渋谷区,恵比寿１丁目,-,東京都渋谷区恵比寿1丁目8-14,35.647814,139.709836,杉の木屋恵比寿店
渋谷区,恵比寿西１丁目,-,東京都渋谷区恵比寿西1-6-1,35.648166,139.708263,ピーコックストア 恵比寿店
渋谷区,広尾５丁目,-,東京都渋谷区広尾5-1-32,35.649165,139.719025,miniピアゴ 広尾5丁目店
渋谷区,代官山町,-,東京都渋谷区代官山町17-6 代官山アドレス・ディセ 1F,35.649238,139.702916,ピーコックストア 代官山店
渋谷区,広尾５丁目,-,東京都渋谷区広尾5-17-10 East Westビル1階,35.649585,139.720401,Picard(ピカール) 広尾店
渋谷区,代官山町,-,東京都渋谷区代官山町13-1 ログロード代官山 2号棟,35.64992,139.704762,THE MART AT FRED SEGAL(ザ・マート・アット・フレッド・シーガル)
渋谷区,広尾５丁目,-,東京都渋谷区広尾5-6-6,35.650158,139.722116,MEIDI-YA STORE広尾ストアー
渋谷区,広尾３丁目,-,東京都渋谷区広尾3丁目12-33,35.652981,139.71367,若羽食品
渋谷区,鴬谷町,-,東京都渋谷区鶯谷町7-9,35.654002,139.701697,maruetsu(マルエツ) プチ 渋谷鶯谷町店
渋谷区,広尾４丁目,-,東京都渋谷区広尾4-1-11,35.654752,139.720591,ナショナル麻布 広尾ガーデンヒルズ
渋谷区,東１丁目,-,東京都渋谷区東1-26-22,35.654818,139.707545,ライフ 渋谷東店
渋谷区,円山町,-,東京都渋谷区円山町26-7 TKフラッツ渋谷,35.655818,139.693927,maruetsu(マルエツ) プチ 渋谷神泉店
渋谷区,渋谷３丁目,-,東京都渋谷区渋谷3-21-3 SHIBUYA STREAM 2F,35.657164,139.703221,Precce Shibuya DELIMARKET(プレッセ シブヤ デリマーケット) 渋谷ストリーム店
渋谷区,円山町,-,東京都渋谷区円山町16-4,35.657617,139.693905,まいばすけっと 神泉駅前店
渋谷区,道玄坂１丁目,-,東京都渋谷区道玄坂1-12-1 渋谷マークシティ B1F・渋谷東急フードショー内,35.658003,139.698143,成城石井SELECT(セレクト) 渋谷マークシティ店
渋谷区,道玄坂１丁目,-,東京都渋谷区道玄坂1-12-1 渋谷マークシティ B1F,35.658003,139.698143,北野エース 渋谷 東急フードショー店
渋谷区,渋谷１丁目,-,東京都渋谷区渋谷1-23-21 渋谷キャスト,35.662858,139.702549,東急ストア フードステーション渋谷キャスト店
渋谷区,富ケ谷１丁目,-,東京都渋谷区富ヶ谷1-18-8,35.666025,139.69223,maruetsu(マルエツ) プチ 富ヶ谷一丁目店
渋谷区,富ケ谷１丁目,-,東京都渋谷区富ヶ谷1-35-20,35.66733,139.688466,肉のハナマサ 富ヶ谷店
渋谷区,上原１丁目,-,東京都渋谷区上原1丁目18-12,35.66875,139.682652,マルエツ代々木上原店
渋谷区,富ケ谷１丁目,-,東京都渋谷区富ヶ谷1-3-8,35.669172,139.689123,マルマンストア 代々木八幡店
渋谷区,西原３丁目,-,東京都渋谷区西原3丁目8-5,35.6696,139.680826,OdakyuOX代々木上原店
渋谷区,元代々木町,-,東京都渋谷区元代々木町5-5 宇佐見ビル,35.669825,139.686857,まいばすけっと 代々木八幡駅西店
渋谷区,神宮前１丁目,-,東京都渋谷区神宮前1丁目18-22,35.669995,139.70264,ビオセボン明治神宮前メトロピア店
渋谷区,西原３丁目,-,東京都渋谷区西原3-20-7,35.670283,139.681208,丸正食品 代々木上原駅前店
渋谷区,神宮前３丁目,-,東京都渋谷区神宮前3-42-2,35.670542,139.713989,ビオセボン 外苑西通り店
渋谷区,笹塚１丁目,-,東京都渋谷区笹塚1-20-5 ドルチェ京王I,35.672805,139.668777,まいばすけっと 笹塚駅南店
渋谷区,笹塚２丁目,-,東京都渋谷区笹塚2-26-2,35.673278,139.662283,業務スーパー 笹塚店
渋谷区,笹塚１丁目,-,東京都渋谷区笹塚1-47-1 メルクマール京王笹塚1F,35.673529,139.667815,成城石井 フレンテ笹塚店
渋谷区,笹塚１丁目,-,東京都渋谷区笹塚1-47-1 フレンテ笹塚 1F,35.673529,139.667815,九州屋 京王フレンテ笹塚店
渋谷区,神宮前２丁目,-,東京都渋谷区神宮前2-19-13 プロミネントビル原宿,35.673531,139.710435,まいばすけっと 神宮前2丁目商店街店
渋谷区,笹塚１丁目,-,東京都渋谷区笹塚1-57-10,35.673991,139.666949,ライフ 笹塚店
渋谷区,初台２丁目,-,東京都渋谷区初台2-5-7,35.674317,139.686369,OK(オーケー) 初台店
渋谷区,笹塚２丁目,-,東京都渋谷区笹塚2-12-11,35.674988,139.667844,サミットストア 笹塚店
渋谷区,幡ケ谷２丁目,-,東京都渋谷区幡ヶ谷2丁目21-1,35.676468,139.673137,まいばすけっと 幡ヶ谷2丁目店
渋谷区,千駄ケ谷３丁目,-,東京都渋谷区千駄ヶ谷3-23-5 第8FMGビル,35.676653,139.707902,まいばすけっと 千駄ヶ谷3丁目店
渋谷区,幡ケ谷１丁目,-,東京都渋谷区幡ヶ谷1-3-1,35.676836,139.676354,ダイエー幡ケ谷店
渋谷区,幡ケ谷１丁目,-,東京都渋谷区幡ヶ谷1-3-1,35.676836,139.676354,株式会社グルメシティ関東幡ケ谷店
渋谷区,幡ケ谷２丁目,-,東京都渋谷区幡ヶ谷2-35-1,35.67723,139.670772,サンディ幡ヶ谷店
渋谷区,幡ケ谷２丁目,-,東京都渋谷区幡ヶ谷2-17-1,35.677293,139.675342,ライフ 幡ヶ谷店
渋谷区,幡ケ谷２丁目,-,東京都渋谷区幡ヶ谷2-17-1,35.677293,139.675342,株式会社ライフコーポレーション 幡ヶ谷店
渋谷区,笹塚３丁目,-,東京都渋谷区笹塚3丁目9-3,35.677337,139.669344,地産マルシェ笹塚店
渋谷区,代々木４丁目,-,東京都渋谷区代々木4-50-8,35.678124,139.691654,マルマンストア 参宮橋店
渋谷区,代々木４丁目,-,東京都渋谷区代々木4-5-7 参宮橋ビル内,35.678528,139.693034,まいばすけっと 参宮橋駅前店
渋谷区,千駄ケ谷１丁目,-,東京都渋谷区千駄ヶ谷1-5-1,35.678635,139.709185,mini(ミニ)ピアゴ 千駄ヶ谷1丁目店
渋谷区,幡ケ谷２丁目,-,東京都渋谷区幡ヶ谷2-3-10,35.679309,139.677581,Santoku(サントク) 幡ヶ谷店
渋谷区,本町１丁目,-,東京都渋谷区本町1-7-16 初台ハイツ,35.68047,139.684262,まいばすけっと 初台駅西店
渋谷区,本町５丁目,-,東京都渋谷区本町5-39-2,35.681837,139.675411,mini(ミニ)ピアゴ 渋谷本町5丁目店
渋谷区,代々木１丁目,-,東京都渋谷区代々木1-9-6,35.681941,139.697319,mini(ミニ)ピアゴ 代々木1丁目店
渋谷区,代々木１丁目,-,東京都渋谷区代々木1-39-11,35.682562,139.700262,マルマンストア 南新宿店
渋谷区,千駄ケ谷５丁目,-,東京都渋谷区千駄ヶ谷5丁目22-3,35.683537,139.704003,miniピアゴ代々木駅東口店
渋谷区,本町２丁目,-,東京都渋谷区本町2-33-2,35.684089,139.6825,FRESCO VengaVenga(フレスコベンガベンガ) ダイヤ店
渋谷区,本町２丁目,-,東京都渋谷区本町2-33-2,35.684089,139.6825,株式会社ファミリーセンターダイヤ
渋谷区,本町２丁目,-,東京都渋谷区本町2-4-12 アルファサイト,35.684154,139.684051,まいばすけっと 渋谷本町2丁目店
渋谷区,本町３丁目,-,東京都渋谷区本町3-52-6,35.686755,139.684057,mini(ミニ)ピアゴ 渋谷本町3丁目店
渋谷区,本町４丁目,-,東京都渋谷区本町4-22-10,35.68754,139.678457,サミットストア 渋谷本町店
渋谷区,千駄ケ谷５丁目,-,東京都渋谷区千駄ヶ谷5-24-2 新宿高島屋 B1F食料品フロア,35.687627,139.702338,KINOKUNIYA(キノクニヤ) 新宿高島屋店
港区,台場２丁目,-,東京都港区台場2-2-1,35.6299001,139.779845,OK お台場店
港区,麻布十番２丁目,-,東京都港区麻布十番2-5,35.656349,139.7335091,ダイエー麻布十番店
港区,赤坂５丁目,赤坂,東京都港区赤坂5-3-1 akasaka BizTower SHOPS&DININGB1F,35.6731403,139.7363725,成城石井 赤坂Bizタワー店
港区,東麻布２丁目,-,東京都港区東麻布2-29-1 コンフォリア麻布EAST1F,35.6559475,139.7419588,成城石井 東麻布店
港区,六本木６丁目,六本木,東京都港区六本木6 六本木けやき坂通り1・2F,35.6602384,139.7300767,リンコス 六本木ヒルズ店
港区,白金台５丁目,-,東京都港区白金台(有料)5-2-25,35.6426487,139.7209269,maruetsu(マルエツ) プチ 白金台(有料)プラチナ通り店
港区,新橋２丁目,虎ノ門広域,東京都港区新橋2 東口地下街1 ウィング新橋 B1F,35.6661898,139.7590517,もとまちユニオン ウィング新橋店
港区,海岸１丁目,-,東京都港区海岸1-10-30 アトレ竹芝タワー棟1F,35.6559605,139.7628777,Bio c' Bon(ビオセボン) アトレ竹芝店
港区,麻布十番２丁目,-,東京都港区麻布十番2丁目2-10,35.655463,139.735639,成城石井麻布十番店
港区,高輪４丁目,-,東京都港区高輪4丁目11-16,35.6269353,139.7363829,京急ストア高輪店
港区,港南４丁目,-,東京都港区港南4-6-7,35.627605,139.750614,maruetsu(マルエツ) 港南ワールドシティ店
港区,高輪３丁目,-,東京都港区高輪3-26-26 ウィング高輪 EAST B1F,35.62842,139.737933,京急ストア ウィング高輪店
港区,港南２丁目,-,東京都港区高輪3-26-27 ルミネ ザ・キッチン品川店 1F,35.628773,139.738444,KINOKUNIYA entree(紀伊国屋アントレ) ルミネ゙・キッチン品川店
港区,台場１丁目,-,東京都港区台場1-5-3,35.629689,139.777783,maruetsu(マルエツ) お台場店
港区,港南４丁目,-,東京都港区港南4-2-5,35.630951,139.748034,maruetsu(マルエツ) プチ 港南シティタワー店
港区,高輪１丁目,-,東京都港区高輪1-27-37,35.635908,139.73239,リンコス 高輪店
港区,白金台３丁目,-,東京都港区白金台3丁目16-8,35.636153,139.723196,いなげや白金台店
港区,白金台４丁目,-,東京都港区白金台4-7-8 KDXレジデンス白金 I,35.637832,139.72551,maruetsu(マルエツ) プチ 白金台店
港区,芝浦４丁目,-,東京都港区芝浦4-22-2 芝浦アイランド,35.641017,139.752791,ピーコックストア 芝浦アイランド店
港区,三田４丁目,-,東京都港区三田4-9-7 コンフォリア三田伊皿子坂 1F,35.64138,139.737922,ピーコックストア 三田伊皿子店
港区,芝浦３丁目,-,東京都港区芝浦3-15-9,35.642179,139.747934,肉のハナマサ 芝浦店
港区,芝浦３丁目,-,東京都港区芝浦3-14-19 相鉄フレッサイン東京田町ANNEX,35.642531,139.747755,まいばすけっと芝浦3丁目店
港区,高輪１丁目,-,東京都港区高輪1-5-1,35.643481,139.736235,ピーコックストア 高輪魚籃坂店
港区,芝浦３丁目,-,東京都港区芝浦3-4-1 グランパーク B1,35.643509,139.745437,ピーコックストア グランパーク田町店
港区,白金１丁目,-,東京都港区白金1-17-2,35.644393,139.733901,クイーンズ伊勢丹白金高輪店
港区,芝浦３丁目,-,東京都港区芝浦3-1-21 msb Tamachi 田町ステーションタワーS 1F,35.644916,139.749185,ライフ msb Tamachi店
港区,三田５丁目,-,東京都港区三田5-11-12,35.645698,139.738488,サミットストア 三田店
港区,芝４丁目,-,東京都港区芝4-16-2 カテリーナ三田イーストアーク 101,35.647671,139.751026,maruetsu(マルエツ) プチ 芝四丁目店
港区,南麻布２丁目,-,東京都港区南麻布2-11-10 OJビル内,35.647677,139.735758,まいばすけっと 南麻布古川橋店
港区,芝４丁目,-,東京都港区芝4-10-3 住友生命三田ビル,35.648354,139.751765,まいばすけっと 芝4丁目店
港区,三田２丁目,-,東京都港区三田2-14-5,35.648996,139.744365,マルエツ プチ 三田二丁目店
港区,芝２丁目,-,東京都港区芝2-29-12 トーホー東京芝ビル,35.649475,139.752671,まいばすけっと 三田駅東店
港区,芝浦１丁目,-,東京都港区芝浦1-2-2 シーバンスア・モール1F,35.649595,139.75663,成城石井 芝浦シーバンス店
港区,三田２丁目,-,東京都港区三田2-11-15 三田川崎ビル,35.650289,139.744498,まいばすけっと 三田2丁目店
港区,芝２丁目,-,東京都港区芝2-12-16 Ocean 1st,35.651551,139.75256,まいばすけっと 芝2丁目店
港区,麻布十番３丁目,-,東京都港区麻布十番3丁目9-5,35.652695,139.734145,ナニワヤ
港区,浜松町２丁目,-,東京都港区浜松町2-13-14 サンワード浜松町,35.653196,139.756249,まいばすけっと 浜松町駅南店
港区,浜松町２丁目,-,東京都港区浜松町2-9-6,35.653901,139.756372,マルエツプチ 浜松町二丁目店
港区,麻布十番２丁目,-,東京都港区麻布十番2-9-2,35.655056,139.734454,Bio c' Bon(ビオセボン) 麻布十番店
港区,東麻布２丁目,-,東京都港区東麻布2-32-13,35.656021,139.73998,日進ワールドデリカテッセン
港区,東麻布１丁目,-,東京都港区東麻布1-8-1 東麻布ISビル,35.657036,139.742997,まいばすけっと 東麻布1丁目店
港区,西麻布３丁目,-,東京都港区西麻布3-13-14,35.657044,139.724084,まいばすけっと 西麻布店
港区,東麻布１丁目,-,東京都港区東麻布1-9-15 東麻布1丁目ビル,35.657619,139.744198,maruetsu(マルエツ) プチ 東麻布店
港区,浜松町１丁目,-,東京都港区浜松町1-27-1,35.657682,139.755163,フォトエコー
港区,海岸１丁目,-,東京都港区海岸1-1-1,35.658228,139.758707,maruetsu(マルエツ) プチ 汐留シオサイト店
港区,西麻布３丁目,-,東京都港区西麻布3-3-23 フィルドア西麻布,35.658239,139.7271,まいばすけっと 西麻布3丁目店
港区,南青山７丁目,-,東京都港区南青山7-3-1,35.65878,139.715685,東食品株式会社
港区,浜松町１丁目,-,東京都港区浜松町1-3-1 浜離宮 ザ タワー,35.659639,139.757438,マルエツ プチ浜松町一丁目店
港区,浜松町１丁目,-,東京都港区浜松町1-2-17 ストークベル浜松町,35.659801,139.755971,まいばすけっと 浜松町1丁目店
港区,東新橋２丁目,虎ノ門広域,東京都港区東新橋2丁目8-5,35.661388,139.757034,miniピアゴ東新橋2丁目店
港区,新橋５丁目,虎ノ門広域,東京都港区新橋5-15-5 交通ビル,35.662082,139.755838,まいばすけっと 新橋5丁目店
港区,六本木７丁目,六本木,東京都港区六本木7-15-14 塩業会館ビル 1F,35.662502,139.729823,明治屋六本木ストアー
港区,新橋５丁目,虎ノ門広域,東京都港区新橋5丁目8-3,35.663694,139.755316,全日食チェーンしろいち
港区,北青山３丁目,-,東京都港区北青山3-11-7 AoビルB1F,35.663792,139.710655,KINOKUNIYA INTERNATIONAL(紀ノ国屋インターナショナル)
港区,六本木１丁目,虎ノ門,東京都港区六本木1-7-10 パークコート六本木ヒルトップ,35.663792,139.740201,まいばすけっと 六本木1丁目店
港区,六本木３丁目,六本木,東京都港区六本木3-7-1-101 THE ROPPONGI TOKYO PLAZA,35.663913,139.734812,もとまちユニオン 六本木店
港区,北青山３丁目,-,東京都港区北青山3-6-12 地下鉄表参道駅,35.664957,139.711936,OMO KINOKUNIYA エチカ表参道店
港区,北青山３丁目,-,東京都港区北青山3丁目6-12,35.664957,139.711936,KINOKUNIYA entreeエチカ表参道店
港区,虎ノ門４丁目,虎ノ門,東京都港区虎ノ門4-1-17 神谷町プライムプレイス B1F,35.665065,139.744067,maruetsu(マルエツ) プチ 城山ヒルズ店
港区,赤坂９丁目,六本木,東京都港区赤坂9-7-3 東京ミッドタウンガレリアB1F,35.665548,139.730402,Precce Premium(プレッセ プレミアム) 東京ミッドタウン店
港区,西新橋２丁目,虎ノ門,東京都港区西新橋2-23-1 第3東洋海事ビル1F,35.665607,139.753116,肉のハナマサ 西新橋店
港区,六本木１丁目,虎ノ門,東京都港区六本木1-4-5 アークヒルズサウスタワーB1F アークキッチン内,35.665612,139.739446,福島屋 六本木店
港区,虎ノ門１丁目,虎ノ門,東京都港区虎ノ門1-17-1 虎ノ門ヒルズ・ビジネスタワーB1F,35.668201,139.749583,福島屋 虎ノ門ヒルズ ビジネスタワー店
港区,北青山２丁目,-,東京都港区北青山2-13-5 青山サンクレストビル 1F,35.669969,139.71609,ヴィル マルシェ 青山店
港区,南青山１丁目,-,東京都港区南青山1-3-2 青山1丁目タワー 1F,35.671601,139.725579,まいばすけっと 青山一丁目店
港区,赤坂２丁目,赤坂,東京都港区赤坂2-15-18-B1F,35.67163,139.738306,ファミリーデパート 吉池 総合食品フロア
港区,赤坂２丁目,赤坂,東京都港区赤坂2-15-18-1F,35.67163,139.738306,ファミリーデパート 吉池 食品専門店
港区,赤坂２丁目,赤坂,東京都港区赤坂2-12-32 サンテラス赤坂,35.671698,139.739431,肉のハナマサ 赤坂店
港区,赤坂２丁目,赤坂,東京都港区赤坂2-14-27,35.672218,139.737175,maruetsu(マルエツ) プチ 赤坂店
港区,赤坂４丁目,赤坂,東京都港区赤坂4-3-6,35.674417,139.736132,ビオセボン赤坂店
江東区,平野２丁目,-,東京都江東区平野2-115,35.6772047,139.8029173,OK(オーケー) 平野店
江東区,牡丹２丁目,-,東京都江東区牡丹2-11-11,35.670608,139.795675,オオゼキ 門仲牡丹店
江東区,清澄１丁目,-,東京都江東区清澄1-3-9 プレノ清澄庭園内,35.6813543,139.7934166,まいばすけっと 清澄1丁目店
江東区,有明２丁目,-,東京都江東区有明2-1-8 住友不動産ショッピングシティ有明ガーデン内,35.6384022,139.7930874,AEON STYLE(イオンスタイル) 有明ガーデン
江東区,常盤２丁目,-,東京都江東区常盤2-13-14,35.6846083,139.7983559,mini(ミニ)ピアゴ 常盤2丁目店
江東区,亀戸５丁目,-,東京都江東区亀戸5-33-18 ハウスガスコン,35.6984637,139.8305753,まいばすけっと 江東亀戸5丁目店
江東区,南砂２丁目,-,東京都江東区南砂2丁目6-11,35.6727092,139.8200222,新イキイキ生鮮市場東陽町店
江東区,青海１丁目,-,東京都江東区青海1-1-10 ダイバーシティ東京プラザ2F,35.62536,139.775989,スーパーマーケット成城石井 / Village(ビレッジ)成城石井 ダイバーシティ東京プラザ店
江東区,有明１丁目,-,東京都江東区有明1-4-20 ブリリア有明スカイタワー102,35.63666,139.786425,文化堂有明店
江東区,辰巳１丁目,-,東京都江東区辰巳1-1-34,35.64767,139.809016,Y's mart(ワイズマート) 辰巳店
江東区,東雲１丁目,-,東京都江東区東雲1-9-10 イオン東雲店ショッピングセンター内,35.64871,139.802146,AEONBIKE(イオンバイク) 東雲店
江東区,辰巳２丁目,-,東京都江東区辰巳2-4-10,35.653644,139.8142,METRO(メトロ) 辰巳店
江東区,豊洲５丁目,-,東京都江東区豊洲5-5-1 シエルタワー1F,35.653689,139.796035,サカガミ グランルパ豊洲店
江東区,豊洲４丁目,-,東京都江東区豊洲4-6-2,35.655429,139.798276,たつみチェーン豊洲店
江東区,豊洲２丁目,-,東京都江東区豊洲2-4-9 ららぽーと豊洲施設内,35.655525,139.793146,成城石井 ららぽーと豊洲
江東区,豊洲２丁目,-,東京都江東区豊洲2-4-9 ららぽーと豊洲施設内,35.655525,139.793146,フードストアあおき ららぽーと豊洲
江東区,豊洲３丁目,-,東京都江東区豊洲3-4-8 スーパービバホーム豊洲2F,35.657036,139.798028,文化堂豊洲店
江東区,潮見２丁目,-,東京都江東区潮見2-7-9,35.658427,139.81727,maruetsu(マルエツ) 潮見店
江東区,塩浜１丁目,-,東京都江東区塩浜1-1-13,35.659784,139.800244,Akafudado(赤札堂) 塩浜店
江東区,塩浜２丁目,-,東京都江東区塩浜2-12-7 グリーンハイツ青葉,35.663196,139.810628,まいばすけっと 塩浜2丁目店
江東区,木場１丁目,-,東京都江東区木場1-5-30,35.66618,139.804265,イトーヨーカドー 木場店
江東区,東陽１丁目,-,東京都江東区東陽1-25-2 掛川ビル内,35.667227,139.811255,まいばすけっと 東陽1丁目店
江東区,東陽３丁目,-,東京都江東区東陽3-3-6 前川ビル,35.66911,139.808968,まいばすけっと 木場駅前店
江東区,富岡１丁目,-,東京都江東区富岡1-26-18 田崎ビル,35.669697,139.800231,まいばすけっと 江東富岡1丁目店
江東区,東陽３丁目,-,東京都江東区東陽3-23-26,35.669782,139.813519,Akafudado(赤札堂) 東陽町店
江東区,富岡２丁目,-,東京都江東区富岡2丁目1-11,35.670309,139.800593,エンゼルファミリー門前仲町店
江東区,富岡２丁目,-,東京都江東区富岡2-4-1 京徳第一ビル,35.671184,139.800824,まいばすけっと 富岡八幡店
江東区,南砂２丁目,-,東京都江東区南砂2-3-12,35.671232,139.821422,OK 南砂店
江東区,南砂６丁目,-,東京都江東区南砂6-7-15,35.671598,139.835639,AEON STYLE(イオン スタイル) 南砂店
江東区,東陽５丁目,-,東京都江東区東陽5-29-38 緑森ビル内,35.67221,139.813938,まいばすけっと 東陽5丁目店
江東区,富岡２丁目,-,東京都江東区富岡2-9-6,35.672327,139.80195,大黒屋 門前仲町店
江東区,南砂２丁目,-,東京都江東区南砂2-6-3 サンライズ東陽ビル1F,35.672403,139.819902,タイヨー イキイキ ミニ
江東区,東陽４丁目,-,東京都江東区東陽4-12-30,35.672673,139.819194,西友 東陽町店
江東区,東砂７丁目,-,東京都江東区東砂7-19-12,35.672978,139.836478,Y's mart Discover(ワイズディスカ) 東砂店
江東区,門前仲町２丁目,-,東京都江東区門前仲町2-10-1,35.673502,139.796022,赤札堂 深川店
江東区,東陽６丁目,-,東京都江東区東陽6-3-1,35.675323,139.814346,サミットストア イースト21店
江東区,東砂７丁目,-,東京都江東区東砂7-18-10 ヴィラロイヤル南砂,35.675328,139.837168,まいばすけっと 東砂7丁目店
江東区,東砂５丁目,-,東京都江東区東砂5-3-13 NV東砂5(MB),35.675529,139.841177,まいばすけっと 江東旧葛西橋店
江東区,南砂２丁目,-,東京都江東区南砂2-28-3 山英ビル,35.675586,139.821688,まいばすけっと 南砂2丁目店
江東区,深川２丁目,-,東京都江東区深川2-30-9 ウガイビル,35.67624,139.799799,まいばすけっと 深川2丁目店
江東区,東砂５丁目,-,東京都江東区東砂5-4-15,35.67648,139.840324,まいばすけっと 江東東砂5丁目店
江東区,深川１丁目,-,東京都江東区深川1-6-2 ホームセンターコーナン江東深川店内,35.677333,139.795962,食品館あおば 深川店
江東区,北砂４丁目,-,東京都江東区北砂4-41-8 ディ・リエネッソ,35.678735,139.834297,まいばすけっと 北砂丸八通り店
江東区,北砂４丁目,-,東京都江東区北砂4-9-10,35.679331,139.829232,mini(ミニ)ピアゴ 北砂4丁目店
江東区,北砂４丁目,-,東京都江東区北砂4丁目9-10,35.679331,139.829232,miniピアゴ北砂4丁目店
江東区,北砂３丁目,-,東京都江東区北砂3-30-10 川田ビル,35.679431,139.828156,まいばすけっと 砂町銀座西店
江東区,南砂１丁目,-,東京都江東区南砂1-8-1,35.679441,139.822389,OK(オーケー) 尾高橋店
江東区,北砂４丁目,-,東京都江東区北砂4-25-2,35.679651,139.832457,Akafudado(赤札堂) 砂町店
江東区,北砂４丁目,-,東京都江東区北砂4-26-4 野村ビル,35.679835,139.833149,まいばすけっと 北砂4丁目店
江東区,石島,-,東京都江東区石島13番11号,35.680713,139.813458,業務スーパー 石島店
江東区,白河４丁目,-,東京都江東区白河4-3-1 101,35.681978,139.807574,maruetsu(マルエツ) 清澄白河店
江東区,北砂２丁目,-,東京都江東区北砂2丁目17-1,35.682223,139.825726,イトーヨーカドーアリオ北砂店
江東区,白河１丁目,-,東京都江東区白河1-7-13,35.682675,139.799144,Akafudado(赤札堂) 清澄店
江東区,扇橋３丁目,-,東京都江東区扇橋3-3-6 サンパティオ,35.682882,139.818825,まいばすけっと 江東扇橋3丁目店
江東区,北砂５丁目,-,東京都江東区北砂5-17-29,35.683427,139.835676,まいばすけっと 北砂5丁目店
江東区,東砂２丁目,-,東京都江東区東砂2-12-31,35.684473,139.844067,ライフ 東砂店
江東区,東砂１丁目,-,東京都江東区東砂1-3-36,35.684857,139.840686,ヨークマート 東砂店
江東区,常盤２丁目,-,東京都江東区常盤2-12-6,35.685108,139.797588,アコレ 江東常盤店
江東区,常盤２丁目,-,東京都江東区常盤2-9-6,35.685935,139.798172,まいばすけっと 森下駅南店
江東区,猿江２丁目,-,東京都江東区猿江2丁目16-8,35.685947,139.816414,ライフ深川猿江店
江東区,大島４丁目,-,東京都江東区大島4-1-1 UR都市機構大島4丁目団地内,35.687757,139.827452,ビッグ・エー 江東大島団地店
江東区,大島１丁目,-,東京都江東区大島1-34-12 菅沼ビル内,35.688195,139.826224,まいばすけっと 大島1丁目店
江東区,住吉２丁目,-,東京都江東区住吉2-7-13 アーバネックス深川住吉2,35.688264,139.815565,まいばすけっと 住吉駅前店
江東区,大島４丁目,-,東京都江東区大島4-6-1,35.688854,139.828944,ダイエー大島店
江東区,住吉１丁目,-,東京都江東区住吉1-17-18 アルページュ内,35.688989,139.812259,まいばすけっと 住吉駅西店
江東区,新大橋１丁目,-,東京都江東区新大橋1-8-2,35.689015,139.792625,まいばすけっと 新大橋1丁目店
江東区,大島５丁目,-,東京都江東区大島5-48-15,35.689088,139.837961,mini(ミニ)ピアゴ 大島5丁目店
江東区,大島６丁目,-,東京都江東区大島6-1-8-101,35.689879,139.83269,ピーコックストア 大島店
江東区,大島６丁目,-,東京都江東区大島6-8-20,35.690001,139.834898,まいばすけっと 大島駅前店
江東区,大島７丁目,-,東京都江東区大島7-38-30,35.690859,139.842589,ダイエー東大島店
江東区,大島６丁目,-,東京都江東区大島6丁目26-7,35.690968,139.837381,グリーンマート大友
江東区,毛利１丁目,-,東京都江東区毛利1-18-8 GRANDE深川,35.692067,139.815176,まいばすけっと 住吉駅北店
江東区,亀戸１丁目,-,東京都江東区亀戸1-13-27 亀戸クリーンハイツ,35.69436,139.821083,まいばすけっと 江東亀戸1丁目店
江東区,亀戸６丁目,-,東京都江東区亀戸6-13-7 ノーブルメゾン亀戸,35.694712,139.826158,まいばすけっと 江東亀戸6丁目店
江東区,亀戸７丁目,-,東京都江東区亀戸7-58-4 東陽マンション,35.695917,139.83628,まいばすけっと 江東亀戸7丁目店
江東区,亀戸９丁目,-,東京都江東区亀戸9-4-5,35.696307,139.840783,OK 亀戸店
江東区,亀戸７丁目,-,東京都江東区亀戸7丁目41-13,35.697001,139.837588,miniピアゴ亀戸7丁目店
江東区,亀戸６丁目,-,東京都江東区亀戸6-56-15 ビジョナリーIV,35.697153,139.830729,まいばすけっと 亀戸駅東口店
江東区,亀戸２丁目,-,東京都江東区亀戸2-1-1,35.697394,139.820133,コモディイイダ食彩館亀戸店
江東区,亀戸９丁目,-,東京都江東区亀戸9-24-17,35.697721,139.841162,ライフ 亀戸店
江東区,亀戸５丁目,-,東京都江東区亀戸5-1-1 アトレ亀戸1F,35.697884,139.826525,成城石井 SELECT(セレクト) アトレ亀戸店
江東区,亀戸５丁目,-,東京都江東区亀戸5-1-1 アトレ亀戸 B1F,35.697884,139.826525,成城石井 アトレ亀戸店
江東区,亀戸５丁目,-,東京都江東区亀戸5-1-1 アトレ亀戸 B1F,35.697884,139.826525,クイーンズ伊勢丹 亀戸店
江東区,亀戸５丁目,-,東京都江東区亀戸5-8-12,35.698464,139.828635,大黒屋 亀戸店
江東区,亀戸５丁目,-,東京都江東区亀戸5-30-3,35.698717,139.828993,Maxvalu Express(マックスバリュエクスプレス) 亀戸センタープラザ店
江東区,亀戸５丁目,-,東京都江東区亀戸5-15-1,35.699702,139.825836,肉のハナマサ 亀戸店
江東区,亀戸２丁目,-,東京都江東区亀戸2-11-8,35.700071,139.823099,業務スーパー 亀戸店
江東区,亀戸２丁目,-,東京都江東区亀戸2-6-2,35.70017,139.822557,新鮮市場亀戸店
江東区,亀戸２丁目,-,東京都江東区亀戸2丁目36-12,35.700185,139.825121,まいばすけっと 亀戸2丁目店
江東区,亀戸３丁目,-,東京都江東区亀戸3-61-18,35.7023,139.825019,旬鮮食品館カズン 亀戸店
江東区,亀戸３丁目,-,東京都江東区亀戸3丁目61-18,35.7023,139.825019,Olympic亀戸店
