指標名,神社・寺院・教会,,,,,,
出典,NAVITIME,,,,,,
年次,2021/2/2取得,,,,,,
URL,https://www.navitime.co.jp/,,,,,,
備考,（2019年度：685件。2020年度：609件）,,,,,,
,,,,,,,
区,町丁,エリア,住所,緯度,経度,施設名,カテゴリ
品川区,上大崎２丁目,-,東京都品川区上大崎2丁目18-18,35.63765,139.71546,日本基督教団 白金教会,教会
品川区,上大崎４丁目,-,東京都品川区上大崎4-6-22,35.63106,139.71547,カトリック東京大司教区 目黒教会,教会
品川区,東五反田５丁目,-,東京都品川区東五反田5-25-1,35.62935,139.72275,天理教 大教会 日本橋,教会
品川区,北品川６丁目,-,東京都品川区北品川6丁目5-26,35.62609,139.73122,ドイツ語福音教会,教会
品川区,小山台１丁目,-,東京都品川区小山台1丁目7-6,35.62343,139.70641,正法会,教会
品川区,北品川４丁目,-,東京都品川区北品川4-7-40,35.62043,139.73662,キリスト品川教会,教会
品川区,大崎４丁目,-,東京都品川区大崎4丁目2-47,35.62027,139.72233,天理教 分教会 本品川,教会
品川区,荏原１丁目,-,東京都品川区荏原1-6-10,35.61999,139.71377,天理教品川分教会,教会
品川区,北品川２丁目,-,東京都品川区北品川2-9-17,35.61818,139.74304,聖書友の会北品川教会,教会
品川区,小山４丁目,-,東京都品川区小山4丁目4-13,35.61818,139.70311,日本基督教団 むさし小山教会,教会
品川区,西品川３丁目,-,東京都品川区西品川3丁目18-6,35.61588,139.72656,天元教,教会
品川区,西品川３丁目,-,東京都品川区西品川3丁目12-6,35.61588,139.72656,日本聖公会東京教区 東京聖マリア教会,教会
品川区,荏原４丁目,-,東京都品川区荏原4丁目11-15,35.61575,139.70681,天理教 分教会 東瑞,教会
品川区,荏原６丁目,-,東京都品川区荏原6丁目9-12,35.61221,139.70406,品川ベテル教会,教会
品川区,東中延１丁目,-,東京都品川区東中延1丁目4-11,35.61104,139.7138,天理教 分教会 城京,教会
品川区,荏原７丁目,-,東京都品川区荏原7丁目17-9,35.61097,139.70085,宗教法人天理教平形分教会,教会
品川区,戸越５丁目,-,東京都品川区戸越5-17-10,35.60996,139.71744,聖イエス会栄光教会,教会
品川区,戸越５丁目,-,東京都品川区戸越5丁目13-10,35.60996,139.71744,金光教大崎教会,教会
品川区,旗の台１丁目,-,東京都品川区旗の台1-9-19,35.60911,139.7033,パーフェクトリバティー教団品川教会,教会
品川区,戸越６丁目,-,東京都品川区戸越6丁目16-12,35.60756,139.71648,天理教 分教会 南荏原,教会
品川区,旗の台６丁目,-,東京都品川区旗の台6丁目22-24,35.60696,139.69898,日本聖公会東京教区 三光教会,教会
品川区,旗の台２丁目,-,東京都品川区旗の台2-8-3,35.60692,139.70439,日本基督教団洗足教会,教会
品川区,大井２丁目,-,東京都品川区大井2-5-17,35.60507,139.72902,天理教 大教会 本荏,教会
品川区,旗の台５丁目,-,東京都品川区旗の台5-27-11,35.60329,139.70121,旗の台キリスト教会,教会
品川区,旗の台４丁目,-,東京都品川区旗の台4-15-8,35.60296,139.70494,天理教 分教会 東平,教会
品川区,東大井３丁目,-,東京都品川区東大井3-10-5,35.60164,139.73807,大井町教会,教会
品川区,東大井３丁目,-,東京都品川区東大井3丁目7-10,35.60164,139.73807,天理教 分教会 本品,教会
品川区,大井５丁目,-,東京都品川区大井5丁目10-12,35.59865,139.72798,大井バプテスト教会,教会
品川区,西大井４丁目,-,東京都品川区西大井4-6-18,35.5951,139.7196,日本基督教団 西大井教会,教会
品川区,上大崎１丁目,-,東京都品川区上大崎1丁目10-32,35.6341,139.72328,浄土宗本願寺,寺院
品川区,上大崎１丁目,-,東京都品川区上大崎1-9-24,35.6341,139.72328,隆崇院,寺院
品川区,上大崎１丁目,-,東京都品川区上大崎1丁目10-30,35.6341,139.72328,常光寺,寺院
品川区,上大崎１丁目,-,東京都品川区上大崎1丁目5-24,35.6341,139.72328,宝蔵寺,寺院
品川区,上大崎１丁目,-,東京都品川区上大崎1丁目9-11,35.6341,139.72328,戒法寺,寺院
品川区,上大崎１丁目,-,東京都品川区上大崎1-5-15,35.6341,139.72328,清岸寺,寺院
品川区,上大崎１丁目,-,東京都品川区上大崎1丁目5-10,35.6341,139.72328,光取寺,寺院
品川区,上大崎１丁目,-,東京都品川区上大崎1丁目5-13,35.6341,139.72328,月窓院,寺院
品川区,東五反田５丁目,-,東京都品川区東五反田5-15-17,35.62935,139.72275,薬師寺東京別院,寺院
品川区,東五反田３丁目,-,東京都品川区東五反田3丁目6-17,35.62797,139.72931,本立寺,寺院
品川区,西五反田４丁目,-,東京都品川区西五反田4丁目12-1,35.62614,139.71117,安養院,寺院
品川区,大崎３丁目,-,東京都品川区大崎3丁目8-12,35.61943,139.72567,観音寺,寺院
品川区,北品川３丁目,-,東京都品川区北品川3-7-22,35.61922,139.73906,清徳寺,寺院
品川区,北品川２丁目,-,東京都品川区北品川2-4-18,35.61818,139.74304,一心寺,寺院
品川区,北品川２丁目,-,東京都品川区北品川2丁目20-25,35.61818,139.74304,本照寺,寺院
品川区,南品川１丁目,-,東京都品川区南品川1丁目10-17,35.61587,139.74322,本榮寺,寺院
品川区,南品川１丁目,-,東京都品川区南品川1-1-1,35.61587,139.74322,妙蓮寺,寺院
品川区,南品川１丁目,-,東京都品川区南品川1丁目10-18,35.61587,139.74322,蓮長寺,寺院
品川区,南品川１丁目,-,東京都品川区南品川1-10-11,35.61587,139.74322,本覚寺,寺院
品川区,南品川４丁目,-,東京都品川区南品川4-2-17,35.61413,139.73867,天龍寺,寺院
品川区,南品川４丁目,-,東京都品川区南品川4丁目2-35,35.61413,139.73867,清光院,寺院
品川区,南品川４丁目,-,東京都品川区南品川4丁目4-2,35.61413,139.73867,海蔵寺,寺院
品川区,南品川４丁目,-,東京都品川区南品川4丁目2-16,35.61413,139.73867,大竜寺,寺院
品川区,南品川２丁目,-,東京都品川区南品川2丁目9-18,35.61211,139.74327,常行寺,寺院
品川区,南品川２丁目,-,東京都品川区南品川2-7-25,35.61211,139.74327,真了寺,寺院
品川区,南品川２丁目,-,東京都品川区南品川2丁目1-12,35.61211,139.74327,願行寺,寺院
品川区,南品川３丁目,-,東京都品川区南品川3-5-17,35.60874,139.74383,品川寺,寺院
品川区,二葉１丁目,-,東京都品川区二葉1丁目14-16,35.6069,139.72686,東光寺,寺院
品川区,東大井２丁目,-,東京都品川区東大井2丁目15-10,35.60024,139.74038,嶺雲寺,寺院
品川区,大井６丁目,-,東京都品川区大井6-18-8,35.5955,139.73104,来迎院,寺院
品川区,東品川２丁目,-,東京都品川区東品川2-12-11,35.6214449,139.751153,三岳神社,神社
品川区,上大崎２丁目,-,東京都品川区上大崎2丁目13-36,35.63765,139.71546,誕生八幡神社,神社
品川区,東五反田３丁目,-,東京都品川区東五反田3-6-20,35.62797,139.72931,袖ヶ崎神社,神社
品川区,西五反田５丁目,-,東京都品川区西五反田5丁目6-3,35.62409,139.71374,氷川神社,神社
品川区,東品川１丁目,-,東京都品川区東品川1-35-8,35.62016,139.74511,寄木神社,神社
品川区,東品川１丁目,-,東京都品川区東品川1-7-17,35.62016,139.74511,利田神社,神社
品川区,大崎３丁目,-,東京都品川区大崎3-8-20,35.61943,139.72567,大崎鎮守 居木神社,神社
品川区,北品川３丁目,-,東京都品川区北品川3-7-15,35.61922,139.73906,品川神社,神社
品川区,北品川２丁目,-,東京都品川区北品川2丁目30-28,35.61818,139.74304,荏原神社,神社
品川区,小山５丁目,-,東京都品川区小山5-8-7,35.61635,139.70161,三谷八幡神社,神社
品川区,西品川３丁目,-,東京都品川区西品川3丁目16-31,35.61588,139.72656,貴船神社,神社
品川区,戸越２丁目,-,東京都品川区戸越2-6-23,35.61385,139.71985,戸越八幡神社,神社
品川区,荏原６丁目,-,東京都品川区荏原6-2-13,35.61221,139.70406,葛原神社,神社
品川区,荏原７丁目,-,東京都品川区荏原7丁目5-14,35.61097,139.70085,小山八幡神社,神社
品川区,二葉１丁目,-,東京都品川区二葉1-3-24,35.6069,139.72686,下神明天祖神社,神社
品川区,大井１丁目,-,東京都品川区大井1-14-3,35.60585,139.73265,大井蔵王権現神社,神社
品川区,旗の台３丁目,-,東京都品川区旗の台3-6-12,35.60519,139.70594,旗岡八幡神社,神社
品川区,大井２丁目,-,東京都品川区大井2-16-14,35.60507,139.72902,稲荷神社,神社
品川区,東大井１丁目,-,東京都品川区東大井1-20-10,35.60467,139.74558,鮫洲八幡神社,神社
品川区,旗の台５丁目,-,東京都品川区旗の台5-15-2,35.60329,139.70121,旗の台伏見稲荷神社,神社
品川区,二葉４丁目,-,東京都品川区二葉4-4-12,35.60278,139.71583,蛇窪神社(上神明天祖神社),神社
品川区,東大井２丁目,-,東京都品川区東大井2-9-15,35.60024,139.74038,稲荷神社,神社
品川区,大井５丁目,-,東京都品川区大井5-12-8,35.59865,139.72798,稲荷神社,神社
品川区,南大井１丁目,-,東京都品川区南大井1丁目4-1,35.59578,139.73866,天祖・諏訪神社,神社
品川区,大井６丁目,-,東京都品川区大井6丁目18-36,35.5955,139.73104,鹿島神社,神社
中央区,東日本橋３丁目,-,東京都中央区東日本橋3-1-3,35.69173,139.78372,神道禊教,教会
中央区,日本橋室町４丁目,日八京,東京都中央区日本橋室町4-1-17,35.6891,139.77237,金光教 日本橋教会,教会
中央区,日本橋浜町２丁目,-,東京都中央区日本橋浜町2-21-4,35.68794,139.78818,日本基督教団日本橋教会,教会
中央区,銀座１丁目,-,東京都中央区銀座1-14-10,35.67372,139.77023,五法院,教会
中央区,銀座２丁目,-,東京都中央区銀座2-8-7,35.67275,139.76826,金光教 銀座教会,教会
中央区,銀座４丁目,-,東京都中央区銀座4丁目2-1,35.67102,139.76634,銀座教会,教会
中央区,銀座４丁目,-,東京都中央区銀座4-5-1,35.67102,139.76634,東京福音センター,教会
中央区,明石町,-,東京都中央区明石町5-26,35.66742,139.77711,カトリック築地教会,教会
中央区,東日本橋２丁目,-,東京都中央区東日本橋2丁目6-8,35.69338,139.78659,薬研堀不動院,寺院
中央区,日本橋小伝馬町,-,東京都中央区日本橋小伝馬町3-2,35.69132,139.77855,身延別院,寺院
中央区,日本橋浜町２丁目,-,東京都中央区日本橋浜町2丁目59-2,35.68794,139.78818,清正公寺,寺院
中央区,日本橋人形町１丁目,-,東京都中央区日本橋人形町1丁目18-9,35.6847,139.78225,大観音寺,寺院
中央区,日本橋茅場町１丁目,-,東京都中央区日本橋茅場町1-5-13,35.68064,139.77984,智泉院,寺院
中央区,八丁堀１丁目,-,東京都中央区八丁堀1-8-3,35.67751,139.77694,玉円寺,寺院
中央区,築地３丁目,-,東京都中央区築地3-15-1,35.66777,139.77341,築地 本願寺,寺院
中央区,築地４丁目,-,東京都中央区築地4丁目12-9,35.6664,139.76937,円正寺,寺院
中央区,月島３丁目,-,東京都中央区月島3丁目17-3,35.66259,139.77985,本芳寺,寺院
中央区,日本橋本町３丁目,日八京,東京都中央区日本橋本町3-10,35.6893272,139.7771094,宝田神社,神社
中央区,日本橋本町１丁目,日八京,東京都中央区日本橋本町1-8,35.6853427,139.7779082,常磐稲荷神社,神社
中央区,日本橋富沢町,-,東京都中央区日本橋富沢町718,35.6889454,139.7827814,稲荷神社,神社
中央区,日本橋箱崎町４丁目,#N/A,東京都中央区日本橋箱崎町4-1,35.6799624,139.78382,稲荷神社,神社
中央区,日本橋堀留町２丁目,-,東京都中央区日本橋堀留町2-1-13,35.68849,139.78126,三光稲荷神社,神社
中央区,日本橋堀留町２丁目,-,東京都中央区日本橋堀留町2-4-10,35.68849,139.78126,稲荷神社,神社
中央区,日本橋本石町４丁目,日八京,東京都中央区日本橋本石町4-4-17,35.68833,139.77004,白旗稲荷神社,神社
中央区,日本橋浜町２丁目,-,東京都中央区日本橋浜町2丁目11-6,35.68794,139.78818,笠間稲荷神社東京別社,神社
中央区,日本橋堀留町１丁目,-,東京都中央区日本橋堀留町1-10-2,35.68785,139.77987,椙森神社,神社
中央区,日本橋室町２丁目,日八京,東京都中央区日本橋室町2-4-14,35.68692,139.77373,福徳神社 (芽吹稲荷),神社
中央区,日本橋人形町２丁目,-,東京都中央区日本橋人形町2-15-2,35.68588,139.78459,松島神社,神社
中央区,日本橋人形町２丁目,-,東京都中央区日本橋人形町2丁目25-20,35.68588,139.78459,末広神社,神社
中央区,日本橋浜町３丁目,-,東京都中央区日本橋浜町3-3-3,35.68516,139.78954,浜町神社,神社
中央区,日本橋人形町１丁目,-,東京都中央区日本橋人形町1-12-10,35.6847,139.78225,茶ノ木神社,神社
中央区,日本橋蛎殻町２丁目,-,東京都中央区日本橋蛎殻町2-4-1,35.68326,139.78671,水天宮,神社
中央区,日本橋小網町,-,東京都中央区日本橋小網町16-23,35.6826,139.78073,小網神社,神社
中央区,日本橋兜町,-,東京都中央区日本橋兜町20-2,35.68108,139.77752,鳥居稲荷神社,神社
中央区,日本橋兜町,-,東京都中央区日本橋兜町11-3,35.68108,139.77752,大原稲荷神社,神社
中央区,日本橋茅場町１丁目,-,東京都中央区日本橋茅場町1丁目6-16,35.68064,139.77984,日枝神社日本橋摂社,神社
中央区,日本橋茅場町１丁目,-,東京都中央区日本橋茅場町1-6-16,35.68064,139.77984,明徳稲荷神社,神社
中央区,新川１丁目,-,東京都中央区新川1-8-17,35.67692,139.78398,新川大神宮,神社
中央区,新川１丁目,-,東京都中央区新川1-31-4,35.67692,139.78398,海渡稲荷神社,神社
中央区,八丁堀３丁目,-,東京都中央区八丁堀3-24-11,35.67561,139.77495,今村幸稲荷神社,神社
中央区,八丁堀３丁目,-,東京都中央区八丁堀3-6-6,35.67561,139.77495,天祖神社,神社
中央区,新川２丁目,-,東京都中央区新川2-15-14,35.67471,139.78219,金刀比羅神社,神社
中央区,湊１丁目,-,東京都中央区湊1-6-7,35.67277,139.77983,鉄砲洲稲荷神社,神社
中央区,銀座３丁目,-,東京都中央区銀座3-8-10,35.67197,139.76713,朝日稲荷神社,神社
中央区,銀座７丁目,-,東京都中央区銀座7-8-14,35.6686,139.7632,豊岩稲荷神社,神社
中央区,佃１丁目,-,東京都中央区佃1丁目1-14,35.6685,139.78311,住吉神社,神社
中央区,築地６丁目,-,東京都中央区築地6-20-37,35.66409,139.77296,波除稲荷神社,神社
千代田区,外神田５丁目,-,東京都千代田区外神田5丁目5-3,35.70416,139.77248,天理教 分教会 東神長,教会
千代田区,外神田３丁目,-,東京都千代田区外神田3-5-11,35.7013,139.77038,神田キリスト教会,教会
千代田区,外神田３丁目,-,東京都千代田区外神田3-4-10,35.7013,139.77038,真理舎,教会
千代田区,三崎町１丁目,#N/A,東京都千代田区神田三崎町1丁目3-9,35.70096,139.75616,日本基督教団 三崎町教会,教会
千代田区,西神田１丁目,-,東京都千代田区西神田1丁目1-12,35.69934,139.75709,カトリック東京大司教区 神田教会,教会
千代田区,神田駿河台４丁目,-,東京都千代田区神田駿河台4-1-3,35.69846,139.76576,東京復活大聖堂 (ニコライ堂),教会
千代田区,神田駿河台４丁目,-,東京都千代田区神田駿河台4丁目1-3,35.69846,139.76576,日本ハリストス正教会教団,教会
千代田区,富士見１丁目,-,東京都千代田区富士見1丁目2-32,35.6979,139.74688,日本ルーテル教団,教会
千代田区,富士見１丁目,-,東京都千代田区富士見1丁目2-32,35.6979,139.74688,東京ルーテルセンター教会,教会
千代田区,九段北１丁目,-,東京都千代田区九段北1丁目15-1,35.69656,139.75061,日本キリスト教団九段教会,教会
千代田区,九段北２丁目,-,東京都千代田区九段北2丁目4-1,35.69523,139.74639,シャルトル聖パウロ修道女会,教会
千代田区,麹町６丁目,-,東京都千代田区麹町6丁目5-1,35.6849,139.73195,カトリック麹町聖イグナチオ教会,教会
千代田区,紀尾井町,赤坂,東京都千代田区紀尾井町7-1,35.68134,139.73503,S.J.ハウス・イエズス会修道院,教会
千代田区,外神田２丁目,-,東京都千代田区外神田2-16-2,35.70068,139.76867,神田神社(神田明神),寺院
千代田区,外神田５丁目,-,東京都千代田区外神田5-4-7,35.70416,139.77248,稲荷神社,神社
千代田区,外神田１丁目,-,東京都千代田区外神田1-6-1 外神田ビル,35.69841,139.77086,秋葉原神社,神社
千代田区,富士見２丁目,-,東京都千代田区富士見2-4-1,35.69807,139.74301,東京大神宮,神社
千代田区,神田駿河台１丁目,-,東京都千代田区神田駿河台1-2-3,35.69801,139.76245,太田姫稲荷神社,神社
千代田区,九段北１丁目,-,東京都千代田区九段北1-14-21,35.69656,139.75061,築土神社,神社
千代田区,九段北３丁目,-,東京都千代田区九段北3-1-1,35.69433,139.74264,靖国神社,神社
千代田区,内神田３丁目,-,東京都千代田区内神田3-10-1,35.69101,139.76966,佐竹稲荷神社,神社
千代田区,内神田１丁目,-,東京都千代田区内神田1-6-8,35.69076,139.76579,御宿稲荷神社,神社
千代田区,平河町１丁目,-,東京都千代田区平河町1-7-5,35.68264,139.74001,平河天満宮,神社
千代田区,永田町２丁目,赤坂,東京都千代田区永田町2-10-5,35.67523,139.74106,日枝神社,神社
千代田区,神田駿河台２丁目,-,東京都千代田区神田駿河台2-1 お茶の水クリスチャンセンタービル404号,35.6992816,139.7627191,東京プレヤーセンター,教会
千代田区,神田須田町２丁目,-,東京都千代田区神田須田町2-25,35.6966714,139.7746916,柳森神社,神社
千代田区,三崎町２丁目,#N/A,東京都千代田区三崎町2-9-12,35.701699,139.7543371,三崎稲荷神社,神社
千代田区,永田町２丁目,赤坂,東京都千代田区永田町2-10,35.6746528,139.7399753,山王稲荷神社,神社
千代田区,神田司町２丁目,#N/A,東京都千代田区神田司町2-6,35.6937645,139.767883,真徳稲荷神社,神社
新宿区,四谷１丁目,-,東京都新宿区四谷1-14,35.6853727,139.7287997,四谷新生教会,教会
新宿区,市谷砂土原町１丁目,-,東京都新宿区市谷砂土原町1-1 保健会館別館 1F,35.6937807,139.7359822,日本福音ルーテル市ヶ谷教会,教会
新宿区,払方町,-,東京都新宿区払方町24,35.6969276,139.7357365,牛込払方町教会,教会
新宿区,喜久井町,-,東京都新宿区喜久井町20,35.7031397,139.7222392,金光教 早稲田教会,教会
新宿区,西落合４丁目,-,東京都新宿区西落合4-15-21,35.72758,139.67887,日本ホーリネス教団西落合キリスト教会,教会
新宿区,西落合４丁目,-,東京都新宿区西落合4丁目15-18,35.72758,139.67887,天理教多摩崎分教会,教会
新宿区,西落合２丁目,-,東京都新宿区西落合2丁目23-17,35.72112,139.67671,天理教南本所分教会,教会
新宿区,下落合３丁目,-,東京都新宿区下落合3-19-4,35.72109,139.70187,日本聖公会東京教区 目白聖公会,教会
新宿区,下落合３丁目,-,東京都新宿区下落合3丁目14-25,35.72109,139.70187,日本基督教団 目白教会,教会
新宿区,西落合１丁目,-,東京都新宿区西落合1-9-1,35.72076,139.68218,天理教本理世大教会,教会
新宿区,中落合４丁目,-,東京都新宿区中落合4-32-5,35.71891,139.68341,天理教 分教会 創祥,教会
新宿区,下落合２丁目,-,東京都新宿区下落合2丁目15-11,35.71817,139.70242,日本バプテストキリスト教目白ヶ丘教会,教会
新宿区,下落合２丁目,-,東京都新宿区下落合2-13-3,35.71817,139.70242,東京シティチャーチ,教会
新宿区,下落合１丁目,-,東京都新宿区下落合1-3-3,35.71571,139.69962,国際福音キリスト教会中央チャペル,教会
新宿区,上落合２丁目,-,東京都新宿区上落合2丁目13-23,35.71336,139.68799,天理教 分教会 陽東,教会
新宿区,高田馬場４丁目,-,東京都新宿区高田馬場4-29-30,35.71116,139.69963,日之教教団本部,教会
新宿区,西早稲田２丁目,-,東京都新宿区西早稲田2丁目3-18,35.70882,139.71297,在日韓国人問題研究所,教会
新宿区,西早稲田２丁目,-,東京都新宿区西早稲田2丁目3-18,35.70882,139.71297,日本基督教団,教会
新宿区,西早稲田２丁目,-,東京都新宿区西早稲田2丁目3-18,35.70882,139.71297,宗教法人日本バプテスト同盟,教会
新宿区,西早稲田２丁目,-,東京都新宿区西早稲田2丁目3-18,35.70882,139.71297,日本バプテスト同盟・東京平和教会,教会
新宿区,西早稲田２丁目,-,東京都新宿区西早稲田2丁目3-1,35.70882,139.71297,日本基督教団 早稲田教会,教会
新宿区,北新宿４丁目,-,東京都新宿区北新宿4丁目29-6,35.70658,139.69125,天理教 分教会 日江,教会
新宿区,北新宿４丁目,-,東京都新宿区北新宿4-20-12,35.70658,139.69125,天理教 分教会 本常一,教会
新宿区,北新宿３丁目,-,東京都新宿区北新宿3丁目5-19,35.70377,139.69087,大久保キリスト教会,教会
新宿区,北新宿３丁目,-,東京都新宿区北新宿3丁目1-18,35.70377,139.69087,日本キリスト教会柏木教会,教会
新宿区,大久保２丁目,-,東京都新宿区大久保2-29-7,35.70277,139.70569,天理教 分教会 錦開,教会
新宿区,若松町,-,東京都新宿区若松町8-3,35.70012,139.71741,日本基督教団 東京信愛教会,教会
新宿区,百人町１丁目,-,東京都新宿区百人町1-17-8,35.69988,139.69924,淀橋教会,教会
新宿区,新宿７丁目,-,東京都新宿区新宿7丁目26-22,35.69952,139.71077,大久保バプテスト教会,教会
新宿区,新宿７丁目,-,東京都新宿区新宿7丁目2-13,35.69952,139.71077,東京バハイセンター,教会
新宿区,大久保１丁目,-,東京都新宿区大久保1-14-14,35.69948,139.70493,日本福音ルーテル東京教会,教会
新宿区,大久保１丁目,-,東京都新宿区大久保1丁目14-14,35.69948,139.70493,日本福音ルーテル教会婦人会連盟,教会
新宿区,北新宿１丁目,-,東京都新宿区北新宿1-24-12,35.69945,139.69385,日本ホーリネス教団 東京中央教会,教会
新宿区,歌舞伎町２丁目,-,東京都新宿区歌舞伎町2丁目2-19,35.69642,139.70363,純福音東京教会,教会
新宿区,歌舞伎町２丁目,-,東京都新宿区歌舞伎町2-19-11,35.69642,139.70363,日本基督教団 新宿西教会,教会
新宿区,新宿６丁目,-,東京都新宿区新宿6-27-16,35.69536,139.70973,金光教 新宿教会,教会
新宿区,西新宿５丁目,-,東京都新宿区西新宿5丁目13-16,35.69283,139.68551,立正浄法会,教会
新宿区,西新宿５丁目,-,東京都新宿区西新宿5丁目18-4,35.69283,139.68551,天理教 分教会 東日之宮,教会
新宿区,四谷４丁目,-,東京都新宿区四谷4丁目21-10,35.68858,139.71638,金光教 四谷教会,教会
新宿区,四谷４丁目,-,東京都新宿区四谷4丁目18-7,35.68858,139.71638,日の御教東京教会,教会
新宿区,神楽坂５丁目,-,東京都新宿区神楽坂5-36,35.7014537,139.7392967,毘沙門天 善国寺,寺院
新宿区,左門町,-,東京都新宿区左門町18,35.684472,139.721299,陽運寺,寺院
新宿区,早稲田町,-,東京都新宿区早稲田町77,35.7056,139.7244198,龍善寺・真宗大谷派,寺院
新宿区,若葉２丁目,-,東京都新宿区若葉2-9,35.6854582,139.7240108,西念寺,寺院
新宿区,原町１丁目,-,東京都新宿区原町1丁目14,35.6992755,139.7252563,経王寺,寺院
新宿区,神楽坂６丁目,-,東京都新宿区神楽坂6丁目2,35.7025964,139.7380793,安養寺,寺院
新宿区,喜久井町,-,東京都新宿区喜久井町39,35.7036117,139.7210977,感通寺,寺院
新宿区,四谷４丁目,-,東京都新宿区四谷4-34,35.6894241,139.7160301,東長寺,寺院
新宿区,原町２丁目,-,東京都新宿区原町2-34,35.6988384,139.7245526,蓮紹山 瑞光寺,寺院
新宿区,四谷４丁目,-,東京都新宿区四谷4丁目4,35.6867109,139.7178732,笹寺,寺院
新宿区,喜久井町,-,東京都新宿区喜久井町46,35.7047466,139.7202275,来迎寺,寺院
新宿区,舟町,-,東京都新宿区舟町13,35.6899129,139.7208184,西迎寺,寺院
新宿区,原町３丁目,-,東京都新宿区原町3-27,35.7004815,139.7220069,積徳寺,寺院
新宿区,市谷薬王寺町,-,東京都新宿区市谷薬王寺町27,35.6971001,139.7245027,浄栄寺,寺院
新宿区,榎町,-,東京都新宿区榎町77,35.706023,139.727857,済松寺,寺院
新宿区,原町３丁目,-,東京都新宿区原町3-26,35.7002938,139.7223647,専行寺・浄土真宗・大谷派,寺院
新宿区,原町２丁目,-,東京都新宿区原町2丁目30,35.6991282,139.7249415,常楽寺,寺院
新宿区,原町２丁目,-,東京都新宿区原町2丁目63,35.7025161,139.7218822,常泉寺,寺院
新宿区,原町２丁目,-,東京都新宿区原町2-20,35.7007567,139.7240307,幸国寺,寺院
新宿区,原町３丁目,-,東京都新宿区原町3-82,35.7004656,139.7233443,法身寺,寺院
新宿区,弁天町,-,東京都新宿区弁天町1,35.7050533,139.7252678,宗参寺,寺院
新宿区,原町２丁目,-,東京都新宿区原町2丁目62,35.7022819,139.7216784,宗教法人大龍寺,寺院
新宿区,原町１丁目,-,東京都新宿区原町1-30,35.7011193,139.7258265,緑雲寺,寺院
新宿区,原町２丁目,-,東京都新宿区原町2丁目59,35.7019736,139.7222072,専念寺,寺院
新宿区,改代町,-,東京都新宿区改代町11,35.7071667,139.7333674,田中寺,寺院
新宿区,原町２丁目,-,東京都新宿区原町2丁目57,35.7013138,139.723345,常立寺,寺院
新宿区,愛住町,-,東京都新宿区愛住町10,35.6899738,139.7195415,正応寺,寺院
新宿区,市谷薬王寺町,-,東京都新宿区市谷薬王寺町25,35.6970605,139.7241105,長厳寺,寺院
新宿区,喜久井町,-,東京都新宿区喜久井町61,35.7048802,139.7203387,誓閑寺,寺院
新宿区,下落合４丁目,-,東京都新宿区下落合4丁目8-2,35.71946,139.69654,薬王院,寺院
新宿区,上落合３丁目,-,東京都新宿区上落合3丁目4-12,35.71248,139.68351,最勝寺,寺院
新宿区,高田馬場１丁目,-,東京都新宿区高田馬場1丁目12-10,35.7111,139.70641,宗教法人玄國寺,寺院
新宿区,西早稲田１丁目,-,東京都新宿区西早稲田1丁目1-2,35.7097,139.71893,寶泉寺,寺院
新宿区,西早稲田２丁目,-,東京都新宿区西早稲田2丁目1-14,35.70882,139.71297,放生寺,寺院
新宿区,戸山１丁目,-,東京都新宿区戸山1丁目15-2,35.70374,139.71801,清源寺,寺院
新宿区,若松町,-,東京都新宿区若松町38-1,35.70012,139.71741,宝祥寺,寺院
新宿区,市谷山伏町,-,東京都新宿区市谷山伏町1-7,35.70012,139.72821,常敬寺,寺院
新宿区,百人町１丁目,-,東京都新宿区百人町1-5-2,35.69988,139.69924,長光寺,寺院
新宿区,新宿７丁目,-,東京都新宿区新宿7-11-2,35.69952,139.71077,永福寺,寺院
新宿区,大久保１丁目,-,東京都新宿区大久保1-16-15,35.69948,139.70493,全龍寺,寺院
新宿区,河田町,-,東京都新宿区河田町2-5,35.69659,139.72052,月桂寺,寺院
新宿区,新宿６丁目,-,東京都新宿区新宿6-20-16,35.69536,139.70973,法善寺,寺院
新宿区,新宿６丁目,-,東京都新宿区新宿6-20-9,35.69536,139.70973,専福寺,寺院
新宿区,西新宿７丁目,-,東京都新宿区西新宿7-12-5,35.69534,139.69697,常圓寺,寺院
新宿区,富久町,-,東京都新宿区富久町4-5,35.69353,139.71504,自證院,寺院
新宿区,新宿５丁目,-,東京都新宿区新宿5丁目17-3,35.69305,139.70812,大酉祭,寺院
新宿区,西新宿５丁目,-,東京都新宿区西新宿5丁目12-5,35.69283,139.68551,久遠寺,寺院
新宿区,新宿２丁目,-,東京都新宿区新宿2-9-2,35.69012,139.70832,太宗寺,寺院
新宿区,愛住町,-,東京都新宿区愛住町10-3,35.69002,139.71924,法雲寺,寺院
新宿区,須賀町,-,東京都新宿区須賀町10-2,35.68539,139.7221,宗福寺,寺院
新宿区,須賀町,-,東京都新宿区須賀町11-4,35.68539,139.7221,西応寺,寺院
新宿区,須賀町,-,東京都新宿区須賀町12-6,35.68539,139.7221,松巌寺,寺院
新宿区,若葉２丁目,-,東京都新宿区若葉2-8-3,35.68491,139.72485,愛染院,寺院
新宿区,若葉２丁目,-,東京都新宿区若葉2-7-8,35.68491,139.72485,真成院,寺院
新宿区,若葉１丁目,-,東京都新宿区若葉1-1-6,35.68409,139.72648,法蔵寺,寺院
新宿区,市谷八幡町,-,東京都新宿区市谷八幡町15,35.6927134,139.7337533,市谷亀岡八幡宮,神社
新宿区,若宮町,-,東京都新宿区若宮町18,35.6997266,139.7401047,神楽坂若宮八幡神社,神社
新宿区,榎町,-,東京都新宿区榎町56,35.7041692,139.7287797,稲荷神社,神社
新宿区,坂町,#N/A,東京都新宿区坂町22,35.6907555,139.7272033,桝箕稲荷神社,神社
新宿区,喜久井町,-,東京都新宿区喜久井町20,35.7031397,139.7222392,池立神社,神社
新宿区,大京町,-,東京都新宿区大京町6,35.6857499,139.7185037,大京神社,神社
新宿区,岩戸町,-,東京都新宿区岩戸町14-2,35.7011034,139.7370053,稲荷神社,神社
新宿区,早稲田鶴巻町,-,東京都新宿区早稲田鶴巻町530,35.706989,139.722374,天祖神社,神社
新宿区,若松町,-,東京都新宿区若松町45,35.7002611,139.717307,稲荷神社,神社
新宿区,早稲田鶴巻町,-,東京都新宿区早稲田鶴巻町568,35.70827,139.726241,元赤城神社,神社
新宿区,内藤町,-,東京都新宿区内藤町1,35.6870899,139.7152822,多武峯内藤神社,神社
新宿区,原町１丁目,-,東京都新宿区原町1-42,35.7006301,139.7258251,天祖神社,神社
新宿区,原町３丁目,-,東京都新宿区原町3-20,35.6999931,139.722633,稲荷神社,神社
新宿区,下落合２丁目,-,東京都新宿区下落合2丁目7-12,35.71817,139.70242,氷川神社,神社
新宿区,下落合２丁目,-,東京都新宿区下落合2-10-5,35.71817,139.70242,稲荷神社,神社
新宿区,西早稲田３丁目,-,東京都新宿区西早稲田3-5-43,35.71207,139.71362,水稲荷神社,神社
新宿区,西早稲田３丁目,-,東京都新宿区西早稲田3-17-36,35.71207,139.71362,天祖神社,神社
新宿区,高田馬場１丁目,-,東京都新宿区高田馬場1-12-6,35.7111,139.70641,新宿諏訪神社,神社
新宿区,西早稲田２丁目,-,東京都新宿区西早稲田2-1-11,35.70882,139.71297,穴八幡宮,神社
新宿区,西早稲田２丁目,-,東京都新宿区西早稲田2-1-11,35.70882,139.71297,穴八幡神社,神社
新宿区,天神町,-,東京都新宿区天神町75-13,35.70543,139.73066,北野神社,神社
新宿区,赤城元町,-,東京都新宿区赤城元町1-10,35.70466,139.73638,赤城神社,神社
新宿区,筑土八幡町,-,東京都新宿区筑土八幡町2-1,35.70423,139.74017,筑土八幡神社,神社
新宿区,北新宿３丁目,-,東京都新宿区北新宿3-16-18,35.70377,139.69087,鎧神社,神社
新宿区,大久保２丁目,-,東京都新宿区大久保2丁目27-18,35.70277,139.70569,夫婦木神社,神社
新宿区,百人町１丁目,-,東京都新宿区百人町1-11-16,35.69988,139.69924,皆中稲荷神社,神社
新宿区,余丁町,-,東京都新宿区余丁町8-5,35.69651,139.71555,厳島神社抜弁天,神社
新宿区,余丁町,-,東京都新宿区余丁町8-5,35.69651,139.71555,厳島神社,神社
新宿区,余丁町,-,東京都新宿区余丁町12-18,35.69651,139.71555,稲荷神社,神社
新宿区,歌舞伎町２丁目,-,東京都新宿区歌舞伎町2-17-5,35.69642,139.70363,稲荷鬼王神社,神社
新宿区,西新宿８丁目,-,東京都新宿区西新宿8丁目14-10,35.69585,139.69244,成子天神社,神社
新宿区,新宿６丁目,-,東京都新宿区新宿6-21-1,35.69536,139.70973,西向天神社,神社
新宿区,新宿５丁目,-,東京都新宿区新宿5-17-3,35.69305,139.70812,花園神社,神社
新宿区,西新宿２丁目,-,東京都新宿区西新宿2-11-2,35.68939,139.69173,熊野神社(十二社熊野神社),神社
新宿区,須賀町,-,東京都新宿区須賀町5-6,35.68539,139.7221,須賀神社,神社
渋谷区,千駄ケ谷５丁目,-,東京都渋谷区千駄ヶ谷5丁目18-11,35.68539,139.703,天理教鶉山分教会,教会
渋谷区,代々木２丁目,-,東京都渋谷区代々木2丁目26-8,35.68534,139.69835,代々木中部教会,教会
渋谷区,代々木１丁目,-,東京都渋谷区代々木1丁目45-12,35.68238,139.6999,東京に在る教会,教会
渋谷区,本町１丁目,-,東京都渋谷区本町1-30-7,35.68094,139.6829,ジャパンゴスペルワーク,教会
渋谷区,千駄ケ谷１丁目,-,東京都渋谷区千駄ヶ谷1-3-9,35.67951,139.71108,グレース宣教会東京千駄ヶ谷チャペル,教会
渋谷区,幡ケ谷２丁目,-,東京都渋谷区幡ヶ谷2-17-12,35.67795,139.67526,天理教 分教会 本義,教会
渋谷区,笹塚３丁目,-,東京都渋谷区笹塚3丁目28-2,35.67761,139.66801,天理教東右京分教会,教会
渋谷区,初台２丁目,-,東京都渋谷区初台2丁目8-5,35.67594,139.68573,天理教本明王分教会,教会
渋谷区,西原１丁目,-,東京都渋谷区西原1丁目19-3,35.67537,139.68121,日本基督教団 城西教会,教会
渋谷区,西原１丁目,-,東京都渋谷区西原1丁目3-7,35.67537,139.68121,妙道会教団,教会
渋谷区,幡ケ谷１丁目,-,東京都渋谷区幡ヶ谷1丁目29-6,35.67486,139.67338,幡ケ谷キリスト教会,教会
渋谷区,代々木５丁目,-,東京都渋谷区代々木5丁目16-3,35.67378,139.68965,カトリック東京大司教区 初台教会,教会
渋谷区,笹塚１丁目,-,東京都渋谷区笹塚1丁目36-1,35.67342,139.66786,天理教 分教会 本冨久,教会
渋谷区,元代々木町,-,東京都渋谷区元代々木町26-1,35.67187,139.68547,日本基督教団 代々木教会,教会
渋谷区,神宮前３丁目,-,東京都渋谷区神宮前3-42-1,35.67056,139.7106,原宿教会,教会
渋谷区,大山町,-,東京都渋谷区大山町1-19,35.66897,139.67595,東京ジャーミイ・トルコ文化センター,教会
渋谷区,富ケ谷１丁目,-,東京都渋谷区富ヶ谷1-35-9,35.66734,139.69016,日本基督教団 ベテル教会,教会
渋谷区,富ケ谷１丁目,-,東京都渋谷区富ヶ谷1-30-17,35.66734,139.69016,東京キリストの教会,教会
渋谷区,上原３丁目,-,東京都渋谷区上原3-18-3,35.66611,139.67694,日本基督教団代々木上原教会,教会
渋谷区,神宮前５丁目,-,東京都渋谷区神宮前5-7-7,35.66461,139.7062,東京ユニオンチャーチ,教会
渋谷区,神宮前５丁目,-,東京都渋谷区神宮前5-6-3,35.66461,139.7062,東京第一科学者キリスト教教会,教会
渋谷区,神山町,-,東京都渋谷区神山町16-1,35.66387,139.69152,パーフェクトリバティー教団 東京中央教会,教会
渋谷区,宇田川町,-,東京都渋谷区宇田川町19-5,35.66221,139.69737,日本基督教団 東京山手教会,教会
渋谷区,渋谷１丁目,-,東京都渋谷区渋谷1-17-17,35.66186,139.70422,美竹教会,教会
渋谷区,松涛１丁目,-,東京都渋谷区松濤1-25-6,35.66091,139.69314,渋谷日本基督会,教会
渋谷区,松涛１丁目,-,東京都渋谷区松濤1丁目1-2,35.66091,139.69314,宗教法人世界平和統一家庭連合,教会
渋谷区,渋谷２丁目,-,東京都渋谷区渋谷2-22-16,35.65961,139.7055,高校生聖書伝道協会,教会
渋谷区,渋谷２丁目,-,東京都渋谷区渋谷2-14-12,35.65961,139.7055,渋谷教会,教会
渋谷区,桜丘町,-,東京都渋谷区桜丘町28-8,35.65545,139.70067,末日聖徒イエス・キリスト教会 教会教育システムエリアオフィス,教会
渋谷区,広尾３丁目,-,東京都渋谷区広尾3丁目8-8,35.65486,139.71535,日本ユダヤ教団,教会
渋谷区,南平台町,-,東京都渋谷区南平台町9-14,35.65393,139.69617,日本キリスト教団 聖ヶ丘教会,教会
渋谷区,南平台町,-,東京都渋谷区南平台町18-13,35.65393,139.69617,カトリック東京大司教区 渋谷教会,教会
渋谷区,広尾２丁目,-,東京都渋谷区広尾2丁目1-7,35.65153,139.7154,日本聖公会東京教区 渋谷聖公会聖ミカエル教会,教会
渋谷区,広尾２丁目,-,東京都渋谷区広尾2-12-12,35.65153,139.7154,広尾教会,教会
渋谷区,鉢山町,-,東京都渋谷区鉢山町9-2,35.65135,139.6983,東京バプテスト教会,教会
渋谷区,代官山町,-,東京都渋谷区代官山町8-2,35.65062,139.70427,日本基督教団 本多記念教会,教会
渋谷区,代官山町,-,東京都渋谷区代官山町14-3,35.65062,139.70427,代官山教会,教会
渋谷区,広尾５丁目,-,東京都渋谷区広尾5-9-7,35.6499,139.71995,21世紀キリスト教会  広尾チャペル,教会
渋谷区,恵比寿西１丁目,-,東京都渋谷区恵比寿西1-19-4,35.64778,139.70558,東京国際基督教会,教会
渋谷区,恵比寿西１丁目,-,東京都渋谷区恵比寿西1丁目33-9,35.64778,139.70558,日本基督改革派東京恩寵教会,教会
渋谷区,恵比寿２丁目,-,東京都渋谷区恵比寿2丁目21-16,35.64638,139.72026,天理教 分教会 本豊,教会
渋谷区,恵比寿４丁目,-,東京都渋谷区恵比寿4丁目12-11,35.64496,139.71341,金光教麻布教会,教会
渋谷区,恵比寿南３丁目,-,東京都渋谷区恵比寿南3-11-16,35.64489,139.7059,聖徒教会,教会
渋谷区,本町２丁目,-,東京都渋谷区本町2丁目44-3,35.6838,139.68246,荘厳寺,寺院
渋谷区,代々木３丁目,-,東京都渋谷区代々木3-27-5,35.68309,139.69396,正春寺,寺院
渋谷区,代々木４丁目,-,東京都渋谷区代々木4-23-13,35.68021,139.69122,立正寺,寺院
渋谷区,千駄ケ谷１丁目,-,東京都渋谷区千駄ヶ谷1-13-11,35.67951,139.71108,聖輪寺,寺院
渋谷区,幡ケ谷２丁目,-,東京都渋谷区幡ヶ谷2-36-1,35.67795,139.67526,清岸寺,寺院
渋谷区,千駄ケ谷２丁目,-,東京都渋谷区千駄ヶ谷2丁目24-1,35.67613,139.71065,仙寿院,寺院
渋谷区,代々木神園町,-,東京都渋谷区代々木神園町1-1,35.67459,139.69765,明治神宮 神楽殿,寺院
渋谷区,神宮前３丁目,-,東京都渋谷区神宮前3丁目8-9,35.67056,139.7106,妙円寺,寺院
渋谷区,神宮前６丁目,-,東京都渋谷区神宮前6-25-12,35.66593,139.70351,長泉寺,寺院
渋谷区,渋谷３丁目,-,東京都渋谷区渋谷3丁目5-8,35.65582,139.7051,東福寺,寺院
渋谷区,東４丁目,-,東京都渋谷区東4丁目10-33,35.65563,139.71236,吸江寺,寺院
渋谷区,東２丁目,-,東京都渋谷区東2丁目6-16,35.65333,139.7096,宝泉寺,寺院
渋谷区,鴬谷町,-,東京都渋谷区鶯谷町10-15,35.65283,139.70161,乗泉寺,寺院
渋谷区,広尾２丁目,-,東京都渋谷区広尾2丁目22-15,35.65153,139.7154,真如苑東京本部,寺院
渋谷区,広尾２丁目,-,東京都渋谷区広尾2丁目5-11,35.65153,139.7154,東北寺,寺院
渋谷区,東３丁目,-,東京都渋谷区東3丁目22-12,35.65033,139.71005,清流寺・浄土真宗本願寺派,寺院
渋谷区,広尾５丁目,-,東京都渋谷区広尾5-1-21,35.6499,139.71995,香林院,寺院
渋谷区,広尾５丁目,-,東京都渋谷区広尾5丁目1-21,35.6499,139.71995,祥雲寺,寺院
渋谷区,恵比寿１丁目,-,東京都渋谷区恵比寿1-18-1,35.64719,139.71385,台雲寺,寺院
渋谷区,猿楽,#N/A,東京都渋谷区猿楽29-9,35.6481745,139.7000287,猿楽神社,神社
渋谷区,代々木２丁目,-,東京都渋谷区代々木2-26-5 バロール代々木 510,35.68534,139.69835,金吾龍神社,神社
渋谷区,代々木３丁目,-,東京都渋谷区代々木3-8-10,35.68309,139.69396,平田神社,神社
渋谷区,千駄ケ谷１丁目,-,東京都渋谷区千駄ケ谷1-1-24,35.67951,139.71108,鳩森八幡神社,神社
渋谷区,代々木神園町,-,東京都渋谷区代々木神園町1-1,35.67459,139.69765,明治神宮,神社
渋谷区,代々木５丁目,-,東京都渋谷区代々木5-1-1,35.67378,139.68965,代々木八幡宮,神社
渋谷区,神宮前１丁目,-,東京都渋谷区神宮前1-5-3,35.67194,139.70541,東郷神社,神社
渋谷区,神宮前５丁目,-,東京都渋谷区神宮前5丁目26-6,35.66461,139.7062,穏田神社,神社
渋谷区,渋谷１丁目,-,東京都渋谷区渋谷1-12-16,35.66186,139.70422,宮益御嶽神社,神社
渋谷区,渋谷３丁目,-,東京都渋谷区渋谷3-5-12,35.65582,139.7051,金王八幡宮,神社
渋谷区,渋谷３丁目,-,東京都渋谷区渋谷3丁目4-7,35.65582,139.7051,豊栄稲荷神社,神社
渋谷区,東２丁目,-,東京都渋谷区東2-5-6,35.65333,139.7096,渋谷氷川神社,神社
渋谷区,東３丁目,-,東京都渋谷区東3-14-20,35.65033,139.71005,稲荷神社,神社
渋谷区,恵比寿西１丁目,-,東京都渋谷区恵比寿西1-11-1,35.64778,139.70558,恵比寿神社,神社
港区,元麻布３丁目,-,東京都港区元麻布3-12-10,35.656194,139.7315136,麻布セント・メアリー教会,教会
港区,赤坂８丁目,赤坂,東京都港区赤坂8丁目12-42,35.6709,139.72817,聖パウロ女子修道会,教会
港区,赤坂６丁目,赤坂,東京都港区赤坂6-9-6,35.66938,139.73541,赤坂教会,教会
港区,虎ノ門１丁目,虎ノ門,東京都港区虎ノ門1-16-4 アーバン虎ノ門ビル 3F,35.66847,139.74962,日本基督教団 芝教会,教会
港区,赤坂１丁目,虎ノ門,東京都港区赤坂1-14-3,35.66842,139.74208,霊南坂教会,教会
港区,赤坂１丁目,虎ノ門,東京都港区赤坂1-14-9,35.66842,139.74208,神霊教 本部,教会
港区,南青山３丁目,-,東京都港区南青山3-14-23,35.66646,139.71537,南青山ル・アンジェ教会,教会
港区,六本木４丁目,六本木,東京都港区六本木4-2-37,35.66506,139.7339,カトリック東京大司教区 フランシスカンチャペルセンター,教会
港区,六本木４丁目,六本木,東京都港区六本木4丁目2-39,35.66506,139.7339,聖ヨゼフ修道院,教会
港区,新橋４丁目,虎ノ門広域,東京都港区新橋4-24-9,35.66437,139.75601,金光教 芝教会,教会
港区,麻布台１丁目,虎ノ門,東京都港区麻布台1-11-4,35.66134,139.7403,霊友会 福祉センター,教会
港区,六本木５丁目,六本木,東京都港区六本木5-6-15,35.6603,139.73482,日本基督教団 鳥居坂教会,教会
港区,六本木６丁目,六本木,東京都港区六本木6-16-44,35.6603,139.73028,六本木ルーテル教会,教会
港区,芝公園３丁目,虎ノ門,東京都港区芝公園3-6-18,35.66004,139.74715,聖アンデレ教会,教会
港区,西麻布４丁目,-,東京都港区西麻布4丁目11-14,35.65776,139.72116,麻布霞町教会,教会
港区,西麻布４丁目,-,東京都港区西麻布4-9-2,35.65776,139.72116,神道大教,教会
港区,西麻布３丁目,-,東京都港区西麻布3丁目21-6,35.65771,139.72555,カトリック東京大司教区 麻布教会,教会
港区,東麻布２丁目,-,東京都港区東麻布2丁目13-6,35.65682,139.74086,カトリック・グアダルペ宣教会日本管区本部,教会
港区,元麻布２丁目,-,東京都港区元麻布2丁目14-16,35.65376,139.72899,日本基督教団 安藤記念教会,教会
港区,南麻布５丁目,-,東京都港区南麻布5-10-37,35.65338,139.72461,天理教 分教会 南東,教会
港区,芝３丁目,-,東京都港区芝3-20-2,35.6524,139.74728,金光教 御田教会,教会
港区,南麻布３丁目,-,東京都港区南麻布3-14-12,35.64931,139.7305,天理教 分教会 新橋,教会
港区,南麻布４丁目,-,東京都港区南麻布4丁目5-6,35.64885,139.72572,日本基督教団 麻布南部坂教会,教会
港区,芝４丁目,-,東京都港区芝4丁目7-8,35.64835,139.75087,立正佼成会港教会,教会
港区,三田４丁目,-,東京都港区三田4丁目8-19,35.644,139.73911,キリスト友会東京月会,教会
港区,三田４丁目,-,東京都港区三田4-1-35,35.644,139.73911,西蔵院,教会
港区,高輪３丁目,-,東京都港区高輪3丁目15-15,35.63185,139.7344,日本キリスト教団高輪教会,教会
港区,高輪４丁目,-,東京都港区高輪4-7-1,35.62664,139.73454,カトリック東京大司教区 高輪教会,教会
港区,高輪４丁目,-,東京都港区高輪4-1-5,35.62664,139.73454,仏所護念会高輪教会,教会
港区,元赤坂１丁目,赤坂,東京都港区元赤坂1丁目4-7,35.6774,139.73394,豊川稲荷東京別院,寺院
港区,元赤坂１丁目,赤坂,東京都港区元赤坂1-4-7,35.6774,139.73394,豊川稲荷別院,寺院
港区,赤坂４丁目,赤坂,東京都港区赤坂4丁目3-5,35.67475,139.73358,浄土寺,寺院
港区,北青山２丁目,-,東京都港区北青山2丁目10-26,35.67205,139.71784,高徳寺,寺院
港区,北青山２丁目,-,東京都港区北青山2丁目12-8,35.67205,139.71784,持法寺,寺院
港区,赤坂７丁目,赤坂,東京都港区赤坂7丁目6-20,35.67183,139.73078,報土寺,寺院
港区,赤坂７丁目,赤坂,東京都港区赤坂7丁目6-10,35.67183,139.73078,専福寺,寺院
港区,赤坂７丁目,赤坂,東京都港区赤坂7丁目6-29,35.67183,139.73078,種徳寺,寺院
港区,南青山１丁目,-,東京都港区南青山1-26-1,35.66981,139.72523,教運寺,寺院
港区,赤坂１丁目,虎ノ門,東京都港区赤坂1-11-3,35.66842,139.74208,澄泉寺,寺院
港区,赤坂１丁目,虎ノ門,東京都港区赤坂1-11-3,35.66842,139.74208,正福寺,寺院
港区,南青山２丁目,-,東京都港区南青山2-26-38,35.66732,139.72199,浄土宗 梅窓院,寺院
港区,南青山２丁目,-,東京都港区南青山2丁目26-38,35.66732,139.72199,青山梅窓院墓苑,寺院
港区,南青山２丁目,-,東京都港区南青山2-8-25,35.66732,139.72199,龍泉寺,寺院
港区,六本木２丁目,六本木,東京都港区六本木2丁目1-20,35.66706,139.73718,永昌寺,寺院
港区,六本木４丁目,六本木,東京都港区六本木4-2-10,35.66506,139.7339,妙像寺,寺院
港区,六本木１丁目,虎ノ門,東京都港区六本木1-3-45,35.66504,139.74079,道源寺,寺院
港区,虎ノ門３丁目,虎ノ門,東京都港区虎ノ門3丁目10-10,35.66432,139.74706,栄閑院猿寺,寺院
港区,虎ノ門３丁目,虎ノ門,東京都港区虎ノ門3丁目13-6,35.66432,139.74706,天徳寺,寺院
港区,虎ノ門３丁目,虎ノ門,東京都港区虎ノ門3丁目11-7,35.66432,139.74706,栄立院,寺院
港区,虎ノ門３丁目,虎ノ門,東京都港区虎ノ門3丁目10-8,35.66432,139.74706,興昭院,寺院
港区,虎ノ門３丁目,虎ノ門,東京都港区虎ノ門3丁目11-5,35.66432,139.74706,光岳院,寺院
港区,虎ノ門３丁目,虎ノ門,東京都港区虎ノ門3丁目10-13,35.66432,139.74706,栄寿寺,寺院
港区,虎ノ門３丁目,虎ノ門,東京都港区虎ノ門3-23-10,35.66432,139.74706,光円寺,寺院
港区,六本木７丁目,六本木,東京都港区六本木7-18-5,35.66418,139.72778,出雲大社東京分祠,寺院
港区,六本木７丁目,六本木,東京都港区六本木7丁目6-13,35.66418,139.72778,法庵寺,寺院
港区,愛宕２丁目,虎ノ門,東京都港区愛宕2丁目4-7,35.66276,139.74824,青松寺,寺院
港区,西麻布２丁目,-,東京都港区西麻布2丁目21-34,35.66184,139.72037,大本山永平寺別院長谷寺,寺院
港区,西麻布２丁目,-,東京都港区西麻布2-24-23,35.66184,139.72037,大安寺,寺院
港区,西麻布２丁目,-,東京都港区西麻布2-24-22,35.66184,139.72037,慈眼院,寺院
港区,六本木６丁目,六本木,東京都港区六本木6丁目15-16,35.6603,139.73028,妙経寺,寺院
港区,芝公園３丁目,虎ノ門,東京都港区芝公園3-1-8,35.66004,139.74715,雲晴院,寺院
港区,芝公園３丁目,虎ノ門,東京都港区芝公園3丁目5-4,35.66004,139.74715,金地院,寺院
港区,芝公園３丁目,虎ノ門,東京都港区芝公園3丁目1-13,35.66004,139.74715,安蓮社 総務,寺院
港区,芝公園３丁目,虎ノ門,東京都港区芝公園3丁目5-24,35.66004,139.74715,光宝寺,寺院
港区,麻布台２丁目,-,東京都港区麻布台2-3-22,35.65879,139.74177,一乗寺,寺院
港区,芝公園１丁目,-,東京都港区芝公園1-7-15,35.65875,139.75152,花岳院,寺院
港区,芝公園１丁目,-,東京都港区芝公園1-3-16,35.65875,139.75152,天光院,寺院
港区,芝公園１丁目,-,東京都港区芝公園1丁目8-9,35.65875,139.75152,常照院,寺院
港区,芝大門１丁目,-,東京都港区芝大門1-14-3,35.65861,139.75381,東京 佛願寺,寺院
港区,芝大門１丁目,-,東京都港区芝大門1-10-16,35.65861,139.75381,源宝院,寺院
港区,元麻布３丁目,-,東京都港区元麻布3-1-37,35.65686,139.72994,専称寺,寺院
港区,東麻布１丁目,-,東京都港区東麻布1-1-5,35.65666,139.74378,心光院,寺院
港区,芝公園４丁目,-,東京都港区芝公園4-7-35,35.65645,139.74762,増上寺,寺院
港区,芝公園４丁目,-,東京都港区芝公園4丁目7-35,35.65645,139.74762,芝増上寺,寺院
港区,芝公園４丁目,-,東京都港区芝公園4丁目9-8,35.65645,139.74762,妙定院,寺院
港区,芝公園２丁目,-,東京都港区芝公園2丁目3-2,35.65515,139.75139,安養院,寺院
港区,芝公園２丁目,-,東京都港区芝公園2-11-1,35.65515,139.75139,日新窟,寺院
港区,芝公園２丁目,-,東京都港区芝公園2丁目3-5,35.65515,139.75139,浄運院,寺院
港区,芝公園２丁目,-,東京都港区芝公園2丁目2-3,35.65515,139.75139,天陽院,寺院
港区,元麻布１丁目,-,東京都港区元麻布1-6-21,35.65404,139.73266,麻布山 善福寺,寺院
港区,元麻布１丁目,-,東京都港区元麻布1-1-10,35.65404,139.73266,大法寺,寺院
港区,元麻布１丁目,-,東京都港区元麻布1丁目7-2,35.65404,139.73266,善通寺,寺院
港区,芝２丁目,-,東京都港区芝2丁目30-8,35.65124,139.75162,法泉寺,寺院
港区,南麻布３丁目,-,東京都港区南麻布3丁目10-15,35.64931,139.7305,延命院,寺院
港区,南麻布３丁目,-,東京都港区南麻布3丁目10-7,35.64931,139.7305,若松寺,寺院
港区,南麻布３丁目,-,東京都港区南麻布3丁目18-8,35.64931,139.7305,春桃院,寺院
港区,南麻布３丁目,-,東京都港区南麻布3-4-6,35.64931,139.7305,遍照寺,寺院
港区,南麻布４丁目,-,東京都港区南麻布4-2-35,35.64885,139.72572,天現寺,寺院
港区,南麻布４丁目,-,東京都港区南麻布4丁目11-25,35.64885,139.72572,光林寺,寺院
港区,南麻布２丁目,-,東京都港区南麻布2丁目9-42,35.64819,139.73514,浄専寺,寺院
港区,三田５丁目,-,東京都港区三田5丁目9-23,35.64626,139.7378,龍源寺,寺院
港区,三田４丁目,-,東京都港区三田4-11-19,35.644,139.73911,玉鳳寺,寺院
港区,三田４丁目,-,東京都港区三田4-7-29,35.644,139.73911,長松寺,寺院
港区,三田４丁目,-,東京都港区三田4丁目16-23,35.644,139.73911,済海寺,寺院
港区,三田４丁目,-,東京都港区三田4-1-38,35.644,139.73911,大松寺,寺院
港区,三田４丁目,-,東京都港区三田4-12-6,35.644,139.73911,大増寺,寺院
港区,三田４丁目,-,東京都港区三田4丁目3-24,35.644,139.73911,慈眼寺・曹洞宗,寺院
港区,三田４丁目,-,東京都港区三田4丁目12-15,35.644,139.73911,実相寺,寺院
港区,三田４丁目,-,東京都港区三田4丁目11-30,35.644,139.73911,常教寺,寺院
港区,三田４丁目,-,東京都港区三田4-11-31,35.644,139.73911,荘厳寺,寺院
港区,三田４丁目,-,東京都港区三田4丁目8-23,35.644,139.73911,薬王寺,寺院
港区,三田４丁目,-,東京都港区三田4丁目8-38,35.644,139.73911,宝徳寺,寺院
港区,三田４丁目,-,東京都港区三田4丁目7-30,35.644,139.73911,忍願寺,寺院
港区,三田４丁目,-,東京都港区三田4丁目4-14,35.644,139.73911,明福寺,寺院
港区,三田４丁目,-,東京都港区三田4丁目5-12,35.644,139.73911,仙翁寺,寺院
港区,三田４丁目,-,東京都港区三田4丁目3-20,35.644,139.73911,宗教法人林泉寺,寺院
港区,三田４丁目,-,東京都港区三田4丁目8-36,35.644,139.73911,徳玄寺,寺院
港区,三田４丁目,-,東京都港区三田4丁目1-27,35.644,139.73911,大聖院,寺院
港区,三田４丁目,-,東京都港区三田4-11-14,35.644,139.73911,南台寺,寺院
港区,三田４丁目,-,東京都港区三田4丁目11-8,35.644,139.73911,清久寺,寺院
港区,三田４丁目,-,東京都港区三田4丁目1-9,35.644,139.73911,長運寺,寺院
港区,三田３丁目,-,東京都港区三田3丁目4-7,35.64395,139.74289,蓮乗寺,寺院
港区,白金４丁目,-,東京都港区白金4丁目3-9,35.64218,139.72724,西光寺,寺院
港区,白金２丁目,-,東京都港区白金2丁目2-6,35.64141,139.73106,立行寺,寺院
港区,高輪１丁目,-,東京都港区高輪1丁目23-28,35.64034,139.735,源昌寺,寺院
港区,高輪１丁目,-,東京都港区高輪1丁目27-22,35.64034,139.735,圓眞寺,寺院
港区,高輪１丁目,-,東京都港区高輪1-27-21,35.64034,139.735,黄梅院,寺院
港区,高輪１丁目,-,東京都港区高輪1丁目5-24,35.64034,139.735,等覚寺,寺院
港区,高輪１丁目,-,東京都港区高輪1丁目23-3,35.64034,139.735,光台院,寺院
港区,高輪２丁目,-,東京都港区高輪2-11-1,35.63746,139.73687,泉岳寺,寺院
港区,高輪２丁目,-,東京都港区高輪2-8-2,35.63746,139.73687,承教寺,寺院
港区,高輪２丁目,-,東京都港区高輪2-2-26,35.63746,139.73687,保安寺,寺院
港区,高輪２丁目,-,東京都港区高輪2-14-25,35.63746,139.73687,正覚寺,寺院
港区,白金台３丁目,-,東京都港区白金台3丁目2-19,35.63615,139.72526,瑞聖寺,寺院
港区,白金台３丁目,-,東京都港区白金台3丁目17-5,35.63615,139.72526,妙圓寺,寺院
港区,高輪３丁目,-,東京都港区高輪3-15-18,35.63185,139.7344,高野山東京別院,寺院
港区,高輪３丁目,-,東京都港区高輪3丁目16-16,35.63185,139.7344,東禅寺,寺院
港区,高輪３丁目,-,東京都港区高輪3丁目14-22,35.63185,139.7344,円福寺,寺院
港区,赤坂４丁目,赤坂,東京都港区赤坂4-13-17,35.67475,139.73358,末廣稲荷神社,神社
港区,赤坂８丁目,赤坂,東京都港区赤坂8丁目11-27,35.6709,139.72817,乃木神社,神社
港区,赤坂６丁目,赤坂,東京都港区赤坂6-10-12,35.66938,139.73541,赤坂氷川神社,神社
港区,虎ノ門１丁目,虎ノ門,東京都港区虎ノ門1丁目2-7,35.66847,139.74962,金刀比羅宮,神社
港区,六本木２丁目,六本木,東京都港区六本木2-1-16,35.66706,139.73718,久国神社,神社
港区,新橋２丁目,虎ノ門広域,東京都港区新橋2-15-5,35.66691,139.75712,烏森神社,神社
港区,南青山３丁目,-,東京都港区南青山3-4-11,35.66646,139.71537,稲荷神社,神社
港区,北青山３丁目,-,東京都港区北青山3-5-26,35.66626,139.71228,秋葉神社,神社
港区,愛宕１丁目,虎ノ門,東京都港区愛宕1-5-3,35.66518,139.74896,愛宕神社,神社
港区,虎ノ門４丁目,虎ノ門,東京都港区虎ノ門4-1-3,35.66498,139.74436,葺城稲荷神社,神社
港区,六本木７丁目,六本木,東京都港区六本木7-7-7,35.66418,139.72778,天祖神社・龍土神明宮,神社
港区,南青山５丁目,-,東京都港区南青山5-1-7,35.66229,139.71336,稲荷神社,神社
港区,東新橋２丁目,虎ノ門広域,東京都港区東新橋2丁目1-1,35.66187,139.75744,日比谷神社,神社
港区,六本木６丁目,六本木,東京都港区六本木6-7-14,35.6603,139.73028,朝日神社,神社
港区,麻布台２丁目,-,東京都港区麻布台2-2-14,35.65879,139.74177,熊野神社,神社
港区,芝大門１丁目,-,東京都港区芝大門1丁目12-7,35.65861,139.75381,芝大神宮,神社
港区,西麻布３丁目,-,東京都港区西麻布3丁目2-17,35.65771,139.72555,櫻田神社,神社
港区,麻布十番１丁目,-,東京都港区麻布十番1-4-6,35.65669,139.73508,十番稲荷神社,神社
港区,芝公園４丁目,-,東京都港区芝公園4丁目8-10,35.65645,139.74762,東照宮,神社
港区,浜松町２丁目,-,東京都港区浜松町2-9-8,35.65486,139.75568,稲荷神社,神社
港区,元麻布１丁目,-,東京都港区元麻布1-4-23,35.65404,139.73266,麻布氷川神社,神社
港区,三田１丁目,-,東京都港区三田1-4-74,35.6539,139.74136,元神明宮,神社
港区,芝３丁目,-,東京都港区芝3-12-19,35.6524,139.74728,柳神社,神社
港区,三田２丁目,-,東京都港区三田2-13-9,35.64994,139.74126,三田春日神社,神社
港区,三田３丁目,-,東京都港区三田3-7-16,35.64395,139.74289,御田八幡神社,神社
港区,白金２丁目,-,東京都港区白金2丁目1-7,35.64141,139.73106,白金氷川神社,神社
港区,高輪１丁目,-,東京都港区高輪1-18-11,35.64034,139.735,稲荷神社,神社
港区,白金台１丁目,-,東京都港区白金台1-1-7,35.63832,139.72968,古地老稲荷神社,神社
港区,高輪２丁目,-,東京都港区高輪2丁目14-18,35.63746,139.73687,宗教法人高輪神社,神社
港区,高輪２丁目,-,東京都港区高輪2丁目15-10,35.63746,139.73687,稲荷神社,神社
港区,白金台２丁目,-,東京都港区白金台2-26-14,35.63366,139.72884,真先稲荷神社,神社
港区,台場１丁目,-,東京都港区台場1-7-1 アクアシティお台場7F,35.63096,139.77851,アクアシティお台場神社,神社
港区,高輪４丁目,-,東京都港区高輪4-10-23,35.62664,139.73454,高山稲荷神社,神社
江東区,亀戸５丁目,-,東京都江東区亀戸5-32-20,35.69919,139.82913,三尊教会,教会
江東区,亀戸１丁目,-,東京都江東区亀戸1丁目7-3,35.69522,139.82273,東京ゴスペルハウス,教会
江東区,大島７丁目,-,東京都江東区大島7丁目19-2,35.69225,139.84066,日本基督教団大島シオン教会,教会
江東区,住吉２丁目,-,東京都江東区住吉2丁目27-1,35.68895,139.81689,イムマヌエル綜合伝道団深川教会,教会
江東区,常盤２丁目,-,東京都江東区常盤2丁目7-5,35.68487,139.79733,天理教 分教会 千代田,教会
江東区,北砂５丁目,-,東京都江東区北砂5-14-7,35.68283,139.8332,砂町教会,教会
江東区,白河２丁目,-,東京都江東区白河2-13-12,35.68246,139.80232,日本バプテスト深川教会,教会
江東区,三好３丁目,-,東京都江東区三好3-6-5,35.68018,139.80524,天理教 分教会 常磐,教会
江東区,北砂４丁目,-,東京都江東区北砂4丁目24-6,35.67819,139.83083,金光教 砂町教会,教会
江東区,冬木,-,東京都江東区冬木16-7,35.67483,139.80141,日本聖公会東京教区 聖救主教会,教会
江東区,永代１丁目,-,東京都江東区永代1丁目7-4,35.67465,139.78968,カトリック永代教会,教会
江東区,門前仲町１丁目,-,東京都江東区門前仲町1丁目8-4,35.67326,139.79428,明光教会,教会
江東区,門前仲町１丁目,-,東京都江東区門前仲町1丁目8-6,35.67326,139.79428,天理教仲町分教会,教会
江東区,木場２丁目,-,東京都江東区木場2-17-10,35.6707,139.80417,堺福音教会東京チャペル,教会
江東区,木場６丁目,-,東京都江東区木場6-5-19,35.66686,139.80683,日本基督教団 深川教会,教会
江東区,潮見２丁目,-,東京都江東区潮見2丁目10-10,35.65821,139.8175,宗教法人カトリック中央協議会,教会
江東区,潮見２丁目,-,東京都江東区潮見2丁目10-5,35.65821,139.8175,カトリック東京大司教区 潮見教会,教会
江東区,亀戸３丁目,-,東京都江東区亀戸3丁目34-2,35.70467,139.82237,龍眼寺,寺院
江東区,亀戸３丁目,-,東京都江東区亀戸3-43-3,35.70467,139.82237,普門院,寺院
江東区,亀戸３丁目,-,東京都江東区亀戸3丁目6-1,35.70467,139.82237,亀戸天神藤まつり,寺院
江東区,亀戸３丁目,-,東京都江東区亀戸3丁目42-1,35.70467,139.82237,光明寺,寺院
江東区,亀戸４丁目,-,東京都江東区亀戸4丁目24-1,35.70287,139.82929,東覚寺,寺院
江東区,亀戸４丁目,-,東京都江東区亀戸4丁目48-3,35.70287,139.82929,常光寺,寺院
江東区,大島８丁目,-,東京都江東区大島8丁目38-32,35.68841,139.84159,宝塔寺,寺院
江東区,森下２丁目,-,東京都江東区森下2-22-9,35.68794,139.79926,長慶寺,寺院
江東区,猿江１丁目,-,東京都江東区猿江1丁目11-15,35.68572,139.81171,重願寺,寺院
江東区,扇橋２丁目,-,東京都江東区扇橋2丁目8-10,35.68364,139.81554,西岸寺,寺院
江東区,東砂１丁目,-,東京都江東区東砂1-4-6,35.68327,139.84021,上妙寺,寺院
江東区,東砂１丁目,-,東京都江東区東砂1丁目4-10,35.68327,139.84021,因速寺,寺院
江東区,白河１丁目,-,東京都江東区白河1丁目3-32,35.68232,139.79984,霊巌寺,寺院
江東区,白河１丁目,-,東京都江東区白河1-1-8,35.68232,139.79984,雄松院,寺院
江東区,北砂２丁目,-,東京都江東区北砂2-1-40,35.68127,139.82621,妙久寺,寺院
江東区,清澄３丁目,-,東京都江東区清澄3丁目4-23,35.68091,139.79795,本誓寺,寺院
江東区,清澄３丁目,-,東京都江東区清澄3丁目4-22,35.68091,139.79795,常照院,寺院
江東区,清澄３丁目,-,東京都江東区清澄3丁目4-11,35.68091,139.79795,江月院,寺院
江東区,三好３丁目,-,東京都江東区三好3-7-5,35.68018,139.80524,良信院,寺院
江東区,三好２丁目,-,東京都江東区三好2-11-14,35.68,139.80245,摂心院,寺院
江東区,三好２丁目,-,東京都江東区三好2-10-4,35.68,139.80245,潮江院,寺院
江東区,三好１丁目,-,東京都江東区三好1-6-6,35.67975,139.80009,長専院,寺院
江東区,三好１丁目,-,東京都江東区三好1丁目5-12,35.67975,139.80009,済生院,寺院
江東区,三好１丁目,-,東京都江東区三好1丁目4-14,35.67975,139.80009,松林院華厳院,寺院
江東区,三好１丁目,-,東京都江東区三好1丁目3-19,35.67975,139.80009,唱行院,寺院
江東区,平野１丁目,-,東京都江東区平野1-13-6,35.67824,139.79952,円珠院,寺院
江東区,平野１丁目,-,東京都江東区平野1-14-7,35.67824,139.79952,本立院,寺院
江東区,平野１丁目,-,東京都江東区平野1-14-10,35.67824,139.79952,宗教法人善応院,寺院
江東区,平野２丁目,-,東京都江東区平野2丁目3-4,35.67771,139.80262,宣明院,寺院
江東区,深川２丁目,-,東京都江東区深川2-16-3,35.67565,139.79793,賢臺山 法乗院 深川 ゑんま堂,寺院
江東区,深川２丁目,-,東京都江東区深川2-19-13,35.67565,139.79793,増林寺,寺院
江東区,深川２丁目,-,東京都江東区深川2丁目22-5,35.67565,139.79793,正覚寺,寺院
江東区,深川２丁目,-,東京都江東区深川2丁目16-27,35.67565,139.79793,陽岳寺,寺院
江東区,深川２丁目,-,東京都江東区深川2丁目22-11,35.67565,139.79793,慧然寺,寺院
江東区,富岡１丁目,-,東京都江東区富岡1-17-13,35.6714,139.79809,成田山 深川不動堂,寺院
江東区,富岡１丁目,-,東京都江東区富岡1丁目15-1,35.6714,139.79809,永代寺,寺院
江東区,常盤１丁目,-,東京都江東区常盤1-2,35.6837164,139.7944466,正木稲荷神社,神社
江東区,亀戸３丁目,-,東京都江東区亀戸3-6-1,35.70467,139.82237,亀戸天神社,神社
江東区,亀戸３丁目,-,東京都江東区亀戸3丁目57-22,35.70467,139.82237,亀戸香取神社,神社
江東区,亀戸３丁目,-,東京都江東区亀戸3丁目38-35,35.70467,139.82237,天祖神社,神社
江東区,亀戸３丁目,-,東京都江東区亀戸3-6-1,35.70467,139.82237,御嶽神社,神社
江東区,亀戸４丁目,-,東京都江東区亀戸4-37-13,35.70287,139.82929,石井神社,神社
江東区,亀戸４丁目,-,東京都江東区亀戸4-11-19,35.70287,139.82929,水神社,神社
江東区,亀戸９丁目,-,東京都江東区亀戸9-15-7,35.69807,139.84226,亀戸浅間神社,神社
江東区,大島７丁目,-,東京都江東区大島7丁目24-1,35.69225,139.84066,東大島神社,神社
江東区,大島３丁目,-,東京都江東区大島3-21-9,35.6916,139.82898,稲荷神社,神社
江東区,大島２丁目,-,東京都江東区大島2-15-4,35.69138,139.82303,愛宕神社,神社
江東区,大島５丁目,-,東京都江東区大島5丁目39-26,35.68788,139.83544,大島稲荷神社,神社
江東区,森下１丁目,-,東京都江東区森下1-3-17,35.68772,139.79748,深川神明宮,神社
江東区,猿江１丁目,-,東京都江東区猿江1-22-12,35.68572,139.81171,日先神社,神社
江東区,東砂２丁目,-,東京都江東区東砂2-14-5,35.68419,139.84386,稲荷神社,神社
江東区,北砂３丁目,-,東京都江東区北砂3-21-11,35.68241,139.82897,治兵衛稲荷神社,神社
江東区,清澄２丁目,-,東京都江東区清澄2丁目12-12,35.68134,139.79591,深川稲荷神社 深川七福神 布袋尊,神社
江東区,千田,-,東京都江東区千田12-8,35.68125,139.81567,宇迦八幡宮,神社
江東区,清澄３丁目,-,東京都江東区清澄3-9-14,35.68091,139.79795,三穂道別稲荷神社,神社
江東区,東砂３丁目,-,東京都江東区東砂3-17-17,35.67986,139.84482,稲荷神社,神社
江東区,佐賀２丁目,-,東京都江東区佐賀2-4-8,35.67921,139.79157,稲荷神社,神社
江東区,北砂４丁目,-,東京都江東区北砂4-25-15,35.67819,139.83083,亀高神社,神社
江東区,東砂４丁目,-,東京都江東区東砂4-2-18,35.678,139.83905,天祖神社,神社
江東区,東砂５丁目,-,東京都江東区東砂5-4-10,35.67573,139.8437,稲荷神社,神社
江東区,東砂６丁目,-,東京都江東区東砂6丁目13-4,35.67212,139.84388,天祖神社,神社
江東区,富岡１丁目,-,東京都江東区富岡1-20-3,35.6714,139.79809,富岡八幡宮,神社
江東区,牡丹１丁目,-,東京都江東区牡丹1-12-9,35.67073,139.79404,稲荷神社,神社
江東区,南砂７丁目,-,東京都江東区南砂7丁目14-18,35.66888,139.83561,富賀岡八幡宮,神社
江東区,木場６丁目,-,東京都江東区木場6丁目13-13,35.66686,139.80683,洲崎神社,神社
