指標名,幼稚園～高校,,,公立,https://www.kyoiku.metro.tokyo.lg.jp/administration/statistics_and_research/list_of_public_school/school_lists2021.html,,,,,
出典,公立：東京都教育委員会、私立：東京都生活文化局,,,私立,https://www.seikatubunka.metro.tokyo.lg.jp/shigaku/,,,,,
年次,2022/1/取得,,,国立（高等学校のみ）,https://www.minkou.jp/hischool/search/pref=tokyo/c=2/,,,,,
URL,右記参照,,,,,,,,,
備考,（2019年度：498件、2020年度：733件、2021年度：716件）,,,,,,,,,
,,,,,,,,,,
区,町丁,エリア,住所,緯度,経度,施設名,国公私,カテゴリ,電話番号,データ年次
港区,芝浦３丁目,-,東京都港区芝浦３丁目３−６,35.644059,139.747245,東京工業大学附属科学技術高等学校,国立,高等学校,03-3453-2251,2022年１月時点
千代田区,麹町２丁目,-,東京都千代田区麹町2-8,35.684971,139.739443,麹町,公立,幼稚園,03-3263-7330,2021年10月時点
千代田区,三番町,-,東京都千代田区三番町16,35.690522,139.740713,九段,公立,幼稚園,03-3263-0567,2021年10月時点
千代田区,六番町,-,東京都千代田区六番町8,35.687673,139.733549,番町,公立,幼稚園,03-3263-3725,2021年10月時点
千代田区,富士見１丁目,-,東京都千代田区富士見1-1-6,35.697343,139.748729,お茶の水,公立,幼稚園,03-3263-2355,2021年10月時点
千代田区,神田司町,-,東京都千代田区神田司町2-16,35.693129,139.767444,千代田,公立,幼稚園,03-3256-1709,2021年10月時点
千代田区,外神田３丁目,-,東京都千代田区外神田3-4-7,35.701232,139.769853,昌平,公立,幼稚園,03-3251-0768,2021年10月時点
千代田区,神田和泉町,-,東京都千代田区神田和泉町1,35.699154,139.778474,いずみこども園,公立,幼稚園,03-3866-9938,2021年10月時点
千代田区,富士見１丁目,-,東京都千代田区富士見1-10-3,35.696941,139.746213,ふじみこども園,公立,幼稚園,03-3263-1009,2021年10月時点
中央区,八重洲２丁目,日八京,東京都中央区八重洲2-2-2,35.679115,139.769082,昭和,公立,幼稚園,(休園中）,2021年10月時点
中央区,銀座５丁目,-,東京都中央区銀座5-1-13,35.672339,139.761333,泰明,公立,幼稚園,03-3571-5395,2021年10月時点
中央区,湊１丁目,-,東京都中央区湊1-4-1,35.67218,139.778773,中央,公立,幼稚園,03-3551-4498,2021年10月時点
中央区,明石町,-,東京都中央区明石町1-15,35.66871,139.776447,明石,公立,幼稚園,03-3541-9522,2021年10月時点
中央区,築地２丁目,-,東京都中央区築地2-13-1,35.66793,139.771373,京橋朝海,公立,幼稚園,03-3541-6280,2021年10月時点
中央区,新川２丁目,-,東京都中央区新川2-13-4,35.675974,139.781561,明正,公立,幼稚園,03-3551-4864,2021年10月時点
中央区,日本橋本石町４丁目,日八京,東京都中央区日本橋本石町4-4-26,35.688172,139.7702,常盤,公立,幼稚園,(休園中）,2021年10月時点
中央区,日本橋蛎殻町２丁目,-,東京都中央区日本橋蛎殻町2-10-23,35.683292,139.787969,有馬,公立,幼稚園,03-3666-7998,2021年10月時点
中央区,日本橋久松町,-,東京都中央区日本橋久松町7-2,35.689041,139.784332,久松,公立,幼稚園,03-3661-3341,2021年10月時点
中央区,月島１丁目,-,東京都中央区月島1-9-7,35.664693,139.782851,月島,公立,幼稚園,03-3531-1573,2021年10月時点
中央区,月島４丁目,-,東京都中央区月島4-15-1,35.66035,139.779757,月島第一,公立,幼稚園,03-3532-2921,2021年10月時点
中央区,勝どき１丁目,-,東京都中央区勝どき1-12-2,35.659823,139.775552,月島第二,公立,幼稚園,03-3532-2922,2021年10月時点
中央区,晴海１丁目,-,東京都中央区晴海1-4-1,35.658365,139.785687,晴海,公立,幼稚園,03-3532-2923,2021年10月時点
中央区,豊海町,-,東京都中央区豊海町3-1,35.653175,139.771318,豊海,公立,幼稚園,03-3533-0725,2021年10月時点
中央区,日本橋人形町１丁目,-,東京都中央区日本橋人形町1-1-17,35.68426,139.781383,日本橋,公立,幼稚園,03-3668-2362,2021年10月時点
港区,三田１丁目,-,東京都港区三田1-4-52,35.652996,139.742143,赤羽,公立,幼稚園,03-3452-0246,2021年10月時点
港区,芝浦４丁目,-,東京都港区芝浦4-8-18,35.638759,139.746362,芝浦,公立,幼稚園,03-3452-0574,2021年10月時点
港区,白金３丁目,-,東京都港区白金3-13-8,35.645003,139.728889,三光,公立,幼稚園,03-3444-4233,2021年10月時点
港区,港南４丁目,-,東京都港区港南4-3-27,35.62924,139.748825,港南,公立,幼稚園,03-3471-7347,2021年10月時点
港区,麻布台１丁目,虎ノ門,東京都港区麻布台1-5-15,35.661831,139.738403,麻布,公立,幼稚園,03-3583-1858,2021年10月時点
港区,元麻布３丁目,-,東京都港区元麻布3-8-15,35.657252,139.731153,南山,公立,幼稚園,03-3408-4785,2021年10月時点
港区,南麻布３丁目,-,東京都港区南麻布3-9-33,35.649869,139.72987,本村,公立,幼稚園,03-3446-3677,2021年10月時点
港区,赤坂９丁目,六本木,東京都港区赤坂9-7-8,35.667845,139.731454,中之町,公立,幼稚園,03-3405-7619,2021年10月時点
港区,南青山４丁目,-,東京都港区南青山4-18-17,35.663551,139.717061,青南,公立,幼稚園,03-3402-0758,2021年10月時点
港区,白金台３丁目,-,東京都港区白金台3-7-1,35.635589,139.726564,白金台,公立,幼稚園,03-3443-5666,2021年10月時点
港区,高輪２丁目,-,東京都港区高輪2-12-31,35.635407,139.735301,高輪,公立,幼稚園,03-3447-3356,2021年10月時点
港区,台場１丁目,-,東京都港区台場1-1-5,35.633781,139.776996,にじのはし,公立,幼稚園,03-5500-2577,2021年10月時点
新宿区,津久戸町,-,東京都新宿区津久戸町2-2,35.702676,139.741996,津久戸,公立,幼稚園,03-3266-0129,2021年10月時点
新宿区,水道町,-,東京都新宿区水道町1-28,35.707068,139.73658,江戸川,公立,幼稚園,(休園中）,2021年10月時点
新宿区,市谷山伏町,-,東京都新宿区市谷山伏町1-3,35.699767,139.728722,市谷,公立,幼稚園,03-3266-0184,2021年10月時点
新宿区,早稲田南町,-,東京都新宿区早稲田南町25,35.704625,139.723532,早稲田,公立,幼稚園,03-3205-9086,2021年10月時点
新宿区,早稲田鶴巻町,-,東京都新宿区早稲田鶴巻町140,35.708566,139.725039,鶴巻,公立,幼稚園,03-3205-9167,2021年10月時点
新宿区,市谷仲之町,-,東京都新宿区市谷仲之町4-33,35.695803,139.7236,牛込仲之,公立,幼稚園,03-3358-3880,2021年10月時点
新宿区,富久町,-,東京都新宿区富久町7-24,35.692373,139.716356,富久,公立,幼稚園,(休園中）,2021年10月時点
新宿区,若松町,-,東京都新宿区若松町13-1,35.699306,139.715621,余丁町,公立,幼稚園,03-3205-9255,2021年10月時点
新宿区,大京町,-,東京都新宿区大京町30,35.68113,139.71556,四谷第六,公立,幼稚園,03-3358-3774,2021年10月時点
新宿区,新宿１丁目,-,東京都新宿区新宿1-22-1,35.68953,139.713676,花園,公立,幼稚園,03-3353-8277,2021年10月時点
新宿区,大久保１丁目,-,東京都新宿区大久保1-1-21,35.699513,139.705503,大久保,公立,幼稚園,03-3205-9425,2021年10月時点
新宿区,百人町２丁目,-,東京都新宿区百人町2-1-38,35.704019,139.701953,戸山,公立,幼稚園,(休園中）,2021年10月時点
新宿区,西早稲田３丁目,-,東京都新宿区西早稲田3-10-12,35.711097,139.715047,戸塚第一,公立,幼稚園,(休園中）,2021年10月時点
新宿区,高田馬場１丁目,-,東京都新宿区高田馬場1-25-21,35.712606,139.705899,戸塚第二,公立,幼稚園,03-3205-9609,2021年10月時点
新宿区,高田馬場３丁目,-,東京都新宿区高田馬場3-18-21,35.71487,139.697505,戸塚第三,公立,幼稚園,(休園中）,2021年10月時点
新宿区,上落合２丁目,-,東京都新宿区上落合2-10-23,35.712762,139.688781,落合第二,公立,幼稚園,(休園中）,2021年10月時点
新宿区,西落合１丁目,-,東京都新宿区西落合1-12-20,35.720904,139.682438,落合第三,公立,幼稚園,03-3565-0914,2021年10月時点
新宿区,下落合２丁目,-,東京都新宿区下落合2-9-34,35.718333,139.700156,落合第四,公立,幼稚園,03-3565-0939,2021年10月時点
新宿区,西落合４丁目,-,東京都新宿区西落合4-11-21,35.726811,139.678366,落合第六,公立,幼稚園,(休園中）,2021年10月時点
新宿区,北新宿３丁目,-,東京都新宿区北新宿3-17-1,35.70435,139.691427,淀橋第四,公立,幼稚園,03-3227-2165,2021年10月時点
新宿区,百人町４丁目,-,東京都新宿区百人町4-7-1,35.708883,139.69572,西戸山,公立,幼稚園,03-3362-0400,2021年10月時点
江東区,古石場１丁目,-,東京都江東区古石場1-11-11,35.669204,139.794774,ちどり,公立,幼稚園,03-3642-1460,2021年10月時点
江東区,木場１丁目,-,東京都江東区木場1-2-2,35.667464,139.802643,平久,公立,幼稚園,03-3645-6260,2021年10月時点
江東区,千石２丁目,-,東京都江東区千石2-9-12,35.67965,139.817219,川南,公立,幼稚園,03-3647-2983,2021年10月時点
江東区,白河４丁目,-,東京都江東区白河4-9-17,35.682958,139.807813,元加賀,公立,幼稚園,03-3641-1778,2021年10月時点
江東区,豊洲４丁目,-,東京都江東区豊洲4-4-4,35.653819,139.797953,豊洲,公立,幼稚園,03-3531-9272,2021年10月時点
江東区,辰巳１丁目,-,東京都江東区辰巳1-11-1,35.646584,139.809981,辰巳,公立,幼稚園,03-3521-2187,2021年10月時点
江東区,亀戸２丁目,-,東京都江東区亀戸2-5-7,35.6988,139.821931,第一亀戸,公立,幼稚園,03-3685-8227,2021年10月時点
江東区,亀戸６丁目,-,東京都江東区亀戸6-36-1,35.695026,139.83002,第二亀戸,公立,幼稚園,03-3684-1894,2021年10月時点
江東区,大島７丁目,-,東京都江東区大島7-39-2-101,35.691278,139.843753,第三大島,公立,幼稚園,03-3685-5945,2021年10月時点
江東区,東砂７丁目,-,東京都江東区東砂7-5-27,35.671403,139.838626,第五砂町,公立,幼稚園,03-3644-2209,2021年10月時点
江東区,東砂４丁目,-,東京都江東区東砂4-20-1,35.678458,139.839332,東砂,公立,幼稚園,03-3644-1942,2021年10月時点
江東区,北砂５丁目,-,東京都江東区北砂5-22-10,35.681786,139.831501,小名木川,公立,幼稚園,03-3648-5244,2021年10月時点
江東区,東陽２丁目,-,東京都江東区東陽2-1-14,35.667469,139.814068,南陽,公立,幼稚園,03-3649-1077,2021年10月時点
江東区,大島５丁目,-,東京都江東区大島5-38-1,35.687191,139.835958,大島,公立,幼稚園,03-3684-3396,2021年10月時点
江東区,北砂５丁目,-,東京都江東区北砂5-20-7-102,35.683555,139.834147,なでしこ,公立,幼稚園,03-3640-7275,2021年10月時点
江東区,枝川３丁目,-,東京都江東区枝川3-4-1-101,35.659458,139.808617,枝川,公立,幼稚園,03-3615-1333,2021年10月時点
江東区,東雲２丁目,-,東京都江東区東雲2-4-1-103,35.642238,139.7981,ひばり,公立,幼稚園,03-3529-1454,2021年10月時点
江東区,大島８丁目,-,東京都江東区大島8-21-9-101,35.688923,139.839912,もみじ,公立,幼稚園,03-3637-4106,2021年10月時点
江東区,扇橋３丁目,-,東京都江東区扇橋3-20-13-101,35.684531,139.81921,つばめ,公立,幼稚園,03-3649-1841,2021年10月時点
江東区,南砂２丁目,-,東京都江東区南砂2-3-3-101,35.67317,139.823004,みどり,公立,幼稚園,03-3649-5840,2021年10月時点
品川区,南品川２丁目,-,東京都品川区南品川2-8-21,35.612812,139.74262,城南,公立,幼稚園,03-3471-7584,2021年10月時点
品川区,荏原４丁目,-,東京都品川区荏原4-5-22,35.61507,139.707675,平塚,公立,幼稚園,03-3781-8913,2021年10月時点
品川区,南大井４丁目,-,東京都品川区南大井4-3-14,35.597637,139.736177,浜川,公立,幼稚園,03-3761-6395,2021年10月時点
品川区,北品川５丁目,-,東京都品川区北品川5-3-1,35.622495,139.731753,御殿山,公立,幼稚園,03-5795-1523,2021年10月時点
品川区,西大井５丁目,-,東京都品川区西大井5-22-8,35.598241,139.716689,伊藤,公立,幼稚園,03-3775-8028,2021年10月時点
品川区,西五反田６丁目,-,東京都品川区西五反田6-5-6,35.622359,139.716741,第一日野,公立,幼稚園,03-3493-7264,2021年10月時点
品川区,東品川１丁目,-,東京都品川区東品川1-8-30,35.620869,139.743667,台場,公立,幼稚園,03-3472-8378,2021年10月時点
品川区,二葉１丁目,-,東京都品川区二葉1-3-40,35.607037,139.72556,二葉,公立,幼稚園,03-3785-9560,2021年10月時点
品川区,八潮５丁目,-,東京都品川区八潮5-6-32,35.596297,139.749755,八潮わかば,公立,幼稚園,03-3799-1542,2021年10月時点
渋谷区,東３丁目,-,東京都渋谷区東3-3-3,35.651633,139.712654,広尾,公立,幼稚園,03-3409-0714,2021年10月時点
渋谷区,本町５丁目,-,東京都渋谷区本町5-19-4,35.684271,139.674905,本町,公立,幼稚園,03-3377-1904,2021年10月時点
渋谷区,広尾１丁目,-,東京都渋谷区広尾1-9-17,35.649363,139.716734,臨川,公立,幼稚園,03-3442-6849,2021年10月時点
渋谷区,千駄ケ谷２丁目,-,東京都渋谷区千駄ヶ谷2-4-1,35.675307,139.707318,千駄谷,公立,幼稚園,03-3402-8280,2021年10月時点
渋谷区,代々木３丁目,-,東京都渋谷区代々木3-32-13,35.683064,139.692852,山谷,公立,幼稚園,03-3370-1410,2021年10月時点
千代田区,麹町２丁目,-,東京都千代田区麹町2-8,35.684971,139.739443,麹町,公立,小学校,03-3263-7337,2021年10月時点
千代田区,三番町,-,東京都千代田区三番町16,35.690522,139.740713,九段,公立,小学校,03-3263-0564,2021年10月時点
千代田区,六番町,-,東京都千代田区六番町8,35.687673,139.733549,番町,公立,小学校,03-3263-3721,2021年10月時点
千代田区,富士見１丁目,-,東京都千代田区富士見1-10-3,35.696941,139.746213,富士見,公立,小学校,03-3263-1006,2021年10月時点
千代田区,富士見１丁目,-,東京都千代田区富士見1-1-6,35.697343,139.748729,お茶の水,公立,小学校,03-3263-2178,2021年10月時点
千代田区,神田司町,-,東京都千代田区神田司町2-16,35.693129,139.767444,千代田,公立,小学校,03-3256-6768,2021年10月時点
千代田区,外神田３丁目,-,東京都千代田区外神田3-4-7,35.701232,139.769853,昌平,公立,小学校,03-3251-0448,2021年10月時点
千代田区,神田和泉町,-,東京都千代田区神田和泉町1,35.699154,139.778474,和泉,公立,小学校,03-3866-3939,2021年10月時点
中央区,日本橋兜町,-,東京都中央区日本橋兜町15-18（阪本小学校内）,35.679658,139.776805,城東,公立,小学校,03-5644-3020,2021年10月時点
中央区,銀座５丁目,-,東京都中央区銀座5-1-13,35.672339,139.761333,泰明,公立,小学校,03-3571-1765,2021年10月時点
中央区,明石町,-,東京都中央区明石町1-15,35.66871,139.776447,明石,公立,小学校,03-3541-8335,2021年10月時点
中央区,新川２丁目,-,東京都中央区新川2-13-4,35.675974,139.781561,明正,公立,小学校,03-3551-5812,2021年10月時点
中央区,日本橋本石町４丁目,日八京,東京都中央区日本橋本石町4-4-26,35.688172,139.7702,常盤,公立,小学校,03-3241-1910,2021年10月時点
中央区,日本橋蛎殻町２丁目,-,東京都中央区日本橋蛎殻町2-10-23,35.683292,139.787969,有馬,公立,小学校,03-3666-5702,2021年10月時点
中央区,日本橋久松町,-,東京都中央区日本橋久松町7-2,35.689041,139.784332,久松,公立,小学校,03-3661-6016,2021年10月時点
中央区,日本橋兜町,-,東京都中央区日本橋兜町15-18,35.679658,139.776805,阪本,公立,小学校,03-3666-0044,2021年10月時点
中央区,佃２丁目,-,東京都中央区佃2-3-1,35.668597,139.784538,佃島,公立,小学校,03-3531-7208,2021年10月時点
中央区,月島４丁目,-,東京都中央区月島4-15-1,35.66035,139.779757,月島第一,公立,小学校,03-3531-7285,2021年10月時点
中央区,勝どき１丁目,-,東京都中央区勝どき1-12-2,35.659823,139.775552,月島第二,公立,小学校,03-3531-7268,2021年10月時点
中央区,晴海１丁目,-,東京都中央区晴海1-4-1,35.658365,139.785687,月島第三,公立,小学校,03-3531-7225,2021年10月時点
中央区,豊海町,-,東京都中央区豊海町3-1,35.653175,139.771318,豊海,公立,小学校,03-3534-1251,2021年10月時点
中央区,日本橋人形町１丁目,-,東京都中央区日本橋人形町1-1-17,35.68426,139.781383,日本橋,公立,小学校,03-3668-2360,2021年10月時点
中央区,築地２丁目,-,東京都中央区築地2-13-1,35.66793,139.771373,京橋築地,公立,小学校,03-3541-0642,2021年10月時点
中央区,湊１丁目,-,東京都中央区湊1-4-1,35.67218,139.778773,中央,公立,小学校,03-3551-0565,2021年10月時点
港区,芝２丁目,-,東京都港区芝2-21-3,35.650998,139.750109,芝,公立,小学校,03-3456-3072,2021年10月時点
港区,三田１丁目,-,東京都港区三田1-4-52,35.652996,139.742143,赤羽,公立,小学校,03-3451-1988,2021年10月時点
港区,芝浦４丁目,-,東京都港区芝浦4-8-18,35.638759,139.746362,芝浦,公立,小学校,03-3451-4992,2021年10月時点
港区,高輪２丁目,-,東京都港区高輪2-8-24,35.636218,139.734755,高輪台,公立,小学校,03-5447-0616,2021年10月時点
港区,白金台１丁目,-,東京都港区白金台1-4-26,35.636905,139.729259,白金,公立,小学校,03-3441-5407,2021年10月時点
港区,港南４丁目,-,東京都港区港南4-3-28,35.62919,139.749436,港南,公立,小学校,03-3474-1501,2021年10月時点
港区,麻布台１丁目,虎ノ門,東京都港区麻布台1-5-15,35.661831,139.738403,麻布,公立,小学校,03-3583-0014,2021年10月時点
港区,元麻布３丁目,-,東京都港区元麻布3-8-15,35.657252,139.731153,南山,公立,小学校,03-3403-5773,2021年10月時点
港区,南麻布３丁目,-,東京都港区南麻布3-9-33,35.649869,139.72987,本村,公立,小学校,03-3473-1462,2021年10月時点
港区,西麻布３丁目,-,東京都港区西麻布3-11-16,35.656485,139.724907,笄,公立,小学校,03-3404-1530,2021年10月時点
港区,南麻布１丁目,-,東京都港区南麻布1-8-11,35.650562,139.735625,東町,公立,小学校,03-3451-7726,2021年10月時点
港区,南青山２丁目,-,東京都港区南青山2-21-2,35.669832,139.718954,青山,公立,小学校,03-3403-5588,2021年10月時点
港区,南青山４丁目,-,東京都港区南青山4-21-15,35.663591,139.716031,青南,公立,小学校,03-3404-8608,2021年10月時点
港区,芝公園３丁目,虎ノ門,東京都港区芝公園3-2-4,35.661301,139.749721,御成門,公立,小学校,03-3431-2766,2021年10月時点
港区,赤坂８丁目,赤坂,東京都港区赤坂8-13-29,35.669304,139.731199,赤坂,公立,小学校,03-3404-8602,2021年10月時点
港区,台場１丁目,-,東京都港区台場1-1-5,35.633781,139.776996,港陽,公立,小学校,03-5500-2572,2021年10月時点
港区,三田４丁目,-,東京都港区三田4-11-38,35.643201,139.738051,御田,公立,小学校,03-3451-3997,2021年10月時点
港区,白金４丁目,-,東京都港区白金4-1-12,35.643783,139.727044,白金の丘,公立,小学校,03-3441-5363,2021年10月時点
新宿区,津久戸町,-,東京都新宿区津久戸町2-2,35.702676,139.741996,津久戸,公立,小学校,03-3266-1601,2021年10月時点
新宿区,水道町,-,東京都新宿区水道町1-28,35.707068,139.73658,江戸川,公立,小学校,03-3266-1602,2021年10月時点
新宿区,市谷山伏町,-,東京都新宿区市谷山伏町1-3,35.699767,139.728722,市谷,公立,小学校,03-3266-1603,2021年10月時点
新宿区,北町,-,東京都新宿区北町26,35.699611,139.734347,愛日,公立,小学校,03-3266-1604,2021年10月時点
新宿区,早稲田南町,-,東京都新宿区早稲田南町25,35.704625,139.723532,早稲田,公立,小学校,03-3205-9501,2021年10月時点
新宿区,早稲田鶴巻町,-,東京都新宿区早稲田鶴巻町140,35.708566,139.725039,鶴巻,公立,小学校,03-3205-9502,2021年10月時点
新宿区,市谷仲之町,-,東京都新宿区市谷仲之町4-33,35.695803,139.7236,牛込仲之,公立,小学校,03-3358-3762,2021年10月時点
新宿区,富久町,-,東京都新宿区富久町7-24,35.692373,139.716356,富久,公立,小学校,03-3358-3763,2021年10月時点
新宿区,若松町,-,東京都新宿区若松町13-1,35.699306,139.715621,余丁町,公立,小学校,03-3205-9503,2021年10月時点
新宿区,戸山２丁目,-,東京都新宿区戸山2-34-2,35.702256,139.711253,東戸山,公立,小学校,03-3205-9504,2021年10月時点
新宿区,大京町,-,東京都新宿区大京町30,35.68113,139.71556,四谷第六,公立,小学校,03-3358-3767,2021年10月時点
新宿区,大久保１丁目,-,東京都新宿区大久保1-1-21,35.699513,139.705503,大久保,公立,小学校,03-3205-9506,2021年10月時点
新宿区,新宿６丁目,-,東京都新宿区新宿6-14-2,35.695599,139.709988,天神,公立,小学校,03-3358-3769,2021年10月時点
新宿区,百人町２丁目,-,東京都新宿区百人町2-1-38,35.704019,139.701953,戸山,公立,小学校,03-3205-9507,2021年10月時点
新宿区,西早稲田３丁目,-,東京都新宿区西早稲田3-10-12,35.711097,139.715047,戸塚第一,公立,小学校,03-3205-9508,2021年10月時点
新宿区,高田馬場１丁目,-,東京都新宿区高田馬場1-25-21,35.712606,139.705899,戸塚第二,公立,小学校,03-3205-9509,2021年10月時点
新宿区,高田馬場３丁目,-,東京都新宿区高田馬場3-18-21,35.71487,139.697505,戸塚第三,公立,小学校,03-3227-2101,2021年10月時点
新宿区,中落合２丁目,-,東京都新宿区中落合2-13-27,35.719793,139.691068,落合第一,公立,小学校,03-3565-0940,2021年10月時点
新宿区,上落合２丁目,-,東京都新宿区上落合2-10-23,35.712762,139.688781,落合第二,公立,小学校,03-3227-2102,2021年10月時点
新宿区,西落合１丁目,-,東京都新宿区西落合1-12-20,35.720904,139.682438,落合第三,公立,小学校,03-3565-0941,2021年10月時点
新宿区,下落合２丁目,-,東京都新宿区下落合2-9-34,35.718333,139.700156,落合第四,公立,小学校,03-3565-0942,2021年10月時点
新宿区,上落合３丁目,-,東京都新宿区上落合3-1-6,35.714701,139.685913,落合第五,公立,小学校,03-3227-2103,2021年10月時点
新宿区,西落合４丁目,-,東京都新宿区西落合4-11-21,35.726811,139.678366,落合第六,公立,小学校,03-3565-0943,2021年10月時点
新宿区,北新宿３丁目,-,東京都新宿区北新宿3-17-1,35.70435,139.691427,淀橋第四,公立,小学校,03-3227-2105,2021年10月時点
新宿区,百人町４丁目,-,東京都新宿区百人町4-2-1,35.707921,139.698995,西戸山,公立,小学校,03-3227-2107,2021年10月時点
新宿区,新宿１丁目,-,東京都新宿区新宿1-22-1,35.68953,139.713676,花園,公立,小学校,03-3353-8276,2021年10月時点
新宿区,北新宿２丁目,-,東京都新宿区北新宿2-11-1,35.700477,139.689179,柏木,公立,小学校,03-3227-2104,2021年10月時点
新宿区,西新宿４丁目,-,東京都新宿区西新宿4-35-5,35.686184,139.687881,西新宿,公立,小学校,03-3373-6031,2021年10月時点
新宿区,四谷２丁目,-,東京都新宿区四谷2-6,35.686599,139.724904,四谷,公立,小学校,03-5369-3776,2021年10月時点
江東区,深川２丁目,-,東京都江東区深川2-17-26,35.676028,139.798208,明治,公立,小学校,03-3641-0550,2021年10月時点
江東区,高橋,-,東京都江東区高橋14-10,35.685793,139.799431,深川,公立,小学校,03-3631-2209,2021年10月時点
江東区,新大橋３丁目,-,東京都江東区新大橋3-1-15,35.686749,139.795396,八名川,公立,小学校,03-3631-2260,2021年10月時点
江東区,門前仲町１丁目,-,東京都江東区門前仲町1-1-6,35.67243,139.793335,臨海,公立,小学校,03-3641-0403,2021年10月時点
江東区,富岡１丁目,-,東京都江東区富岡1-18-7,35.672583,139.799676,数矢,公立,小学校,03-3642-0476,2021年10月時点
江東区,木場１丁目,-,東京都江東区木場1-2-2,35.667464,139.802643,平久,公立,小学校,03-3644-0374,2021年10月時点
江東区,東陽３丁目,-,東京都江東区東陽3-27-12,35.670743,139.815591,東陽,公立,小学校,03-3644-0406,2021年10月時点
江東区,千石２丁目,-,東京都江東区千石2-9-12,35.67965,139.817219,川南,公立,小学校,03-3647-0574,2021年10月時点
江東区,石島,-,東京都江東区石島18-5,35.681149,139.8123,扇橋,公立,小学校,03-3647-0571,2021年10月時点
江東区,白河４丁目,-,東京都江東区白河4-3-19,35.682094,139.808045,元加賀,公立,小学校,03-3641-0601,2021年10月時点
江東区,毛利２丁目,-,東京都江東区毛利2-2-2,35.691545,139.8165,毛利,公立,小学校,03-3631-1647,2021年10月時点
江東区,住吉１丁目,-,東京都江東区住吉1-12-2,35.688094,139.812473,東川,公立,小学校,03-3631-5508,2021年10月時点
江東区,豊洲４丁目,-,東京都江東区豊洲4-4-4,35.653819,139.797953,豊洲,公立,小学校,03-3531-7788,2021年10月時点
江東区,枝川３丁目,-,東京都江東区枝川3-5-3,35.659208,139.81023,枝川,公立,小学校,03-3644-4941,2021年10月時点
江東区,辰巳１丁目,-,東京都江東区辰巳1-11-1,35.646584,139.809981,辰巳,公立,小学校,03-3521-1164,2021年10月時点
江東区,亀戸２丁目,-,東京都江東区亀戸2-5-7,35.6988,139.821931,第一亀戸,公立,小学校,03-3684-4300,2021年10月時点
江東区,亀戸６丁目,-,東京都江東区亀戸6-36-1,35.695026,139.83002,第二亀戸,公立,小学校,03-3684-4303,2021年10月時点
江東区,亀戸４丁目,-,東京都江東区亀戸4-26-22,35.703788,139.826138,香取,公立,小学校,03-3684-4306,2021年10月時点
江東区,亀戸５丁目,-,東京都江東区亀戸5-22-22,35.700458,139.828227,水神,公立,小学校,03-3681-1952,2021年10月時点
江東区,大島２丁目,-,東京都江東区大島2-41-4,35.689737,139.825397,第一大島,公立,小学校,03-3684-4312,2021年10月時点
江東区,大島３丁目,-,東京都江東区大島3-16-2,35.689567,139.830136,第二大島,公立,小学校,03-3684-4315,2021年10月時点
江東区,大島９丁目,-,東京都江東区大島9-5-3,35.6924,139.844959,第三大島,公立,小学校,03-3681-9204,2021年10月時点
江東区,大島６丁目,-,東京都江東区大島6-7-8,35.691206,139.834054,第四大島,公立,小学校,03-3681-9935,2021年10月時点
江東区,大島８丁目,-,東京都江東区大島8-40-13,35.688208,139.844619,第五大島,公立,小学校,03-3681-5011,2021年10月時点
江東区,北砂４丁目,-,東京都江東区北砂4-13-23,35.677746,139.829402,砂町,公立,小学校,03-3644-0703,2021年10月時点
江東区,南砂６丁目,-,東京都江東区南砂6-3-13,35.672615,139.833284,第三砂町,公立,小学校,03-3646-4471,2021年10月時点
江東区,南砂２丁目,-,東京都江東区南砂2-13-18,35.675036,139.822021,第四砂町,公立,小学校,03-3644-0348,2021年10月時点
江東区,東砂８丁目,-,東京都江東区東砂8-11-5,35.667473,139.839182,第五砂町,公立,小学校,03-3646-4474,2021年10月時点
江東区,北砂６丁目,-,東京都江東区北砂6-26-6,35.681718,139.837577,第六砂町,公立,小学校,03-3646-4462,2021年10月時点
江東区,東砂３丁目,-,東京都江東区東砂3-21-5,35.678912,139.842271,第七砂町,公立,小学校,03-3644-0543,2021年10月時点
江東区,北砂５丁目,-,東京都江東区北砂5-22-10,35.681786,139.831501,小名木川,公立,小学校,03-3644-2029,2021年10月時点
江東区,辰巳１丁目,-,東京都江東区辰巳1-1-22,35.648414,139.808265,第二辰巳,公立,小学校,03-3521-3803,2021年10月時点
江東区,東砂２丁目,-,東京都江東区東砂2-12-14,35.683786,139.843984,東砂,公立,小学校,03-3648-5818,2021年10月時点
江東区,東陽２丁目,-,東京都江東区東陽2-1-20,35.668193,139.81413,南陽,公立,小学校,03-3649-3461,2021年10月時点
江東区,北砂１丁目,-,東京都江東区北砂1-3-36,35.683168,139.823464,北砂,公立,小学校,03-3649-3463,2021年10月時点
江東区,北砂５丁目,-,東京都江東区北砂5-20-16,35.684873,139.833654,亀高,公立,小学校,03-3640-5324,2021年10月時点
江東区,東雲２丁目,-,東京都江東区東雲2-4-11,35.642408,139.798702,東雲,公立,小学校,03-3529-1451,2021年10月時点
江東区,越中島３丁目,-,東京都江東区越中島3-6-38,35.666124,139.796336,越中島,公立,小学校,03-3643-9650,2021年10月時点
江東区,亀戸９丁目,-,東京都江東区亀戸9-22-4,35.698745,139.84171,浅間竪川,公立,小学校,03-3684-4311,2021年10月時点
江東区,東砂７丁目,-,東京都江東区東砂7-17-30,35.675259,139.838996,第二砂町,公立,小学校,03-3640-5322,2021年10月時点
江東区,南砂２丁目,-,東京都江東区南砂2-3-21,35.672196,139.824549,南砂,公立,小学校,03-3645-5008,2021年10月時点
江東区,豊洲３丁目,-,東京都江東区豊洲3-6-1,35.658492,139.797823,豊洲北,公立,小学校,03-3533-9862,2021年10月時点
江東区,大島４丁目,-,東京都江東区大島4-18-5,35.686795,139.8312,大島南央,公立,小学校,03-3636-2116,2021年10月時点
江東区,有明２丁目,-,東京都江東区有明2-10-1,35.640286,139.796106,有明,公立,小学校,03-3527-5101,2021年10月時点
江東区,豊洲５丁目,-,東京都江東区豊洲5-1-35,35.651263,139.795341,豊洲西,公立,小学校,03-3534-2821,2021年10月時点
品川区,南品川２丁目,-,東京都品川区南品川2-8-21,35.612812,139.74262,城南,公立,小学校,03-3471-7919,2021年10月時点
品川区,南品川６丁目,-,東京都品川区南品川6-8-8,35.61113,139.736054,浅間台,公立,小学校,03-3474-2727,2021年10月時点
品川区,西品川３丁目,-,東京都品川区西品川3-16-28,35.615276,139.727083,三木,公立,小学校,03-3491-0404,2021年10月時点
品川区,北品川５丁目,-,東京都品川区北品川5-2-6,35.623188,139.731514,御殿山,公立,小学校,03-3441-0814,2021年10月時点
品川区,東品川３丁目,-,東京都品川区東品川3-4-5,35.615408,139.745873,城南第二,公立,小学校,03-3471-7481,2021年10月時点
品川区,西五反田６丁目,-,東京都品川区西五反田6-5-32,35.622049,139.716509,第一日野,公立,小学校,03-3492-6258,2021年10月時点
品川区,大崎３丁目,-,東京都品川区大崎3-12-22,35.61857,139.724154,芳水,公立,小学校,03-3491-1555,2021年10月時点
品川区,上大崎１丁目,-,東京都品川区上大崎1-19-19,35.632789,139.723939,第三日野,公立,小学校,03-3441-6452,2021年10月時点
品川区,西五反田４丁目,-,東京都品川区西五反田4-29-9,35.625639,139.712945,第四日野,公立,小学校,03-3491-1281,2021年10月時点
品川区,大井６丁目,-,東京都品川区大井6-1-32,35.598644,139.730919,大井第一,公立,小学校,03-3771-5240,2021年10月時点
品川区,東大井２丁目,-,東京都品川区東大井2-10-14,35.601239,139.740684,鮫浜,公立,小学校,03-3765-2844,2021年10月時点
品川区,大井３丁目,-,東京都品川区大井3-7-19,35.602861,139.729955,山中,公立,小学校,03-3772-3006,2021年10月時点
品川区,東大井４丁目,-,東京都品川区東大井4-15-9,35.604432,139.740165,立会,公立,小学校,03-3474-3424,2021年10月時点
品川区,南大井４丁目,-,東京都品川区南大井4-3-27,35.598117,139.73581,浜川,公立,小学校,03-3761-0530,2021年10月時点
品川区,西大井５丁目,-,東京都品川区西大井5-6-8,35.598691,139.717367,伊藤,公立,小学校,03-3771-5331,2021年10月時点
品川区,南大井４丁目,-,東京都品川区南大井4-16-2,35.59417,139.734796,鈴ヶ森,公立,小学校,03-3763-6631,2021年10月時点
品川区,東品川１丁目,-,東京都品川区東品川1-8-30,35.620869,139.743667,台場,公立,小学校,03-3471-3397,2021年10月時点
品川区,平塚２丁目,-,東京都品川区平塚2-19-20,35.61474,139.713534,京陽,公立,小学校,03-3781-4775,2021年10月時点
品川区,西中延２丁目,-,東京都品川区西中延2-17-5,35.608897,139.708479,延山,公立,小学校,03-3781-3806,2021年10月時点
品川区,中延１丁目,-,東京都品川区中延1-11-15,35.612411,139.708988,中延,公立,小学校,03-3781-4016,2021年10月時点
品川区,小山５丁目,-,東京都品川区小山5-10-6,35.616018,139.70329,小山,公立,小学校,03-3781-0044,2021年10月時点
品川区,戸越６丁目,-,東京都品川区戸越6-17-3,35.607167,139.716467,大原,公立,小学校,03-3781-4487,2021年10月時点
品川区,戸越４丁目,-,東京都品川区戸越4-5-10,35.611768,139.718319,宮前,公立,小学校,03-3781-4386,2021年10月時点
品川区,中延６丁目,-,東京都品川区中延6-2-18,35.603634,139.711626,源氏前,公立,小学校,03-3781-4348,2021年10月時点
品川区,旗の台１丁目,-,東京都品川区旗の台1-6-1,35.610212,139.703519,第二延山,公立,小学校,03-3781-1348,2021年10月時点
品川区,小山２丁目,-,東京都品川区小山2-4-6,35.621553,139.708569,後地,公立,小学校,03-3781-0890,2021年10月時点
品川区,豊町２丁目,-,東京都品川区豊町2-1-20,35.610814,139.720959,戸越,公立,小学校,03-3781-2856,2021年10月時点
品川区,旗の台４丁目,-,東京都品川区旗の台4-7-11,35.603162,139.703765,旗台,公立,小学校,03-3785-1687,2021年10月時点
品川区,二葉４丁目,-,東京都品川区二葉4-4-10,35.602902,139.715789,上神明,公立,小学校,03-3781-4792,2021年10月時点
品川区,旗の台１丁目,-,東京都品川区旗の台1-11-17,35.607101,139.702989,清水台,公立,小学校,03-3781-4841,2021年10月時点
品川区,小山台１丁目,-,東京都品川区小山台1-18-24,35.622874,139.703573,小山台,公立,小学校,03-3712-7587,2021年10月時点
渋谷区,広尾１丁目,-,東京都渋谷区広尾1-9-17,35.649363,139.716734,臨川,公立,小学校,03-3441-3012,2021年10月時点
渋谷区,恵比寿西１丁目,-,東京都渋谷区恵比寿西1-23-1,35.647373,139.706405,長谷戸,公立,小学校,03-3461-1203,2021年10月時点
渋谷区,東３丁目,-,東京都渋谷区東3-3-3,35.651633,139.712654,広尾,公立,小学校,03-3400-3570,2021年10月時点
渋谷区,猿楽町,-,東京都渋谷区猿楽町12-35,35.651263,139.701698,猿楽,公立,小学校,03-3461-0033,2021年10月時点
渋谷区,恵比寿４丁目,-,東京都渋谷区恵比寿4-21-10,35.644164,139.714327,加計塚,公立,小学校,03-3441-5571,2021年10月時点
渋谷区,東１丁目,-,東京都渋谷区東1-7-10,35.655694,139.710305,常磐松,公立,小学校,03-3407-3225,2021年10月時点
渋谷区,初台１丁目,-,東京都渋谷区初台1-32-12,35.679188,139.684235,幡代,公立,小学校,03-3370-2482,2021年10月時点
渋谷区,上原３丁目,-,東京都渋谷区上原3-13-20,35.666278,139.679028,上原,公立,小学校,03-3467-4273,2021年10月時点
渋谷区,笹塚２丁目,-,東京都渋谷区笹塚2-8-1,35.676247,139.669465,笹塚,公立,小学校,03-3377-2345,2021年10月時点
渋谷区,西原２丁目,-,東京都渋谷区西原2-22-1,35.673485,139.678416,西原,公立,小学校,03-3466-3351,2021年10月時点
渋谷区,上原１丁目,-,東京都渋谷区上原1-46-4,35.669002,139.687273,富谷,公立,小学校,03-3467-7892,2021年10月時点
渋谷区,幡ケ谷３丁目,-,東京都渋谷区幡ヶ谷3-49-1,35.680749,139.673314,中幡,公立,小学校,03-3376-1371,2021年10月時点
渋谷区,千駄ケ谷２丁目,-,東京都渋谷区千駄ヶ谷2-4-1,35.675307,139.707318,千駄谷,公立,小学校,03-3401-1707,2021年10月時点
渋谷区,千駄ケ谷５丁目,-,東京都渋谷区千駄ヶ谷5-9-1,35.682538,139.705882,鳩森,公立,小学校,03-3352-3780,2021年10月時点
渋谷区,神宮前４丁目,-,東京都渋谷区神宮前4-20-12,35.668001,139.707771,神宮前,公立,小学校,03-5412-0756,2021年10月時点
渋谷区,宇田川町,-,東京都渋谷区宇田川町5-1,35.663126,139.697618,神南,公立,小学校,03-3464-0659,2021年10月時点
渋谷区,本町４丁目,-,東京都渋谷区本町4-3-1,35.686031,139.681842,渋谷本町学園,公立,小学校,03-3373-3201,2021年10月時点
渋谷区,代々木３丁目,-,東京都渋谷区代々木3-47-1,35.681549,139.695156,代々木山谷,公立,小学校,03-3377-0012,2021年10月時点
千代田区,平河町２丁目,-,東京都千代田区平河町2-5-1,35.680404,139.738844,麹町,公立,中学校,03-3263-4321,2021年10月時点
千代田区,一ツ橋２丁目,-,東京都千代田区一ツ橋2-6-14,35.694133,139.756774,神田一橋,公立,中学校,03-3265-5961,2021年10月時点
千代田区,一ツ橋２丁目,-,東京都千代田区一ツ橋2-6-14,35.694133,139.756774,神田一橋（通信制）,公立,中学校（通信制）,03-3265-5961,2021年10月時点
中央区,晴海１丁目,-,東京都中央区晴海1-5-3,35.659496,139.784859,晴海,公立,中学校,03-3531-6308,2021年10月時点
中央区,東日本橋１丁目,-,東京都中央区東日本橋1-10-1,35.692298,139.786873,日本橋,公立,中学校,03-3851-4074,2021年10月時点
中央区,銀座８丁目,-,東京都中央区銀座8-19-15,35.665691,139.76506,銀座,公立,中学校,03-3545-8011,2021年10月時点
中央区,佃２丁目,-,東京都中央区佃2-3-2,35.668073,139.785087,佃,公立,中学校,03-3531-7214,2021年10月時点
港区,西新橋３丁目,虎ノ門,東京都港区西新橋3-25-30,35.661614,139.750407,御成門,公立,中学校,03-3436-3568,2021年10月時点
港区,白金４丁目,-,東京都港区白金4-1-12,35.643783,139.727044,白金の丘,公立,中学校,03-3441-5361,2021年10月時点
港区,高輪１丁目,-,東京都港区高輪1-16-25,35.640628,139.734168,高松,公立,中学校,03-3441-6239,2021年10月時点
港区,港南４丁目,-,東京都港区港南4-3-3,35.630926,139.748895,港南,公立,中学校,03-3471-0238,2021年10月時点
港区,西麻布４丁目,-,東京都港区西麻布4-14-8,35.656821,139.720349,高陵,公立,中学校,03-3409-7687,2021年10月時点
港区,南青山１丁目,-,東京都港区南青山1-18-12,35.667638,139.724863,赤坂,公立,中学校,03-3402-9306,2021年10月時点
港区,北青山１丁目,-,東京都港区北青山1-1-9,35.674278,139.722143,青山,公立,中学校,03-3404-7522,2021年10月時点
港区,台場１丁目,-,東京都港区台場1-1-5,35.633781,139.776996,港陽,公立,中学校,03-5500-2575,2021年10月時点
港区,六本木６丁目,六本木,東京都港区六本木6-8-16,35.660923,139.732143,六本木,公立,中学校,03-3404-8855,2021年10月時点
港区,三田４丁目,-,東京都港区三田4-13-13,35.645242,139.740856,三田,公立,中学校,03-5441-7348,2021年10月時点
江東区,森下４丁目,-,東京都江東区森下4-9-22,35.685234,139.805803,深川第一,公立,中学校,03-3631-3241,2021年10月時点
江東区,冬木,-,東京都江東区冬木22-10,35.676196,139.800798,深川第二,公立,中学校,03-3641-2877,2021年10月時点
江東区,越中島３丁目,-,東京都江東区越中島3-7-1,35.666608,139.796414,深川第三,公立,中学校,03-3641-5948,2021年10月時点
江東区,千石１丁目,-,東京都江東区千石1-12-12,35.678893,139.81245,深川第四,公立,中学校,03-3644-3077,2021年10月時点
江東区,豊洲４丁目,-,東京都江東区豊洲4-11-18,35.65282,139.799671,深川第五,公立,中学校,03-3531-7785,2021年10月時点
江東区,平野３丁目,-,東京都江東区平野3-6-13,35.678875,139.805639,深川第六,公立,中学校,03-3642-4868,2021年10月時点
江東区,毛利１丁目,-,東京都江東区毛利1-14-1,35.691659,139.813637,深川第七,公立,中学校,03-3631-5990,2021年10月時点
江東区,塩浜２丁目,-,東京都江東区塩浜2-21-14,35.66476,139.812093,深川第八,公立,中学校,03-3647-0581,2021年10月時点
江東区,亀戸９丁目,-,東京都江東区亀戸9-2-2,35.695754,139.841175,亀戸,公立,中学校,03-3681-0246,2021年10月時点
江東区,亀戸４丁目,-,東京都江東区亀戸4-51-1,35.702365,139.832254,第二亀戸,公立,中学校,03-3681-7906,2021年10月時点
江東区,亀戸１丁目,-,東京都江東区亀戸1-12-10,35.695037,139.821475,第三亀戸,公立,中学校,03-3684-4320,2021年10月時点
江東区,大島８丁目,-,東京都江東区大島8-12-22,35.686815,139.839956,大島,公立,中学校,03-3684-4321,2021年10月時点
江東区,大島３丁目,-,東京都江東区大島3-27-18,35.691913,139.831335,第二大島,公立,中学校,03-3685-1681,2021年10月時点
江東区,北砂６丁目,-,東京都江東区北砂6-16-28,35.68502,139.83664,砂町,公立,中学校,03-3644-3096,2021年10月時点
江東区,東砂８丁目,-,東京都江東区東砂8-10-9,35.667996,139.839966,第二砂町,公立,中学校,03-3646-4464,2021年10月時点
江東区,南砂３丁目,-,東京都江東区南砂3-10-3,35.669611,139.829416,第三砂町,公立,中学校,03-3646-4477,2021年10月時点
江東区,北砂５丁目,-,東京都江東区北砂5-20-17,35.684713,139.832534,第四砂町,公立,中学校,03-3644-0569,2021年10月時点
江東区,辰巳１丁目,-,東京都江東区辰巳1-10-57,35.647117,139.811772,辰巳,公立,中学校,03-3521-8581,2021年10月時点
江東区,南砂２丁目,-,東京都江東区南砂2-3-20,35.673664,139.82344,南砂　,公立,中学校,03-3649-2152,2021年10月時点
江東区,南砂１丁目,-,東京都江東区南砂1-2-18,35.677971,139.821421,第二南砂,公立,中学校,03-3699-1591,2021年10月時点
江東区,東陽２丁目,-,東京都江東区東陽2-1-8,35.667092,139.813842,東陽,公立,中学校,03-3645-2381,2021年10月時点
江東区,大島４丁目,-,東京都江東区大島4-1-23,35.686182,139.827527,大島西,公立,中学校,03-3636-4591,2021年10月時点
江東区,有明２丁目,-,東京都江東区有明2-10-1,35.640286,139.796106,有明,公立,中学校,03-3527-8261,2021年10月時点
品川区,東品川３丁目,-,東京都品川区東品川3-30-15,35.612465,139.74866,東海,公立,中学校,03-3471-6951,2021年10月時点
品川区,西品川３丁目,-,東京都品川区西品川3-10-6,35.615845,139.723347,大崎,公立,中学校,03-3491-6623,2021年10月時点
品川区,東大井３丁目,-,東京都品川区東大井3-18-34,35.60041,139.738588,浜川,公立,中学校,03-3761-1014,2021年10月時点
品川区,南大井２丁目,-,東京都品川区南大井2-3-14,35.593081,139.738319,鈴ヶ森,公立,中学校,03-3765-2849,2021年10月時点
品川区,西大井５丁目,-,東京都品川区西大井5-5-14,35.597931,139.715581,冨士見台,公立,中学校,03-3772-0900,2021年10月時点
品川区,荏原１丁目,-,東京都品川区荏原1-24-30,35.619652,139.712873,荏原第一,公立,中学校,03-3785-1680,2021年10月時点
品川区,旗の台５丁目,-,東京都品川区旗の台5-11-13,35.603131,139.702106,荏原第五,公立,中学校,03-3781-5643,2021年10月時点
品川区,小山５丁目,-,東京都品川区小山5-20-19,35.616335,139.699882,荏原第六,公立,中学校,03-3781-7776,2021年10月時点
品川区,戸越１丁目,-,東京都品川区戸越1-15-23,35.615534,139.717955,戸越台,公立,中学校,03-3781-6250,2021年10月時点
渋谷区,東４丁目,-,東京都渋谷区東4-13-25,35.654297,139.712332,広尾,公立,中学校,03-3400-2440,2021年10月時点
渋谷区,鴬谷町,-,東京都渋谷区鶯谷町9-1,35.653334,139.70325,鉢山,公立,中学校,03-3463-1583,2021年10月時点
渋谷区,上原３丁目,-,東京都渋谷区上原3-41-2,35.667045,139.677782,上原,公立,中学校,03-3460-0666,2021年10月時点
渋谷区,西原１丁目,-,東京都渋谷区西原1-46-1,35.674483,139.683261,代々木,公立,中学校,03-3466-0181,2021年10月時点
渋谷区,笹塚３丁目,-,東京都渋谷区笹塚3-10-1,35.677633,139.668767,笹塚,公立,中学校,03-3376-3364,2021年10月時点
渋谷区,松涛１丁目,-,東京都渋谷区松濤1-20-4,35.661279,139.690858,松濤,公立,中学校,03-3469-2451,2021年10月時点
渋谷区,本町４丁目,-,東京都渋谷区本町4-3-1,35.686031,139.681842,渋谷本町学園,公立,中学校,03-3373-3201,2021年10月時点
渋谷区,神宮前１丁目,-,東京都渋谷区神宮前1-24-6,35.672984,139.706006,原宿外苑,公立,中学校,03-3402-7526,2021年10月時点
江東区,有明１丁目,-,東京都江東区有明1-7-13,35.636864,139.78346,有明西学園,公立,義務教育学校,03-3527-6401（前期）03-3527-6403（後期）,2021年10月時点
品川区,東五反田２丁目,-,東京都品川区東五反田2-11-1,35.624539,139.72831,日野学園,公立,義務教育学校,03-3441-3209,2021年10月時点
品川区,大井５丁目,-,東京都品川区大井5-1-37,35.599873,139.726009,伊藤学園,公立,義務教育学校,03-3771-3374,2021年10月時点
品川区,八潮５丁目,-,東京都品川区八潮5-11-2,35.601337,139.752031,八潮学園,公立,義務教育学校,03-3799-1641,2021年10月時点
品川区,平塚３丁目,-,東京都品川区平塚3-16-26,35.61532,139.711018,荏原平塚学園,公立,義務教育学校,03-3782-7770,2021年10月時点
品川区,北品川３丁目,-,東京都品川区北品川3-9-30,35.617806,139.738675,品川学園,公立,義務教育学校,03-3474-2671,2021年10月時点
品川区,二葉１丁目,-,東京都品川区二葉1-3-40,35.607037,139.72556,豊葉の杜学園,公立,義務教育学校,03-3782-2930,2021年10月時点
千代田区,東神田１丁目,-,東京都千代田区東神田1-12-13,35.694549,139.781,一橋,公立,高等学校,03-3862-6061,2021年10月時点
千代田区,永田町２丁目,赤坂,東京都千代田区永田町2-16-1,35.675875,139.739646,日比谷,公立,高等学校,03-3581-0808,2021年10月時点
港区,三田１丁目,-,東京都港区三田1-4-46,35.65244,139.743528,三田,公立,高等学校,03-3453-1991,2021年10月時点
品川区,豊町２丁目,-,東京都品川区豊町2-1-7,35.609465,139.720741,大崎,公立,高等学校,03-3786-3355,2021年10月時点
品川区,東品川３丁目,-,東京都品川区東品川3-27-22,35.612016,139.747385,八潮,公立,高等学校,03-3471-7384,2021年10月時点
品川区,小山３丁目,-,東京都品川区小山3-3-32,35.621184,139.703525,小山台,公立,高等学校,03-3714-8155,2021年10月時点
港区,六本木６丁目,六本木,東京都港区六本木6-16-36,35.657963,139.730805,六本木,公立,高等学校,03-5411-7327,2021年10月時点
港区,海岸１丁目,-,東京都港区海岸1-8-25,35.656173,139.761474,芝商業,公立,高等学校,03-3431-0760,2021年10月時点
新宿区,戸山３丁目,-,東京都新宿区戸山3-19-1,35.707024,139.71024,戸山,公立,高等学校,03-3202-4301,2021年10月時点
新宿区,内藤町,-,東京都新宿区内藤町11-4,35.689251,139.705439,新宿,公立,高等学校,03-3354-7411,2021年10月時点
渋谷区,神宮前２丁目,-,東京都渋谷区神宮前2-1-8,35.672752,139.716165,青山,公立,高等学校,03-3404-7801,2021年10月時点
渋谷区,東４丁目,-,東京都渋谷区東4-14-14,35.652964,139.71292,広尾,公立,高等学校,03-3400-1761,2021年10月時点
新宿区,山吹町,-,東京都新宿区山吹町81,35.7072,139.729247,新宿山吹,公立,高等学校,03-5261-9771,2021年10月時点
渋谷区,鉢山町,-,東京都渋谷区鉢山町8-1,35.650458,139.698053,第一商業,公立,高等学校,03-3463-2606,2021年10月時点
新宿区,富久町,-,東京都新宿区富久町22-1,35.693632,139.716107,総合芸術,公立,高等学校,03-3354-5288,2021年10月時点
中央区,晴海１丁目,-,東京都中央区晴海1-2-1,35.660389,139.785855,晴海総合,公立,高等学校,03-3531-5021,2021年10月時点
江東区,東陽５丁目,-,東京都江東区東陽5-32-19,35.671103,139.815728,深川,公立,高等学校,03-3649-2101,2021年10月時点
江東区,東砂７丁目,-,東京都江東区東砂7-19-24,35.673864,139.836732,東,公立,高等学校,03-3644-7176,2021年10月時点
江東区,大島３丁目,-,東京都江東区大島3-22-1,35.692553,139.83023,城東,公立,高等学校,03-3637-3561,2021年10月時点
江東区,千石３丁目,-,東京都江東区千石3-2-11,35.679227,139.818345,大江戸,公立,高等学校,03-5606-9500,2021年10月時点
江東区,亀戸４丁目,-,東京都江東区亀戸4-50-1,35.702423,139.831646,江東商業,公立,高等学校,03-3685-1711,2021年10月時点
江東区,越中島３丁目,-,東京都江東区越中島3-3-1,35.663519,139.795806,第三商業,公立,高等学校,03-3641-0380,2021年10月時点
江東区,森下５丁目,-,東京都江東区森下5-1-7,35.685325,139.807291,墨田工業,公立,高等学校,03-3631-4928,2021年10月時点
江東区,大島１丁目,-,東京都江東区大島1-2-31,35.687109,139.821383,科学技術,公立,高等学校,03-5609-0227,2021年10月時点
千代田区,九段北２丁目,-,東京都千代田区千代田区九段北2-2-1,35.696144,139.7473,九段,公立,中等教育学校,03-3263-7190,2021年10月時点
江東区,猿江２丁目,-,東京都江東区猿江2-16-18,35.68613,139.817615,墨東特別支援学校,公立,特別支援学校,03-3634-8431,2021年10月時点
江東区,東陽４丁目,-,東京都江東区東陽4-11-45,35.673372,139.817754,江東特別支援学校,公立,特別支援学校,03-3615-2341,2021年10月時点
港区,港南３丁目,-,東京都港区港南3-9-45,35.632365,139.751071,港特別支援学校,公立,特別支援学校,03-3471-9191,2021年10月時点
品川区,南品川６丁目,-,東京都品川区南品川6-15-20,35.609554,139.73807,品川特別支援学校,公立,特別支援学校,03-5460-1160,2021年10月時点
港区,南青山２丁目,-,東京都港区南青山2-33-77,35.669089,139.722491,青山特別支援学校,公立,特別支援学校,03-3475-3922,2021年10月時点
江東区,大島６丁目,-,東京都江東区大島6-7-3,35.691705,139.834505,城東特別支援学校,公立,特別支援学校,03-3683-6230,2021年10月時点
江東区,青海２丁目,-,東京都江東区青海2-5-1,35.616483,139.780704,臨海青海特別支援学校,公立,特別支援学校,03-3529-5700,2021年10月時点
江東区,猿江２丁目,-,東京都江東区猿江2-16-18,35.68613,139.817615,墨東特別支援学校,公立,特別支援学校,03-3634-8431,2021年10月時点
新宿区,西新宿４丁目,-,東京都新宿区西新宿4-20-11,35.688308,139.686099,新宿養護学校,公立,特別支援学校,03-5351-1233,2021年10月時点
千代田区,外神田３丁目,-,東京都千代田区外神田3-4-10,35.701233,139.770393,神田寺幼稚園,私立,幼稚園,03-3251-8685,2021年5月時点
千代田区,富士見１丁目,-,東京都千代田区富士見1-2-5,35.69709,139.747893,暁星幼稚園,私立,幼稚園,03-3264-5875,2021年5月時点
千代田区,九段北２丁目,-,東京都千代田区九段北2-4-1,35.695597,139.744076,白百合学園幼稚園,私立,幼稚園,03-3234-6663,2021年5月時点
千代田区,六番町,-,東京都千代田区六番町11-1,35.686714,139.732476,雙葉小学校附属幼稚園,私立,幼稚園,03-3261-2982,2021年5月時点
港区,南麻布５丁目,-,東京都港区南麻布5-6-8,35.653466,139.726904,愛育幼稚園,私立,幼稚園,03-3473-8318,2021年5月時点
港区,元麻布１丁目,-,東京都港区元麻布1-6-21,35.653943,139.733131,麻布山幼稚園,私立,幼稚園,03-3453-6710,2021年5月時点
港区,西麻布３丁目,-,東京都港区西麻布3-21-6,35.659281,139.725213,麻布みこころ幼稚園,私立,幼稚園,03-3408-8848,2021年5月時点
港区,元麻布２丁目,-,東京都港区元麻布2-14-16,35.652429,139.730318,安藤記念教会附属幼稚園,私立,幼稚園,03-3446-5231,2021年5月時点
港区,白金４丁目,-,東京都港区白金4-7-23,35.642334,139.727599,サンタ・セシリア幼稚園,私立,幼稚園,03-3446-9884,2021年5月時点
港区,三田４丁目,-,東京都港区三田4-19-36,35.640984,139.739448,枝光会附属幼稚園,私立,幼稚園,03-3441-8147,2021年5月時点
港区,白金台５丁目,-,東京都港区白金台5-23-11,35.635588,139.717616,白金幼稚園,私立,幼稚園,03-3441-8497,2021年5月時点
港区,三田３丁目,-,東京都港区三田3-4-28,35.645828,139.743243,聖徳学園三田幼稚園,私立,幼稚園,03-5476-8819,2021年5月時点
港区,六本木５丁目,六本木,東京都港区六本木5-6-14,35.660892,139.733952,東洋英和幼稚園,私立,幼稚園,03-3401-3014,2021年5月時点
港区,南麻布４丁目,-,東京都港区南麻布4-5-6,35.651081,139.724559,南部坂幼稚園,私立,幼稚園,03-3473-1283,2021年5月時点
港区,芝２丁目,-,東京都港区芝2-25-6,35.650582,139.75143,みなと幼稚園,私立,幼稚園,03-3451-5495,2021年5月時点
港区,芝公園４丁目,-,東京都港区芝公園4-7-4,35.656977,139.746661,明徳幼稚園,私立,幼稚園,03-3431-0592,2021年5月時点
港区,赤坂１丁目,虎ノ門,東京都港区赤坂1-14-3,35.667076,139.742156,霊南坂幼稚園,私立,幼稚園,03-3582-3995,2021年5月時点
港区,西麻布４丁目,-,東京都港区西麻布4-13-25,35.657859,139.722273,若葉会幼稚園,私立,幼稚園,03-3409-0039,2021年5月時点
新宿区,原町３丁目,-,東京都新宿区原町3-87,35.69834,139.722757,牛込成城幼稚園,私立,幼稚園,03-3341-5058,2021年5月時点
新宿区,高田馬場２丁目,-,東京都新宿区高田馬場2-8-18,35.712572,139.709383,おおや幼稚園,私立,幼稚園,03-3200-7506,2021年5月時点
新宿区,中落合４丁目,-,東京都新宿区中落合4-3-1,35.720486,139.686233,下落合みどり幼稚園,私立,幼稚園,03-3953-6112,2021年5月時点
新宿区,戸山２丁目,-,東京都新宿区戸山2-7-2,35.703333,139.71344,戸山幼稚園,私立,幼稚園,03-3203-6834,2021年5月時点
新宿区,西落合４丁目,-,東京都新宿区西落合4-8-18,35.727952,139.679353,豊多摩幼稚園,私立,幼稚園,03-3951-5982,2021年5月時点
新宿区,上落合２丁目,-,東京都新宿区上落合2-25-19,35.711847,139.687176,伸びる会幼稚園,私立,幼稚園,03-3361-5020,2021年5月時点
新宿区,下落合２丁目,-,東京都新宿区下落合2-15-11,35.719234,139.703782,目白ケ丘幼稚園,私立,幼稚園,03-3951-2115,2021年5月時点
新宿区,下落合３丁目,-,東京都新宿区下落合3-14-25,35.722128,139.700581,目白平和幼稚園,私立,幼稚園,03-3954-0448,2021年5月時点
新宿区,四谷１丁目,-,東京都新宿区四谷1-14,35.686689,139.728737,四谷新生幼稚園,私立,幼稚園,03-3357-7036,2021年5月時点
江東区,大島３丁目,-,東京都江東区大島3-30-9,35.690357,139.830898,大島新生幼稚園,私立,幼稚園,03-3681-0392,2021年5月時点
江東区,亀戸４丁目,-,東京都江東区亀戸4-17-3,35.701046,139.826452,亀戸幼稚園,私立,幼稚園,03-3681-5866,2021年5月時点
江東区,東砂３丁目,-,東京都江東区東砂3-17-10,35.681097,139.843233,きよし幼稚園,私立,幼稚園,03-3644-6809,2021年5月時点
江東区,東砂２丁目,-,東京都江東区東砂2-11-3,35.68321,139.843524,江東めぐみ幼稚園,私立,幼稚園,03-3646-2666,2021年5月時点
江東区,石島,-,東京都江東区石島3-15,35.680885,139.811304,江東ＹＭＣＡ幼稚園,私立,幼稚園,03-3645-7171,2021年5月時点
江東区,森下１丁目,-,東京都江東区森下1-3-17,35.686577,139.797423,神明幼稚園,私立,幼稚園,03-3632-8793,2021年5月時点
江東区,平野１丁目,-,東京都江東区平野1-6-11,35.67849,139.799332,月かげ幼稚園,私立,幼稚園,03-3641-6370,2021年5月時点
江東区,深川２丁目,-,東京都江東区深川2-16-7,35.67595,139.79685,双葉幼稚園,私立,幼稚園,03-3641-5656,2021年5月時点
江東区,住吉２丁目,-,東京都江東区住吉2-14-6,35.690315,139.813999,まなべ幼稚園,私立,幼稚園,03-3631-6665,2021年5月時点
江東区,亀戸１丁目,-,東京都江東区亀戸1-14-12,35.693994,139.822016,まんとみ幼稚園,私立,幼稚園,03-3681-4252,2021年5月時点
江東区,白河１丁目,-,東京都江東区白河1-3-32,35.680974,139.800317,れいがん寺幼稚園,私立,幼稚園,03-3642-4228,2021年5月時点
品川区,大井５丁目,-,東京都品川区大井5-10-12,35.598344,139.730038,あけぼの幼稚園,私立,幼稚園,03-3776-5093,2021年5月時点
品川区,小山４丁目,-,東京都品川区小山4-4-13,35.618352,139.703939,アライアンス幼稚園,私立,幼稚園,03-3786-0379,2021年5月時点
品川区,南品川５丁目,-,東京都品川区南品川5-12-4,35.608555,139.740574,エトワール幼稚園,私立,幼稚園,03-3474-7321,2021年5月時点
品川区,中延５丁目,-,東京都品川区中延5-6-18,35.602977,139.708684,荏原学園旭幼稚園,私立,幼稚園,03-3781-4915,2021年5月時点
品川区,大井７丁目,-,東京都品川区大井7-1-5,35.597321,139.725223,大井うさぎ幼稚園,私立,幼稚園,03-3776-6549,2021年5月時点
品川区,大崎３丁目,-,東京都品川区大崎3-11-1,35.619356,139.723618,大崎幼稚園,私立,幼稚園,03-3491-5731,2021年5月時点
品川区,中延６丁目,-,東京都品川区中延6-1-3,35.603921,139.71022,亀田幼稚園,私立,幼稚園,03-3783-7211,2021年5月時点
品川区,北品川４丁目,-,東京都品川区北品川4-7-40,35.622526,139.737538,品川教会附属幼稚園,私立,幼稚園,03-3443-1725,2021年5月時点
品川区,西大井１丁目,-,東京都品川区西大井1-6-13,35.602172,139.726167,品川翔英幼稚園,私立,幼稚園,03-3774-1151,2021年5月時点
品川区,南大井２丁目,-,東京都品川区南大井2-4-1,35.593102,139.736781,鈴ケ森めばえ幼稚園,私立,幼稚園,03-3761-8086,2021年5月時点
品川区,西五反田６丁目,-,東京都品川区西五反田6-11-5,35.621096,139.717545,専修幼稚園,私立,幼稚園,03-3492-2300,2021年5月時点
品川区,荏原７丁目,-,東京都品川区荏原7-18-15,35.609966,139.698696,洗足うさぎ幼稚園,私立,幼稚園,03-3781-6215,2021年5月時点
品川区,旗の台６丁目,-,東京都品川区旗の台6-5-30,35.608604,139.700191,帝京にしき幼稚園,私立,幼稚園,03-3781-8522,2021年5月時点
品川区,戸越１丁目,-,東京都品川区戸越1-21-15,35.615289,139.72126,戸越幼稚園,私立,幼稚園,03-3785-4968,2021年5月時点
品川区,豊町２丁目,-,東京都品川区豊町2-16-12,35.60943,139.725348,日本音楽学校幼稚園,私立,幼稚園,03-3786-1711,2021年5月時点
品川区,小山６丁目,-,東京都品川区小山6-10-11,35.613638,139.697971,ひまわり幼稚園,私立,幼稚園,03-3781-4227,2021年5月時点
品川区,旗の台３丁目,-,東京都品川区旗の台3-2-17,35.605342,139.706395,文教大学付属幼稚園,私立,幼稚園,03-3781-2798,2021年5月時点
品川区,東品川３丁目,-,東京都品川区東品川3-24-8,35.61236,139.745769,八潮幼稚園,私立,幼稚園,03-3471-7833,2021年5月時点
渋谷区,渋谷４丁目,-,東京都渋谷区渋谷4-4-25,35.660191,139.710283,青山学院幼稚園,私立,幼稚園,03-3409-6935,2021年5月時点
渋谷区,鴬谷町,-,東京都渋谷区鶯谷町10-9,35.652153,139.70199,鶯谷さくら幼稚園,私立,幼稚園,03-3461-4492,2021年5月時点
渋谷区,上原２丁目,-,東京都渋谷区上原2-37-13,35.665414,139.679795,岸辺幼稚園,私立,幼稚園,03-3467-2388,2021年5月時点
渋谷区,笹塚２丁目,-,東京都渋谷区笹塚2-30-14,35.674136,139.66277,小鳩幼稚園,私立,幼稚園,03-3378-6600,2021年5月時点
渋谷区,笹塚１丁目,-,東京都渋谷区笹塚1-28-6,35.672916,139.666953,笹塚幼稚園,私立,幼稚園,03-3466-0378,2021年5月時点
渋谷区,元代々木町,-,東京都渋谷区元代々木町26-1,35.671166,139.686641,シオン幼稚園,私立,幼稚園,03-3466-4754,2021年5月時点
渋谷区,恵比寿２丁目,-,東京都渋谷区恵比寿2-32-18,35.645632,139.721513,渋谷同胞幼稚園,私立,幼稚園,03-3441-6592,2021年5月時点
渋谷区,渋谷１丁目,-,東京都渋谷区渋谷1-21-18,35.663688,139.703393,渋谷幼稚園,私立,幼稚園,03-3400-6363,2021年5月時点
渋谷区,西原１丁目,-,東京都渋谷区西原1-19-3,35.675571,139.678256,城西幼稚園,私立,幼稚園,03-3460-4858,2021年5月時点
渋谷区,本町６丁目,-,東京都渋谷区本町6-34-18,35.680694,139.678225,帝京めぐみ幼稚園,私立,幼稚園,03-3378-0520,2021年5月時点
渋谷区,神宮前１丁目,-,東京都渋谷区神宮前1-5-3,35.67201,139.705617,東郷幼稚園,私立,幼稚園,03-3402-9291,2021年5月時点
渋谷区,千駄ケ谷１丁目,-,東京都渋谷区千駄ケ谷1-1-24,35.677598,139.709415,鳩の森八幡幼稚園,私立,幼稚園,03-3401-4080,2021年5月時点
渋谷区,神宮前３丁目,-,東京都渋谷区神宮前3-42-1,35.670849,139.713931,原宿幼稚園,私立,幼稚園,03-3401-2461,2021年5月時点
渋谷区,西原１丁目,-,東京都渋谷区西原1-14-17,35.675557,139.679753,福田幼稚園,私立,幼稚園,03-3466-5575,2021年5月時点
渋谷区,神山町,-,東京都渋谷区神山町21-11,35.662144,139.688794,松村幼稚園,私立,幼稚園,03-3467-5577,2021年5月時点
渋谷区,渋谷４丁目,-,東京都渋谷区渋谷４－４－２５　,35.660191,139.710283,青山学院初等部,私立,小学校,03-3409-8111,2021年4月時点
新宿区,若葉１丁目,-,東京都新宿区若葉１－２３－１　,35.683058,139.727453,学習院初等科,私立,小学校,03-3355-2171,2021年4月時点
千代田区,富士見１丁目,-,東京都千代田区富士見１－１－１３　　,35.69866,139.748239,暁星小学校,私立,小学校,03-3261-1510,2021年4月時点
渋谷区,恵比寿２丁目,-,東京都渋谷区恵比寿２－３５－１,35.646746,139.723254,慶應義塾幼稚舎,私立,小学校,03-3441-7221,2021年4月時点
品川区,西大井１丁目,-,東京都品川区西大井１－６－１３,35.602172,139.726167,品川翔英小学校,私立,小学校,03-3774-1151,2021年4月時点
千代田区,九段北２丁目,-,東京都千代田区九段北２－４－１,35.695597,139.744076,白百合学園小学校,私立,小学校,03-3234-6662,2021年4月時点
港区,白金４丁目,-,東京都港区白金４－１１－１　　,35.642381,139.725248,聖心女子学院初等科,私立,小学校,03-3444-7671,2021年4月時点
渋谷区,広尾３丁目,-,東京都渋谷区広尾３－７－１６　,35.655673,139.716988,東京女学館小学校,私立,小学校,03-3400-0861,2021年4月時点
港区,六本木５丁目,六本木,東京都港区六本木５－６－１４,35.660892,139.733952,東洋英和女学院小学部,私立,小学校,03-5411-1322,2021年4月時点
千代田区,六番町,-,東京都千代田区六番町１４－１　,35.686709,139.731593,雙葉小学校,私立,小学校,03-3263-0822,2021年4月時点
渋谷区,渋谷４丁目,-,東京都渋谷区渋谷４－４－２５　,35.660191,139.710283,青山学院中等部,私立,中学校,03-3407-7463,2021年4月時点
港区,元麻布２丁目,-,東京都港区元麻布２－３－２９　,35.654171,139.727721,麻布中学校,私立,中学校,03-3446-6541,2021年4月時点
千代田区,三番町,-,東京都千代田区三番町１２　　　,35.690989,139.74236,大妻中学校,私立,中学校,03-5275-6057,2021年4月時点
新宿区,大久保３丁目,-,東京都新宿区大久保３－６－１　,35.704974,139.702259,海城中学校,私立,中学校,03-3209-5880,2021年4月時点
中央区,日本橋馬喰町２丁目,-,東京都中央区日本橋馬喰町２－７－６　,35.695832,139.784659,開智日本橋学園中学校,私立,中学校,03-3662-2507,2021年4月時点
江東区,東雲２丁目,-,東京都江東区東雲２－１６－１,35.641138,139.797969,かえつ有明中学校,私立,中学校,03-5564-2111,2021年4月時点
新宿区,戸山３丁目,-,東京都新宿区戸山３－２０－１　,35.706821,139.712758,学習院女子中等科,私立,中学校,03-3203-1901,2021年4月時点
千代田区,神田猿楽町２丁目,-,東京都千代田区猿楽町２－３－６,35.699551,139.758062,神田女学園中学校,私立,中学校,03-6383-3751,2021年4月時点
千代田区,富士見１丁目,-,東京都千代田区富士見１－２－５,35.69709,139.747893,暁星中学校,私立,中学校,03-3262-3291,2021年4月時点
千代田区,一ツ橋２丁目,-,東京都千代田区一ツ橋２－６－１,35.693875,139.756378,共立女子中学校,私立,中学校,03-3237-2744,2021年4月時点
港区,三田２丁目,-,東京都港区三田２－１７－１０　,35.648995,139.740215,慶應義塾中等部,私立,中学校,03-5427-1677,2021年4月時点
品川区,西五反田５丁目,-,東京都品川区西五反田５－１４－２　　,35.624558,139.713197,攻玉社中学校,私立,中学校,03-3493-0331,2021年4月時点
千代田区,麹町３丁目,-,東京都千代田区麹町３－８　　　,35.684834,139.738999,麴町学園女子中学校,私立,中学校,03-3263-3011,2021年4月時点
品川区,旗の台６丁目,-,東京都品川区旗の台６－２２－２１　　,35.607709,139.700815,香蘭女学校中等科,私立,中学校,03-3786-1136,2021年4月時点
渋谷区,東１丁目,-,東京都渋谷区東１－１－１１　　,35.656548,139.710325,実践女子学園中学校,私立,中学校,03-3409-1771,2021年4月時点
品川区,西大井１丁目,-,東京都品川区西大井１－６－１３,35.602172,139.726167,品川翔英中学校,私立,中学校,03-3774-1151,2021年4月時点
品川区,北品川３丁目,-,東京都品川区北品川３－３－１２,35.620863,139.739347,品川女子学院中等部,私立,中学校,03-3474-4048,2021年4月時点
港区,芝公園３丁目,虎ノ門,東京都港区芝公園３－５－３７　,35.660347,139.746417,芝中学校,私立,中学校,03-3431-2629,2021年4月時点
江東区,豊洲６丁目,-,東京都江東区豊洲６－２－７　　,35.649293,139.791735,芝浦工業大学附属中学校,私立,中学校,03-3520-8501,2021年4月時点
渋谷区,渋谷１丁目,-,東京都渋谷区渋谷１－２１－１８,35.663688,139.703393,渋谷教育学園渋谷中学校,私立,中学校,03-3400-6363,2021年4月時点
港区,白金台２丁目,-,東京都港区白金台２－２６－５　,35.632035,139.72997,頌栄女子学院中学校,私立,中学校,03-3441-2005,2021年4月時点
千代田区,一番町,-,東京都千代田区一番町２２－１０,35.687717,139.738422,女子学院中学校,私立,中学校,03-3263-1711,2021年4月時点
千代田区,九段北２丁目,-,東京都千代田区九段北２－４－１,35.695597,139.744076,白百合学園中学校,私立,中学校,03-3234-6661,2021年4月時点
新宿区,原町３丁目,-,東京都新宿区原町３－８７　　　,35.69834,139.722757,成城中学校,私立,中学校,03-3341-6141,2021年4月時点
新宿区,富久町,-,東京都新宿区富久町７－３０　　,35.69182,139.716696,成女学園中学校,私立,中学校,03-3351-2330,2021年4月時点
港区,白金４丁目,-,東京都港区白金４－１１－１　　,35.642381,139.725248,聖心女子学院中等科,私立,中学校,03-3444-7671,2021年4月時点
品川区,二葉１丁目,-,東京都品川区二葉１－６－６　　,35.608534,139.728081,青稜中学校,私立,中学校,03-3782-1502,2021年4月時点
港区,高輪２丁目,-,東京都港区高輪２－１－３２　　,35.638488,139.736678,高輪中学校,私立,中学校,03-3441-7201,2021年4月時点
港区,高輪２丁目,-,東京都港区高輪２－２－１６,35.638186,139.735352,東海大学付属高輪台高等学校中等部,私立,中学校,03-3448-4011,2021年4月時点
千代田区,三番町,-,東京都千代田区三番町２２　　　,35.691261,139.741458,東京家政学院中学校,私立,中学校,03-3262-2251,2021年4月時点
渋谷区,広尾３丁目,-,東京都渋谷区広尾３－７－１６　,35.655673,139.716988,東京女学館中学校,私立,中学校,03-3400-0861,2021年4月時点
港区,芝４丁目,-,東京都港区芝４－１－３０　　　,35.649733,139.749412,東京女子学園中学校,私立,中学校,03-3451-0912,2021年4月時点
港区,六本木５丁目,六本木,東京都港区六本木５－１４－４０,35.659145,139.735111,東洋英和女学院中学部,私立,中学校,03-3583-0696,2021年4月時点
江東区,清澄２丁目,-,東京都江東区清澄２－３－１５,35.681351,139.796604,中村中学校,私立,中学校,03-3642-8296,2021年4月時点
港区,南麻布５丁目,-,東京都港区南麻布５－１－１４　,35.654288,139.722376,広尾学園中学校,私立,中学校,03-3444-7271,2021年4月時点
渋谷区,笹塚３丁目,-,東京都渋谷区笹塚３－１９－９　,35.676645,139.666728,富士見丘中学校,私立,中学校,03-3376-1481,2021年4月時点
千代田区,六番町,-,東京都千代田区六番町１４－１　,35.686709,139.731593,雙葉中学校,私立,中学校,03-3261-0821,2021年4月時点
港区,三田４丁目,-,東京都港区三田４－１４－１６　,35.645863,139.741624,普連土学園中学校,私立,中学校,03-3451-4616,2021年4月時点
品川区,旗の台３丁目,-,東京都品川区旗の台３－２－１７,35.605342,139.706395,文教大学付属中学校,私立,中学校,03-3783-5511,2021年4月時点
千代田区,九段北３丁目,-,東京都千代田区九段北３－３－１５　　,35.69456,139.741552,三輪田学園中学校,私立,中学校,03-3263-7801,2021年4月時点
新宿区,中落合４丁目,-,東京都新宿区中落合４－３１－１,35.717648,139.680065,目白研心中学校,私立,中学校,03-5996-3131,2021年4月時点
港区,赤坂４丁目,赤坂,東京都港区赤坂４－１０－３６　,35.674138,139.732463,山脇学園中学校,私立,中学校,03-3585-3911,2021年4月時点
新宿区,馬場下町,-,東京都新宿区馬場下町６２　　　,35.7063,139.719726,早稲田中学校,私立,中学校,03-3202-7674,2021年4月時点
千代田区,九段北１丁目,-,東京都千代田区九段北１－１２－１２　,35.696599,139.748951,和洋九段女子中学校,私立,中学校,03-3262-4161,2021年4月時点
渋谷区,渋谷４丁目,-,東京都渋谷区渋谷４－４－２５　,35.660191,139.710283,青山学院高等部,私立,高等学校,03-3409-3880,2021年4月時点
港区,元麻布２丁目,-,東京都港区元麻布２－３－２９　,35.654171,139.727721,麻布高等学校,私立,高等学校,03-3446-6541,2021年4月時点
千代田区,三番町,-,東京都千代田区三番町１２　　　,35.690989,139.74236,大妻高等学校,私立,高等学校,03-5275-6057,2021年4月時点
新宿区,大久保３丁目,-,東京都新宿区大久保３－６－１　,35.704974,139.702259,海城高等学校,私立,高等学校,03-3209-5880,2021年4月時点
中央区,日本橋馬喰町２丁目,-,東京都中央区日本橋馬喰町２－７－６　,35.695832,139.784659,開智日本橋学園高等学校,私立,高等学校,03-3662-2507,2021年4月時点
江東区,東雲２丁目,-,東京都江東区東雲２－１６－１,35.641138,139.797969,かえつ有明高等学校,私立,高等学校,03-5564-2111,2021年4月時点
新宿区,戸山３丁目,-,東京都新宿区戸山３－２０－１　,35.706821,139.712758,学習院女子高等科,私立,高等学校,03-3203-1901,2021年4月時点
千代田区,神田猿楽町２丁目,-,東京都千代田区猿楽町２－３－６,35.699551,139.758062,神田女学園高等学校,私立,高等学校,03-6383-3751,2021年4月時点
渋谷区,本町３丁目,-,東京都渋谷区本町３－２－２　　,35.687269,139.685203,関東国際高等学校,私立,高等学校,03-3376-2244,2021年4月時点
千代田区,富士見１丁目,-,東京都千代田区富士見１－２－５,35.69709,139.747893,暁星高等学校,私立,高等学校,03-3262-3291,2021年4月時点
千代田区,一ツ橋２丁目,-,東京都千代田区一ツ橋２－２－１,35.693167,139.757222,共立女子高等学校,私立,高等学校,03-3237-2704,2021年4月時点
千代田区,神田錦町３丁目,-,東京都千代田区神田錦町３－１　,35.692567,139.761975,錦城学園高等学校,私立,高等学校,03-3291-3211,2021年4月時点
港区,三田２丁目,-,東京都港区三田２－１７－２３　,35.648149,139.739895,慶應義塾女子高等学校,私立,高等学校,03-5427-1674,2021年4月時点
品川区,西五反田５丁目,-,東京都品川区西五反田５－１４－２　　,35.624558,139.713197,攻玉社高等学校,私立,高等学校,03-3493-0331,2021年4月時点
千代田区,麹町３丁目,-,東京都千代田区麹町３－８　　　,35.684834,139.738999,麴町学園女子高等学校,私立,高等学校,03-3263-3011,2021年4月時点
品川区,旗の台６丁目,-,東京都品川区旗の台６－２２－２１　　,35.607709,139.700815,香蘭女学校高等科,私立,高等学校,03-3786-1136,2021年4月時点
渋谷区,神宮前２丁目,-,東京都渋谷区神宮前２－２－３　,35.673831,139.7148,國學院高等学校,私立,高等学校,03-3403-2331,2021年4月時点
渋谷区,東１丁目,-,東京都渋谷区東１－１－１１　　,35.656548,139.710325,実践女子学園高等学校,私立,高等学校,03-3409-1771,2021年4月時点
品川区,南品川５丁目,-,東京都品川区南品川５－１２－４,35.608555,139.740574,品川エトワール女子高等学校,私立,高等学校,03-3474-2231,2021年4月時点
品川区,西大井１丁目,-,東京都品川区西大井１－６－１３,35.602172,139.726167,品川翔英高等学校,私立,高等学校,03-3774-1151,2021年4月時点
品川区,北品川３丁目,-,東京都品川区北品川３－３－１２,35.620863,139.739347,品川女子学院高等部,私立,高等学校,03-3474-4048,2021年4月時点
港区,芝公園３丁目,虎ノ門,東京都港区芝公園３－５－３７　,35.660347,139.746417,芝高等学校,私立,高等学校,03-3431-2629,2021年4月時点
江東区,豊洲６丁目,-,東京都江東区豊洲６－２－７　　,35.649293,139.791735,芝浦工業大学附属高等学校,私立,高等学校,03-3520-8501 ,2021年4月時点
渋谷区,渋谷１丁目,-,東京都渋谷区渋谷１－２１－１８,35.663688,139.703393,渋谷教育学園渋谷高等学校,私立,高等学校,03-3400-6363,2021年4月時点
港区,白金台２丁目,-,東京都港区白金台２－２６－５　,35.632035,139.72997,頌栄女子学院高等学校,私立,高等学校,03-3441-2005,2021年4月時点
千代田区,一番町,-,東京都千代田区一番町２２－１０,35.687717,139.738422,女子学院高等学校,私立,高等学校,03-3263-1711,2021年4月時点
千代田区,九段北２丁目,-,東京都千代田区九段北２－４－１,35.695597,139.744076,白百合学園高等学校,私立,高等学校,03-3234-6661,2021年4月時点
新宿区,富久町,-,東京都新宿区富久町７－３０　　,35.69182,139.716696,成女高等学校,私立,高等学校,03-3351-2330,2021年4月時点
新宿区,原町３丁目,-,東京都新宿区原町３－８７　　　,35.69834,139.722757,成城高等学校,私立,高等学校,03-3341-6141,2021年4月時点
港区,白金４丁目,-,東京都港区白金４－１１－１　　,35.642381,139.725248,聖心女子学院高等科,私立,高等学校,03-3444-7671,2021年4月時点
港区,芝公園３丁目,虎ノ門,東京都港区芝公園３－１－３６　,35.661035,139.748099,正則高等学校,私立,高等学校,03-3431-0913,2021年4月時点
千代田区,神田錦町３丁目,-,東京都千代田区神田錦町３－１　,35.692567,139.761975,正則学園高等学校,私立,高等学校,03-3295-3011,2021年4月時点
品川区,二葉１丁目,-,東京都品川区二葉１－６－６,35.608534,139.728081,青稜高等学校,私立,高等学校,03-3782-1502,2021年4月時点
港区,高輪２丁目,-,東京都港区高輪２－１－３２　　,35.638488,139.736678,高輪高等学校,私立,高等学校,03-3441-7201,2021年4月時点
江東区,亀戸７丁目,-,東京都江東区亀戸７－６５－１２,35.695823,139.840159,中央学院大学中央高等学校,私立,高等学校,03-5836-7020,2021年4月時点
港区,高輪２丁目,-,東京都港区高輪２－２－１６　　,35.638186,139.735352,東海大学付属高輪台高等学校,私立,高等学校,03-3448-4011,2021年4月時点
千代田区,三番町,-,東京都千代田区三番町２２　,35.691261,139.741458,東京家政学院高等学校,私立,高等学校,03-3262-2251,2021年4月時点
渋谷区,広尾３丁目,-,東京都渋谷区広尾３－７－１６　,35.655673,139.716988,東京女学館高等学校,私立,高等学校,03-3400-0861,2021年4月時点
港区,芝４丁目,-,東京都港区芝４－１－３０　　　,35.649733,139.749412,東京女子学園高等学校,私立,高等学校,03-3451-0912,2021年4月時点
千代田区,神田三崎町１丁目,-,東京都千代田区三崎町１－４－１６,35.701349,139.755852,東洋高等学校,私立,高等学校,03-3291-3824,2021年4月時点
港区,六本木５丁目,六本木,東京都港区六本木５－１４－４０,35.659145,139.735111,東洋英和女学院高等部,私立,高等学校,03-3583-0696,2021年4月時点
江東区,清澄２丁目,-,東京都江東区清澄２－３－１５,35.681351,139.796604,中村高等学校,私立,高等学校,03-3642-8041,2021年4月時点
千代田区,九段南２丁目,-,東京都千代田区九段南２－１－３２　　,35.692527,139.746381,二松學舎大学附属高等学校,私立,高等学校,03-3263-5014,2021年4月時点
品川区,豊町２丁目,-,東京都品川区豊町２－１６－１２　　　,35.60943,139.725348,日本音楽高等学校,私立,高等学校,03-3786-1711,2021年4月時点
港区,南麻布５丁目,-,東京都港区南麻布５－１－１４　,35.654288,139.722376,広尾学園高等学校,私立,高等学校,03-3444-7271,2021年4月時点
渋谷区,笹塚３丁目,-,東京都渋谷区笹塚３－１９－９　,35.676645,139.666728,富士見丘高等学校,私立,高等学校,03-3376-1481,2021年4月時点
千代田区,六番町,-,東京都千代田区六番町１４－１　,35.686709,139.731593,雙葉高等学校,私立,高等学校,03-3261-0821,2021年4月時点
港区,三田４丁目,-,東京都港区三田４－１４－１６　,35.645863,139.741624,普連土学園高等学校,私立,高等学校,03-3451-4616,2021年4月時点
品川区,旗の台３丁目,-,東京都品川区旗の台３－２－１７,35.605342,139.706395,文教大学付属高等学校,私立,高等学校,03-3783-5511,2021年4月時点
品川区,西大井６丁目,-,東京都品川区西大井６－１－２３,35.600364,139.714606,朋優学院高等学校,私立,高等学校,03-3784-2131,2021年4月時点
新宿区,大久保３丁目,-,東京都新宿区大久保３－６－２　,35.706272,139.703183,保善高等学校,私立,高等学校,03-3209-8756,2021年4月時点
千代田区,九段北３丁目,-,東京都千代田区九段北３－３－１５　　,35.69456,139.741552,三輪田学園高等学校,私立,高等学校,03-3263-7801,2021年4月時点
千代田区,四番町,-,東京都千代田区四番町１１　　　,35.688484,139.738977,武蔵野大学附属千代田高等学院,私立,高等学校,03-3263-6551,2021年4月時点
港区,白金台１丁目,-,東京都港区白金台１－２－３７　,35.636443,139.730221,明治学院高等学校,私立,高等学校,03-5421-5011,2021年4月時点
新宿区,中落合４丁目,-,東京都新宿区中落合４－３１－１,35.717648,139.680065,目白研心高等学校,私立,高等学校,03-5996-3131,2021年4月時点
港区,赤坂４丁目,赤坂,東京都港区赤坂４－１０－３６　,35.674138,139.732463,山脇学園高等学校,私立,高等学校,03-3585-3911,2021年4月時点
新宿区,馬場下町,-,東京都新宿区馬場下町６２　　　,35.7063,139.719726,早稲田高等学校,私立,高等学校,03-3202-7674,2021年4月時点
千代田区,九段北１丁目,-,東京都千代田区九段北１－１２－１２　,35.696599,139.748951,和洋九段女子高等学校,私立,高等学校,03-3262-4161,2021年4月時点
千代田区,神田神保町２丁目,-,東京都千代田区神田神保町２－４２,35.696807,139.756583,大原学園高等学校（通信制）,私立,高等学校（通信制）,03-3237-3141,2021年4月時点
渋谷区,富ケ谷２丁目,-,東京都渋谷区富ヶ谷２－１０－７,35.66522,139.686392,東海大学付属望星高等学校（通信制）,私立,高等学校（通信制）,03-3467-8111,2021年4月時点
港区,南麻布５丁目,-,東京都港区南麻布５－６－８,35.653466,139.726904,愛育学園（特別支援学校）（幼・小）,私立,特別支援学校,03-3473-8319,2021年4月時点
品川区,八潮５丁目,-,東京都品川区八潮５－２－１,35.604331,139.753479,明晴学園（幼・小・中）,私立,特区事業認定校,03-6380-6775,2021年4月時点
千代田区,神田駿河台２丁目,-,東京都千代田区神田駿河台2-3,35.700322,139.762404,御茶の水美術学院,私立,各種学校,03-3293-8736,2021年4月時点
千代田区,丸の内３丁目,大丸有,東京都千代田区丸の内3-2-1,35.677626,139.761247,東京会館クッキングスクール,私立,各種学校,03-3215-5111,2021年4月時点
千代田区,五番町,-,東京都千代田区五番町14,35.688946,139.732703,東京中華学校,私立,各種学校,03-3261-5894,2021年4月時点
中央区,日本橋堀留町２丁目,-,東京都中央区日本橋掘留町2-2-9,35.688235,139.78105,アートマスターズスクール,私立,各種学校,03-5652-0633,2021年4月時点
中央区,新川１丁目,-,東京都中央区中央区新川1-15-13,35.677154,139.783169,東京ギャラクシー日本語学校,私立,各種学校,03-6280-5830,2021年4月時点
中央区,築地３丁目,-,東京都中央区築地3-15-1,35.666061,139.771957,東京仏教学院,私立,各種学校,03-3541-1666,2021年4月時点
港区,六本木６丁目,六本木,東京都港区六本木6-16-5,35.658223,139.729793,アメリカン・スクール・イン・ジャパン・アーリーラーニングセンター,私立,各種学校,03-5771-4344,2021年4月時点
港区,赤坂２丁目,赤坂,東京都港区赤坂2-17-47,35.66946,139.738316,一般財団法人霞山会　東亜学院,私立,各種学校,03-5575-6303,2021年4月時点
港区,南麻布２丁目,-,東京都港区南麻布2‐13‐6,35.647241,139.735378,東京インターナショナルスクール,私立,各種学校,03-5484-1160,2021年4月時点
港区,元麻布２丁目,-,東京都港区元麻布2-14-7,35.653621,139.730273,西町インターナショナルスクール,私立,各種学校,03-3451-5520,2021年4月時点
新宿区,若松町,-,東京都新宿区若松町17-18,35.699157,139.714252,合気道学校,私立,各種学校,03-3203-9236,2021年4月時点
新宿区,西新宿１丁目,-,東京都新宿区西新宿1-21-1,35.688381,139.696009,キルビー学院,私立,各種学校,03-3342-6001,2021年4月時点
新宿区,新宿１丁目,-,東京都新宿区新宿1-29-12,35.690573,139.713141,ＫＣＰ地球市民日本語学校,私立,各種学校,03-3356-2359,2021年4月時点
新宿区,市谷左内町,-,東京都新宿区市谷左内町21,35.693386,139.7352,江上料理学院,私立,各種学校,03-3269-0281,2021年4月時点
新宿区,高田馬場２丁目,-,東京都新宿区高田馬場2-9-7,35.71253,139.707959,新宿日本語学校,私立,各種学校,03-5273-0044,2021年4月時点
新宿区,下落合１丁目,-,東京都新宿区下落合1-1-6,35.715292,139.703782,千駄ヶ谷日本語学校,私立,各種学校,03-5337-7001,2021年4月時点
新宿区,新宿１丁目,-,東京都新宿区新宿1-11-11,35.688661,139.713399,東京外語日本語学校,私立,各種学校,03-5361-8260,2021年4月時点
新宿区,若松町,-,東京都新宿区若松町2-1,35.697345,139.72098,東京韓国学校初等部,私立,各種学校,03-3357-6061,2021年4月時点
新宿区,若松町,-,東京都新宿区若松町2-1,35.697345,139.72098,東京韓国学校中・高等部,私立,各種学校,03-3357-6030,2021年4月時点
新宿区,高田馬場４丁目,-,東京都新宿区高田馬場4-23-23,35.709919,139.701468,東京国際大学付属日本語学校,私立,各種学校,03-3371-6121,2021年4月時点
新宿区,北新宿３丁目,-,東京都新宿区北新宿3-22-7,35.703442,139.689821,日本学生支援機構東京日本語教育センター,私立,各種学校,03-3371-7265,2021年4月時点
新宿区,下落合３丁目,-,東京都新宿区下落合3-14-16,35.721718,139.700304,日本聖書神学校,私立,各種学校,03-3951-1101,2021年4月時点
新宿区,高田馬場１丁目,-,東京都新宿区高田馬場1-29-5,35.710468,139.703997,一橋学院早慶外語,私立,各種学校,03-3363-2451,2021年4月時点
江東区,大島１丁目,-,東京都江東区大島1-20-20,35.685795,139.824989,インディア　インターナショナルスクール　イン　ジャパン,私立,各種学校,03-5875-5435,2021年4月時点
江東区,大島３丁目,-,東京都江東区大島3-23-8,35.693615,139.829141,カナン国際教育学院,私立,各種学校,03-5609-3512,2021年4月時点
江東区,白河１丁目,-,東京都江東区白河1-5-15,35.682675,139.8,ケイ･インターナショナルスクール東京,私立,各種学校,03-3642-9992,2021年4月時点
江東区,枝川１丁目,-,東京都江東区枝川1-11-26,35.657038,139.804785,東京朝鮮第2幼初級学校,私立,各種学校,03-3644-1544,2021年4月時点
渋谷区,広尾４丁目,-,東京都渋谷区広尾4-3-1,35.651058,139.720085,聖心インターナショナルスクール,私立,各種学校,03-3400-3951,2021年4月時点
渋谷区,千駄ケ谷５丁目,-,東京都渋谷区千駄ケ谷5-30-16,35.685681,139.704302,東京工学院日本語学校,私立,各種学校,03-3352-3851,2021年4月時点
渋谷区,南平台町,-,東京都渋谷区南平台町16-26,35.654568,139.69469,東京日本語学校,私立,各種学校,03-3463-7261,2021年4月時点
渋谷区,上原３丁目,-,東京都渋谷区上原3-28-18,35.664618,139.674907,ドルトンスクール東京,私立,各種学校,03-3465-4301,2021年4月時点
渋谷区,渋谷１丁目,-,東京都渋谷区渋谷1-21-18,35.663688,139.703393,ブリティッシュ･スクール･イン東京,私立,各種学校,03-5467-4321,2021年4月時点
渋谷区,千駄ケ谷３丁目,-,東京都渋谷区千駄ヶ谷3-10-6,35.678347,139.704593,山野日本語学校,私立,各種学校,03-5772-5112,2021年4月時点
千代田区,西神田２丁目,-,東京都千代田区西神田2-4-10,35.698126,139.754507,大原医療秘書福祉保育専門学校,私立,専修学校,03-3237-8711,2021年4月時点
千代田区,西神田２丁目,-,東京都千代田区西神田2-5-4,35.698404,139.754382,大原法律専門学校,私立,専修学校,03-3237-8711,2021年4月時点
千代田区,西神田１丁目,-,東京都千代田区西神田1-2-10,35.699178,139.756861,大原簿記学校     ,私立,専修学校,03-3237-8711,2021年4月時点
千代田区,神田駿河台２丁目,-,東京都千代田区神田駿河台2-3,35.700322,139.762404,御茶の水美術専門学校,私立,専修学校,03-3291-7400,2021年4月時点
千代田区,神田多町,-,東京都千代田区神田多町2-11,35.693324,139.769361,公益社団法人東京都歯科医師会附属歯科衛生士専門学校,私立,専修学校,03-3252-8221,2021年4月時点
千代田区,神田神保町２丁目,-,東京都千代田区神田神保町2-6-4,35.696672,139.75567,九段観光ビジネス専門学校,私立,専修学校,03-3263-9949,2021年4月時点
千代田区,紀尾井町,赤坂,東京都千代田区紀尾井町7-1,35.684152,139.732754,上智社会福祉専門学校,私立,専修学校,03-3238-3021,2021年4月時点
千代田区,神田駿河台１丁目,-,東京都千代田区神田駿河台1-5-8,35.699136,139.761182,駿台外語アンドビジネス専門学校,私立,専修学校,03-3293-3291,2021年4月時点
千代田区,神田小川町３丁目,-,東京都千代田区神田小川町3-28-12,35.695609,139.763179,駿台電子情報アンドビジネス専門学校,私立,専修学校,03-5259-3411,2021年4月時点
千代田区,神田小川町３丁目,-,東京都千代田区神田小川町3-28,35.695225,139.763161,駿台法律経済アンドビジネス専門学校,私立,専修学校,03-5259-3200,2021年4月時点
千代田区,神田駿河台２丁目,-,東京都千代田区神田駿河台2-5-17,35.700306,139.760453,駿台予備学校,私立,専修学校,03-5259-3111,2021年4月時点
千代田区,神田駿河台１丁目,-,東京都千代田区神田駿河台1-7,35.699084,139.760617,駿台予備学校アカデミー校,私立,専修学校,03-5259-3251,2021年4月時点
千代田区,六番町,-,東京都千代田区六番町1-3,35.688053,139.735647,専修学校河合塾麹町校,私立,専修学校,03-3230-1581,2021年4月時点
千代田区,神田駿河台２丁目,-,東京都千代田区神田駿河台2-11,35.700846,139.758357,専門学校アテネ・フランセ,私立,専修学校,03-3291-3391,2021年4月時点
千代田区,神田小川町３丁目,-,東京都千代田区神田小川町3-28-10,35.695316,139.763283,専門学校お茶の水スクール･オブ･ビジネス,私立,専修学校,03-3291-3831,2021年4月時点
千代田区,内神田２丁目,-,東京都千代田区内神田2-13-13,35.691362,139.768796,専門学校神田外語学院,私立,専修学校,03-3258-5821,2021年4月時点
千代田区,四番町,-,東京都千代田区四番町11,35.688484,139.738977,専門学校東京ビジュアルアーツ,私立,専修学校,03-3221-0202,2021年4月時点
千代田区,富士見２丁目,-,東京都千代田区富士見2-5-13,35.700637,139.745643,専門学校ファッションカレッジ桜丘,私立,専修学校,03-3265-2821,2021年4月時点
千代田区,西神田１丁目,-,東京都千代田区西神田1-3-1,35.699372,139.756852,東京アニメーター学院専門学校,私立,専修学校,03-3237-8711,2021年4月時点
千代田区,神田神保町１丁目,-,東京都千代田区神田神保町1-50,35.698496,139.758035,東京商科・法科学院専門学校,私立,専修学校,03-3294-4091,2021年4月時点
千代田区,神田神保町２丁目,-,東京都千代田区神田神保町2-10-33,35.697018,139.755787,東京情報クリエイター工学院専門学校,私立,専修学校,03-3237-8711,2021年4月時点
千代田区,神田小川町３丁目,-,東京都千代田区神田小川町3-26-1,35.696149,139.762503,東京テクノ･ホルティ園芸専門学校,私立,専修学校,03-3292-0954,2021年4月時点
千代田区,神田駿河台２丁目,-,東京都千代田区神田駿河台2-11,35.700846,139.758357,東京デザイナー学院,私立,専修学校,03-3294-2831,2021年4月時点
千代田区,西神田１丁目,-,東京都千代田区西神田1-2-15,35.698934,139.757279,東京ホテル・トラベル学院専門学校,私立,専修学校,03-3237-8711,2021年4月時点
千代田区,西神田１丁目,-,東京都千代田区西神田1-3-4,35.699341,139.756593,東京理容専修学校,私立,専修学校,03-3293-9871,2021年4月時点
千代田区,神田神保町１丁目,-,東京都千代田区神田神保町1-52-4,35.698081,139.75744,日本ウェルネス保育専門学校,私立,専修学校,03-3219-3271,2021年4月時点
千代田区,神田駿河台１丁目,-,東京都千代田区神田駿河台1-8-13,35.69802,139.76381,日本大学歯学部附属歯科衛生専門学校,私立,専修学校,03-3219-8007,2021年4月時点
千代田区,神田駿河台１丁目,-,東京都千代田区神田駿河台1-8-13,35.69802,139.76381,日本大学歯学部附属歯科技工専門学校,私立,専修学校,03-3219-8007,2021年4月時点
千代田区,九段南４丁目,-,東京都千代田区九段南4-8-21,35.690872,139.737121,山脇美術専門学校,私立,専修学校,03-3264-4020,2021年4月時点
中央区,日本橋小網町,-,東京都中央区日本橋小網町18-3,35.684439,139.779657,北九州予備校東京校,私立,専修学校,03-6206-2511,2021年4月時点
中央区,新川１丁目,-,東京都中央区新川1-10-18,35.677278,139.782183,専門学校東京医療学院,私立,専修学校,03-3552-8511,2021年4月時点
中央区,八丁堀１丁目,-,東京都中央区八丁堀1-11-11,35.677326,139.77772,東京医療福祉専門学校,私立,専修学校,03-3551-5751,2021年4月時点
中央区,日本橋小伝馬町,-,東京都中央区日本橋小伝馬町18-1,35.692392,139.778936,東京英語専門学校,私立,専修学校,03-5820-2191,2021年4月時点
中央区,明石町,-,東京都中央区明石町2-1,35.668872,139.777519,東京ファッション専門学校,私立,専修学校,03-3541-8420,2021年4月時点
港区,西新橋３丁目,虎ノ門,東京都港区西新橋3-24-10,35.661387,139.750927,音響芸術専門学校,私立,専修学校,03-3434-3866,2021年4月時点
港区,西新橋３丁目,虎ノ門,東京都港区西新橋3-25-8,35.664068,139.750535,慈恵看護専門学校,私立,専修学校,03-5400-1284,2021年4月時点
港区,三田３丁目,-,東京都港区三田3-4-28,35.645828,139.743243,聖徳大学幼児教育専門学校,私立,専修学校,03-5476-8811,2021年4月時点
港区,北青山３丁目,-,東京都港区北青山3-5-17,35.666504,139.712323,専門学校青山ファッションカレッジ,私立,専修学校,03-3402-1083,2021年4月時点
港区,赤坂７丁目,赤坂,東京都港区赤坂7-2-29,35.673901,139.730265,タカラ美容専門学校,私立,専修学校,03-3403-7779,2021年4月時点
港区,六本木６丁目,六本木,東京都港区六本木6-4-1,35.661356,139.730124,ハリウッド美容専門学校,私立,専修学校,03-3408-5020,2021年4月時点
新宿区,百人町２丁目,-,東京都新宿区百人町2-6-10,35.704035,139.700444,グレッグ外語専門学校新宿校,私立,専修学校,03-3360-6581,2021年4月時点
新宿区,西新宿１丁目,-,東京都新宿区西新宿1-7-3,35.691585,139.696961,首都医校,私立,専修学校,03-3346-3000,2021年4月時点
新宿区,左門町,-,東京都新宿区左門町5,35.686492,139.719621,新宿医療専門学校,私立,専修学校,03-3352-6811,2021年4月時点
新宿区,西新宿６丁目,-,東京都新宿区西新宿6-5-3,35.693127,139.694288,新宿調理師専門学校 ,私立,専修学校,03-3342-0631,2021年4月時点
新宿区,百人町２丁目,-,東京都新宿区百人町2-5-9,35.703343,139.700314,西武学園医学技術専門学校東京新宿校,私立,専修学校,03-3360-6217,2021年4月時点
新宿区,西新宿７丁目,-,東京都新宿区西新宿7-12-1,35.69358,139.696841,専修学校河合塾新宿校,私立,専修学校,03-3362-6581,2021年4月時点
新宿区,高田馬場１丁目,-,東京都新宿区高田馬場1-24-13,35.711427,139.705057,専修学校早稲田ゼミナール,私立,専修学校,03-3205-1621,2021年4月時点
新宿区,高田馬場４丁目,-,東京都新宿区高田馬場4-4-21,35.712634,139.701825,専修学校早稲田予備学校,私立,専修学校,03-3369-5959,2021年4月時点
新宿区,高田馬場３丁目,-,東京都新宿区高田馬場3-3-19,35.714001,139.70238,専門学校ＥＳＰエンタテインメント東京,私立,専修学校,03-3368-6840,2021年4月時点
新宿区,百人町１丁目,-,東京都新宿区百人町1-5-6,35.698458,139.700877,専門学校東京経理綜合学院,私立,専修学校,03-3200-7311,2021年4月時点
新宿区,高田馬場４丁目,-,東京都新宿区高田馬場4-5-8,35.712955,139.703463,専門学校ミュージシャンズ・インスティテュート東京,私立,専修学校,03-5937-1631,2021年4月時点
新宿区,西早稲田２丁目,-,東京都新宿区西早稲田2-1-27,35.70705,139.716629,専門学校早稲田国際ビジネスカレッジ,私立,専修学校,03-6278-9361,2021年4月時点
新宿区,市谷本村町,-,東京都新宿区市谷本村町2-31,35.690545,139.731762,高山美容専門学校,私立,専修学校,03-3268-1341,2021年4月時点
新宿区,下落合２丁目,-,東京都新宿区下落合2-3-16,35.716878,139.703258,中央理美容専門学校,私立,専修学校,03-3950-8805,2021年4月時点
新宿区,西新宿７丁目,-,東京都新宿区西新宿7-18-12,35.696218,139.696941,東京・iスマートビジネス専門学校,私立,専修学校,03-5937-1261,2021年4月時点
新宿区,下落合１丁目,-,東京都新宿区下落合1-1-8,35.715472,139.704281,東京アニメーションカレッジ専門学校,私立,専修学校,03-3227-0202,2021年4月時点
新宿区,四谷三栄町,-,東京都新宿区四谷三栄町16-12,35.688522,139.725926,東京医療専門学校,私立,専修学校,03-3341-4043,2021年4月時点
新宿区,西新宿６丁目,-,東京都新宿区西新宿6-11-1,35.695058,139.689815,東京栄養専門学校,私立,専修学校,03-3342-3661,2021年4月時点
新宿区,西新宿７丁目,-,東京都新宿区西新宿7-3-8,35.69615,139.699043,東京外語専門学校,私立,専修学校,03-3367-1101,2021年4月時点
新宿区,高田馬場１丁目,-,東京都新宿区高田馬場1-34-13,35.711863,139.704148,東京家政専門学校,私立,専修学校,03-3209-8488,2021年4月時点
新宿区,百人町２丁目,-,東京都新宿区百人町2-26-10,35.704231,139.695,東京眼鏡専門学校,私立,専修学校,03-3360-7046,2021年4月時点
新宿区,市谷田町３丁目,-,東京都新宿区市谷田町3-21,35.69673,139.737979,東京観光専門学校,私立,専修学校,03-3235-2228,2021年4月時点
新宿区,新宿１丁目,-,東京都新宿区新宿1-11-7,35.6886,139.713124,東京国際福祉専門学校,私立,専修学校,03-3352-9280,2021年4月時点
新宿区,高田馬場１丁目,-,東京都新宿区高田馬場1-14-1,35.708999,139.706196,東京製菓学校,私立,専修学校,03-3200-7171,2021年4月時点
新宿区,西新宿７丁目,-,東京都新宿区西新宿7-11-11,35.694334,139.697717,東京調理製菓専門学校,私立,専修学校,03-3363-9181,2021年4月時点
新宿区,高田馬場２丁目,-,東京都新宿区高田馬場2-11-10,35.713667,139.707796,東京デザインテクノロジーセンター専門学校,私立,専修学校,03-3205-3611,2021年4月時点
新宿区,下落合１丁目,-,東京都新宿区下落合1-2-4,35.715693,139.703854,東京美容専門学校,私立,専修学校,03-3360-6061,2021年4月時点
新宿区,百人町１丁目,-,東京都新宿区百人町1-13-16,35.699414,139.699227,東京マルチメディア専門学校,私立,専修学校,03-3371-2226,2021年4月時点
新宿区,西新宿１丁目,-,東京都新宿区西新宿1-7-3,35.691585,139.696961,東京モード学園,私立,専修学校,03-3344-6000,2021年4月時点
新宿区,西早稲田２丁目,-,東京都新宿区西早稲田2-18-12,35.710509,139.710652,東京YMCA国際ホテル専門学校,私立,専修学校,03-3202-7480,2021年4月時点
新宿区,西新宿５丁目,-,東京都新宿区西新宿5-25-8,35.690283,139.684717,東放学園映画専門学校,私立,専修学校,03-5333-5080,2021年4月時点
新宿区,西新宿４丁目,-,東京都新宿区西新宿4-5-2,35.689335,139.68379,東放学園高等専修学校,私立,専修学校,03-3378-7505,2021年4月時点
新宿区,百人町１丁目,-,東京都新宿区百人町1-4-4,35.699981,139.701423,東洋鍼灸専門学校,私立,専修学校,03-3209-5436,2021年4月時点
新宿区,富久町,-,東京都新宿区富久町2-6,35.692447,139.718178,東洋美術学校,私立,専修学校,03-3359-7421,2021年4月時点
新宿区,揚場町,-,東京都新宿区揚場町2-28,35.702168,139.742979,"独立行政法人地域医療機能推進機構
東京新宿メディカルセンター附属看護専門学校",私立,専修学校,03-3260-6291,2021年4月時点
新宿区,百人町３丁目,-,東京都新宿区百人町3-22-8,35.704909,139.698277,"独立行政法人地域医療機能推進機構
東京山手メディカルセンター附属看護専門学校",私立,専修学校,03-3364-1565,2021年4月時点
新宿区,高田馬場１丁目,-,東京都新宿区高田馬場1-18-18,35.711327,139.706157,日本医学柔整鍼灸専門学校,私立,専修学校,03-3208-7741,2021年4月時点
新宿区,高田馬場１丁目,-,東京都新宿区高田馬場1-32-15,35.710392,139.703531,日本児童教育専門学校,私立,専修学校,03-3207-5311,2021年4月時点
新宿区,百人町１丁目,-,東京都新宿区百人町1-25-4,35.698389,139.698119,日本電子専門学校,私立,専修学校,03-3363-7761,2021年4月時点
新宿区,高田馬場１丁目,-,東京都新宿区高田馬場1-21-12,35.709662,139.70414,日本美容専門学校,私立,専修学校,03-3200-0813,2021年4月時点
新宿区,高田馬場２丁目,-,東京都新宿区高田馬場2-16-3,35.713715,139.705726,日本福祉教育専門学校,私立,専修学校,03-3205-1611,2021年4月時点
新宿区,高田馬場１丁目,-,東京都新宿区高田馬場1-24-22,35.711794,139.705716,日本フラワーデザイン専門学校,私立,専修学校,03-3200-8717,2021年4月時点
新宿区,西新宿１丁目,-,東京都新宿区西新宿1-7-3,35.691585,139.696961,ＨＡＬ東京,私立,専修学校,03-3344-1010,2021年4月時点
新宿区,百人町１丁目,-,東京都新宿区百人町1-5-7,35.698639,139.700873,ファッションビジネスカレッジ東京,私立,専修学校,03-3209-1521,2021年4月時点
新宿区,大久保３丁目,-,東京都新宿区大久保3-14-20,35.707834,139.708359,へレン・ケラー学院,私立,専修学校,03-3200-0525,2021年4月時点
新宿区,歌舞伎町２丁目,-,東京都新宿区歌舞伎町2-42-5,35.697728,139.701088,真野美容専門学校    ,私立,専修学校,03-3209-3811,2021年4月時点
新宿区,須賀町,-,東京都新宿区須賀町３,35.686806,139.721884,マリールイズ美容専門学校,私立,専修学校,03-3357-6621,2021年4月時点
新宿区,下落合３丁目,-,東京都新宿区下落合3-17-42,35.721703,139.703752,目白ファッション＆アートカレッジ,私立,専修学校,03-3951-3958,2021年4月時点
新宿区,西早稲田２丁目,-,東京都新宿区西早稲田2-4-6,35.708473,139.716289,早稲田医学院歯科衛生士専門学校 ,私立,専修学校,03-3204-4751,2021年4月時点
新宿区,高田馬場１丁目,-,東京都新宿区高田馬場1-23-9,35.711019,139.704996,早稲田外語専門学校,私立,専修学校,03-3208-8801,2021年4月時点
新宿区,大久保３丁目,-,東京都新宿区大久保3-4-1,35.705796,139.708355,早稲田大学芸術学校,私立,専修学校,03-5286-3911,2021年4月時点
新宿区,西早稲田２丁目,-,東京都新宿区西早稲田2-20-7,35.70904,139.709534,早稲田美容専門学校,私立,専修学校,03-5291-7731,2021年4月時点
江東区,東陽３丁目,-,東京都江東区東陽3-3-1,35.668879,139.80923,江東服飾高等専修学校,私立,専修学校,03-3645-9891,2021年4月時点
江東区,大島３丁目,-,東京都江東区大島3-4-7,35.692636,139.8263,秀林外語専門学校,私立,専修学校,03-3638-7511,2021年4月時点
江東区,亀戸２丁目,-,東京都江東区亀戸2-28-5,35.699521,139.824559,専門学校読売自動車大学校,私立,専修学校,03-3685-6761,2021年4月時点
江東区,亀戸２丁目,-,東京都江東区亀戸2-18-11,35.697716,139.824004,東京服装文化学院,私立,専修学校,03-3681-0261,2021年4月時点
江東区,東陽２丁目,-,東京都江東区東陽2-2-15,35.667121,139.816143,東京ＹＭＣＡ社会体育・保育専門学校,私立,専修学校,03-3615-5577,2021年4月時点
江東区,塩浜２丁目,-,東京都江東区塩浜2-22-10,35.664779,139.813747,臨床福祉専門学校,私立,専修学校,03-5653-1711,2021年4月時点
品川区,東大井４丁目,-,東京都品川区東大井4-12-10,35.605669,139.739013,池見東京医療専門学校,私立,専修学校,03-3764-5411,2021年4月時点
品川区,西品川１丁目,-,東京都品川区西品川1-28-3,35.609268,139.727762,品川介護福祉専門学校,私立,専修学校,03-5498-6364,2021年4月時点
品川区,旗の台１丁目,-,東京都品川区旗の台1-2-26,35.610008,139.704238,昭和大学医学部附属看護専門学校,私立,専修学校,03-3784-8097,2021年4月時点
品川区,南品川３丁目,-,東京都品川区南品川3-7-12,35.606949,139.744805,専門学校東京工科自動車大学校品川校,私立,専修学校,03-5479-8811,2021年4月時点
品川区,南品川６丁目,-,東京都品川区南品川6-10-5,35.60977,139.736263,東京健康科学専門学校,私立,専修学校,03-3450-1711,2021年4月時点
品川区,大井１丁目,-,東京都品川区大井1-48-11,35.605408,139.732908,東京マックス美容専門学校,私立,専修学校,03-3774-1551,2021年4月時点
品川区,上大崎４丁目,-,東京都品川区上大崎4-6-19,35.631607,139.715541,ドレスメーカー学院,私立,専修学校,03-3491-8151,2021年4月時点
品川区,上大崎２丁目,-,東京都品川区上大崎2-19-6,35.637003,139.714574,日本書道専門学校,私立,専修学校,03-3490-2722,2021年4月時点
品川区,大崎４丁目,-,東京都品川区大崎4-5-20,35.620133,139.722545,宮川文化服装専門学校,私立,専修学校,03-3491-2333,2021年4月時点
渋谷区,鴬谷町,-,東京都渋谷区鶯谷町7-9,35.654002,139.701697,青山製図専門学校,私立,専修学校,03-3463-0901,2021年4月時点
渋谷区,神泉町,-,東京都渋谷区神泉町2-2,35.658034,139.693491,国際文化理容美容専門学校渋谷校,私立,専修学校,03-3462-1447,2021年4月時点
渋谷区,渋谷１丁目,-,東京都渋谷区渋谷1-21-7,35.663642,139.703702,渋谷ファッション＆アート専門学校,私立,専修学校,03-3409-2661,2021年4月時点
渋谷区,渋谷１丁目,-,東京都渋谷区渋谷1-21-10,35.663389,139.703623,住田美容専門学校,私立,専修学校,03-3409-6752,2021年4月時点
渋谷区,千駄ケ谷３丁目,-,東京都渋谷区千駄ヶ谷3-62-3,35.673108,139.703696,専修学校代々木ゼミナール造形学校,私立,専修学校,03-3405-4751,2021年4月時点
渋谷区,代々木２丁目,-,東京都渋谷区代々木2-25-7,35.685569,139.698805,専修学校代々木ゼミナール本部校,私立,専修学校,03-3379-5221,2021年4月時点
渋谷区,恵比寿４丁目,-,東京都渋谷区恵比寿4-19-25,35.643898,139.71293,専門学校エビスビューティカレッジ,私立,専修学校,03-3441-5555,2021年4月時点
渋谷区,神南１丁目,-,東京都渋谷区神南1-4-17,35.665355,139.700043,専門学校桑沢デザイン研究所,私立,専修学校,03-3463-2431,2021年4月時点
渋谷区,渋谷１丁目,-,東京都渋谷区渋谷1-6-8,35.660962,139.705239,専門学校清水とき・きものアカデミア,私立,専修学校,03-3400-0286,2021年4月時点
渋谷区,千駄ケ谷１丁目,-,東京都渋谷区千駄ヶ谷1-8-17,35.678327,139.711065,専門学校東京クールジャパン,私立,専修学校,03-3401-9701,2021年4月時点
渋谷区,代々木１丁目,-,東京都渋谷区代々木1-56-1,35.684431,139.701652,専門学校東京スクール・オブ・ビジネス,私立,専修学校,03-3370-2222,2021年4月時点
渋谷区,恵比寿南３丁目,-,東京都渋谷区恵比寿南3-1-5,35.645612,139.706805,専門学校東京声優・国際アカデミー,私立,専修学校,03-3719-0811,2021年4月時点
渋谷区,本町６丁目,-,東京都渋谷区本町6-21-7,35.681119,139.679931,専門学校東洋公衆衛生学院,私立,専修学校,03-3376-8511,2021年4月時点
渋谷区,桜丘町,-,東京都渋谷区桜丘町4-16,35.654551,139.703943,専門学校日本デザイナー学院                           ,私立,専修学校,03-3770-5581,2021年4月時点
渋谷区,神宮前５丁目,-,東京都渋谷区神宮前5-29-2,35.664453,139.703373,専門学校ヒコ・みづのジュエリーカレッジ,私立,専修学校,03-3499-0350,2021年4月時点
渋谷区,桜丘町,-,東京都渋谷区桜丘町23-１8,35.655917,139.69991,専門学校ビジョナリーアーツ,私立,専修学校,03-5728-4500,2021年4月時点
渋谷区,千駄ケ谷５丁目,-,東京都渋谷区千駄ヶ谷5-19-9,35.682565,139.703862,専門学校ミューズ音楽院,私立,専修学校,03-3341-6607,2021年4月時点
渋谷区,代々木１丁目,-,東京都渋谷区代々木1-31-2,35.681947,139.702517,専門学校ミューズモード音楽院,私立,専修学校,03-3375-6435,2021年4月時点
渋谷区,渋谷１丁目,-,東京都渋谷区渋谷1-20-5,35.66321,139.704426,東京サイクルデザイン専門学校,私立,専修学校,03-3499-0655,2021年4月時点
渋谷区,渋谷２丁目,-,東京都渋谷区渋谷2-19-21,35.65978,139.70477,東京スクールオブミュージック専門学校渋谷,私立,専修学校,03-5766-5181,2021年4月時点
渋谷区,渋谷１丁目,-,東京都渋谷区渋谷1-24-6,35.660761,139.702014,東京ダンス・俳優＆舞台芸術専門学校,私立,専修学校,03-5468-8982,2021年4月時点
渋谷区,千駄ケ谷３丁目,-,東京都渋谷区千駄ヶ谷3-62-8,35.673538,139.703822,東京デザイン専門学校,私立,専修学校,03-3497-0701,2021年4月時点
渋谷区,本町４丁目,-,東京都渋谷区本町4-20-7,35.688182,139.679134,東放学園音響専門学校,私立,専修学校,03-3299-7981,2021年4月時点
渋谷区,桜丘町,-,東京都渋谷区桜丘町4-16,35.654551,139.703943,日本写真芸術専門学校,私立,専修学校,03-3770-5585,2021年4月時点
渋谷区,桜丘町,-,東京都渋谷区桜丘町20-1,35.655191,139.700871,日本柔道整復専門学校,私立,専修学校,03-3461-4740,2021年4月時点
渋谷区,桜丘町,-,東京都渋谷区桜丘町20-1 ,35.655191,139.700871,日本鍼灸理療専門学校,私立,専修学校,03-3461-4787,2021年4月時点
渋谷区,広尾４丁目,-,東京都渋谷区広尾4-1-3,35.653689,139.719238,日本赤十字社助産師学校　,私立,専修学校,03-3400-1311,2021年4月時点
渋谷区,千駄ケ谷５丁目,-,東京都渋谷区千駄ヶ谷5-7-3,35.68168,139.706261,日本デザイン福祉専門学校,私立,専修学校,03-3356-1501,2021年4月時点
渋谷区,千駄ケ谷５丁目,-,東京都渋谷区千駄ケ谷5-25-4,35.684882,139.703383,服部栄養専門学校,私立,専修学校,03-3356-7171,2021年4月時点
渋谷区,代々木３丁目,-,東京都渋谷区代々木3-22-1,35.685606,139.693857,文化外国語専門学校,私立,専修学校,03-3299-2011,2021年4月時点
渋谷区,代々木３丁目,-,東京都渋谷区代々木3-22-1,35.685606,139.693857,文化服装学院,私立,専修学校,03-3299-2211,2021年4月時点
渋谷区,神宮前３丁目,-,東京都渋谷区神宮前3-26-1,35.670952,139.708757,べルエポック美容専門学校,私立,専修学校,03-3423-9090,2021年4月時点
渋谷区,松涛２丁目,-,東京都渋谷区松濤2-16-5,35.658075,139.69038,ヤマザキ動物専門学校,私立,専修学校,03-5454-1101,2021年4月時点
渋谷区,円山町,-,東京都渋谷区円山町28-5,35.655749,139.694299,山手調理製菓専門学校,私立,専修学校,03-5456-0777,2021年4月時点
渋谷区,代々木１丁目,-,東京都渋谷区代々木1-53-1,35.684186,139.699952,山野美容専門学校,私立,専修学校,03-3379-0111,2021年4月時点
